-1.13784842923175,0.143066180911991,-1.59765276798739,0.459892969055657,0.196640125355214
-1.13716236188892,0.267798028813423,0.952431931207992,-1.04475971826559,-0.114465819439415
-0.770589898844524,-0.0935602345227478,0.439532559914269,-0.920940728009371,0.378442540535011
-0.562403287156683,-1.67108235505378,0.459447887398802,-0.0493946527567893,1.42113510851606
-1.4687439499362,1.10651177500258,-1.89689125062855,-0.125717270888967,1.6396043371803
-3.2595320696341e-09,-3.86334863150595e-09,-2.78104325699921e-09,-2.67576787981774e-09,-3.11377313368013e-09
1.06869761347667,-1.36318478868625,-0.747874588683333,-0.531515367189751,-1.21650468577349
-0.365138266515327,0.887070559631289,-1.06290534931622,-0.695925139883257,0.404387520312025
-0.57666677678418,-0.450732403090016,0.0851328744492011,-0.0106318903732135,0.530094649954596
-0.0907278044118518,0.105351779614911,-1.14103423407099,-0.712448556800687,0.756186982572208
-0.212372803488811,0.34607610538805,-1.12152468716044,-1.52030964237215,0.943103116472888
-0.917590052535321,1.4601324706799,-0.473244449953435,0.0104456071071158,-1.73836022750261
-0.155558369531323,-1.49000751103844,0.842993451122098,-0.785582117351759,0.11950084629506
-1.99000423052081,1.10848628933959,1.39362956402045,0.718364107322666,-1.3636898631103
-0.386542631762839,1.28852822220779,-1.36649007404845,-0.303186729280443,-0.591613776840506
-2.36008207544913,-1.72529858787196,-10.2439828498249,12.0800064384972,-27.7977859300714
-1.10627828644487,1.27688798953003,0.00213105225037308,-0.960115322835446,0.872344485358163
1.53308526071369,1.38434471976496,-2.22291990955638,-0.560302470958328,-0.694992731879442
-1.30027032128056,0.539332858233489,0.13665054042603,-0.98881301643798,0.949817348111463
0.810390747530035,-1.0691446212419,1.09866423194479,-1.629432832737,-0.922956801124841
0.442421752575678,-0.50239060638172,0.870471310411849,-2.75028460579082,1.35328213538067
-1.71698552288397,1.0698943302807,0.595767727793842,-0.369434191340586,-1.28302020232129
-0.979483506808476,-1.62848565344965,-0.0296177624397685,1.02473833651701,0.469238249158151
-1.59880982503934,1.43383822265397,0.0901945236868492,-1.17683851947319,0.623086620418375
1.00345292015818e-09,-8.7550088946158e-10,-1.06726382190745e-09,9.20046591544135e-10,-3.47888952453966e-09
-353.211488338217,0.984700089830357,-0.241691488853567,0.323381985085535,-0.479573128828164
1.47071771065986,1.44471279997404,-1.02347312304208,-1.99468409917637,-1.33958201880671
-1.30669972372058,1.52860446890974,-0.662212006898608,-1.24871001404424,1.62840554452454
-1.16674777110002,-1.25348128607844,1.01163785964028,1.34154641696074,-0.936045870869471
-2.03457944534004,-0.854864390123081,-0.582242068902825,1.29382766685831,0.536909184709689
-1.01569131015474,-1.11342537350453,1.21113470560329,0.45172189359436,0.1853994809295
-0.952644849658072,-2.40629471857939,-2.12959206337813,-2.95961156148392,-1.84563002866755
-2.03028422626809e-09,-3.50883327063504e-09,-1.95610664099693e-09,-3.38429648485826e-09,-3.12109987265591e-09
-0.0126621620782558,1.30652654858182,-0.976258491569284,-0.474635358172647,-0.592020237263242
-0.0928794369229292,-1.15970258303482,-1.06564565717329,-1.17742367019757,0.681828725997097
-2.83995069714949e-09,-3.09114472776075e-09,-2.51748803618295e-09,-1.7824668524216e-09,-3.69745806543724e-09
0.181406447394488,0.430924995528828,0.338051034659304,-0.454848009773345,-0.790364396439704
-0.00935060733732898,-0.790629353715919,0.897617529000759,0.813816661814078,-1.60108939706129
-0.079270405423879,-0.940894950650095,-0.123103916191508,-0.361514418638955,1.10520454690386
1.0779704670864,0.853221638678376,-0.74742298759907,-0.78424879357451,0.0687448016762335
-171.666578555365,-1.35980267473992,-78.6474715216199,-209.438816939393,-38.1546069252819
-126.790133219427,-2.93011261040019,-1.67294629431852,2.26677532382507,-2.10991500069424
0.187752173132683,-1.71932263513229,0.150444818356832,1.25236147632645,-0.321648070287869
1.37324132280799,0.723295288718858,-1.85288610233479,0.641332674744293,-0.823988960059635
0.79090713033772,-0.367590173801202,0.124441217978496,-0.342159924292887,-0.462895506922227
-1.60307304274841,-0.0699867633539399,-1.35972662486343,0.68580157579857,0.8411983150813
1.20941543199995,-0.147033659559587,-0.352602972494862,-1.15379026026565,-0.489840539439328
0.518003771290804,-2.63795566727131,-0.714156914345217,0.92648089170356,0.846035409558333
0.427546580516312,-0.359409018417573,-1.70319083291287,0.0566776019111673,0.680891258936369
0.482682498142947,-0.621805770786777,0.510761234446,0.837366291034555,-1.73635173186528
0.357153691876053,-0.669095833236058,-1.91164760552592,0.753300307289434,1.74250199043911
-1.58294506272047,-1.11718804234153,-0.785203811571617,-0.75062426388644,-53.5895109233031
0.651382986386384,-1.35651710930354,1.59385652486521,-1.25346736488835,-0.48185166752187
1.25688877934074,-0.939326743105329,-1.61175295210127,0.626396459028384,0.242530703356789
-2.17041246209251,37.964407464136,-13.201679109424,-1.42674285280474,-6.39057134155023
-0.282335649293203,-0.143684527595824,0.156402009274387,-0.558710293938287,0.219756643367778
-1.10809823542957,-1.88191026326566,0.746839706595753,0.924191781526793,0.271287646821199
-0.5872715090362,0.612494696591635,1.04616101181313,-0.828796249232938,-0.632756110932403
-2.70193353075967,0.683987879393531,-0.865966984520034,0.967613551047183,1.6623765892629
1.14293002599817,0.6148145014339,-0.462152544670807,-0.139065658214217,-1.83778549313061
0.197030466272534,0.77936215139816,-2.15843358511638,1.1021944137559,-1.00058742906206
0.527980688301666,-12.3709665933896,-10.7503701952529,-0.279638043562886,-99.8520201677286
2.46041688690805,41.8424316484665,-5.33007857858343,-0.472076540044151,2.64294839818214
-1.25442278319425,-1.51919188299762,-0.972633479318805,1.3820375156031,0.334868653123075
-1.52445412433105,-0.752507099051863,0.957780641690775,-1.16505834390797,1.09956619597991
1.10697050950001,-0.294081360311971,-0.258862524550262,-0.935044051622663,-1.24832948876638
0.824793403556679,0.113988274943464,-0.754320064814334,0.0406464611616299,-1.02689661709998
1.16232642131794,-0.486711395833211,-0.692825933772274,0.444323244632417,-0.639154321601482
0.331556934241541,1.00540237226172,-0.161907020758549,-0.841572364450604,-0.77133299481272
-2.18214289740018,0.40119118006131,1.63776629800129,-0.269999806597121,-0.752670125703562
-0.00308597532208607,0.00254002477008915,-0.00241947207345653,0.00821523824833736,0.000451924523006785
0.713080277185127,-0.0356491439426737,-1.13210330233123,0.220325225442436,-0.684983464758837
-0.0456675776743868,0.176831174802154,0.0831477739386243,-0.0949317984851209,-0.957580148161559
0.739896234594405,-0.850772605514428,1.67312318557189,-2.82501976739218,0.660353875967762
-0.960444715136028,0.278652733554732,-2.01109634130424,0.0270191765642133,1.37445505860476
0.178762861298269,0.0355873081626432,-0.0562075400132815,0.00796150596009165,-0.149081764308909
-1.12382213126486,0.231168221223838,0.341619096494385,0.250543958652525,-0.437558409066709
0.824580959560701,0.25636720804462,1.06208837351944,-0.639563946966232,-2.16004072896861
0.441787295499852,-0.226376388233062,-0.333157065311444,-2.51766424716,0.348754236727112
-0.486528671290955,0.233567752637631,-0.243635932302245,0.274439936334237,-0.0598186714019094
-10.5284284493131,-0.77031390999195,-1.40671909864313,-0.727642963987476,-1.40796275500739
-1.09487822028671,0.941967602808903,0.509621615692721,-1.40678788865179,1.03848319937626
-2.54988516435722,-0.645142185141878,-0.637117486999746,-0.670444355190735,-0.134347022900041
1.62481388547436,1.44273178474264,-1.07883123011965,-1.68175980893449,0.707607948794213
0.131497165466177,-0.249604252819004,0.428670684864726,-0.536079806128448,-0.941716844826752
1.35957939307262,1.37199424020837,-0.807838481907627,-1.1076790866404,0.8936157802865
-1.59940832498894,-0.772360862370925,-1.54649942228093,0.128781850952592,1.37158738220778
-0.422189578344752,0.828059200459049,1.34920401041161,-2.74021403216342,-0.0567329888981138
-2.77504772964595,0.14389727245924,1.2543601464544,-1.38968017017859,1.67629363261022
0.59911387298972,-0.16716750468798,-0.870017477159528,-0.589107096374579,0.769472409436951
-0.625499161414396,-1.16502141989292,0.804369320240816,1.53409929876038,-1.90395865532851
-0.98356859433494,0.599352531588843,1.12894465449289,-0.781336389337345,-1.29111882289411
-0.870097467315013,-1.53625988443126,1.15753070718495,0.91131422898255,0.57081372502677
1.60592912821599,0.942912867052391,-1.91314782785685,1.34960181367761,-1.59295660216529
-2.54407128021562,-1.63493205343611,-7.73939624647294,-0.360229302557742,-20.8244407283575
-1.05394407366026,0.598369920864895,1.33869129006319,0.289756787199515,-1.04273321959897
-3.00420504726273,1.60687259801589,0.309320161912161,1.99607498434367,-2.00183236527889
0.820856776078361,-0.254137718802684,-0.126846624555133,-2.02007858036488,0.985064154113669
0.144524975204866,0.246783478133195,-0.0403118477378653,0.471956449568264,-0.783988993421889
-0.528385064444925,-0.0396003968484779,-0.340533888621692,0.419154965982471,0.229335937709496
-0.404853442284492,0.442800778481893,-0.835070427354084,-0.123607452774194,0.199456485221878
-0.780106771378727,0.523615638719699,-2.20286872189771,1.73754550446605,0.655171688013751
-0.115027645699861,1.11794311904729,-0.194940799234931,1.23584545867843,-1.6520654374647
-0.891173710783127,0.448455604871372,0.440566214450773,-0.586447850404155,0.352830905709771
-1.50304850689894,-0.320219362090379,-0.0575053817627064,1.18219138657216,0.0850292356461976
-1.04181746424221,-0.589938559626028,0.196065089738533,0.573795223078015,-0.258142542352393
0.290330045464002,0.402175616941083,-1.10237416990428,0.242093330580428,-0.249108759638874
-0.0794476935710382,-0.0986175992105497,-0.0154318512016845,-0.0148372076060193,-0.00566992968358308
-3.10147228243964,1.05742927750101,1.52267602370702,2.05798195852235,-2.19442784623738
-0.622020653317608,0.195893616080585,-0.0762521011749776,0.171744018820592,-0.661853677784061
0.74864810443386,0.241642790337615,0.615043735560395,-2.52802033804308,0.295979833035875
0.558607330727943,1.22172843736273,-1.00241180192633,-1.86204853959655,-0.855435068354003
0.285505324954299,1.20283656781822,1.27077178850496,-1.8966649550421,-0.865373347355798
-0.670224210959426,0.862459177061844,-1.59747446828343,1.18442920254628,-0.67508578172566
0.324850048759749,-0.0174020017870824,0.235564481263858,-0.647335846155819,-0.406371090299284
-31.7827949265433,-10.916537369227,6.22843452408735,0.880641774055419,-1.42489902562396
1.01697573087889,0.244229415225572,1.06799382731696,-2.70160206304475,0.209665920886136
-1.40293019642201,0.922288056589831,1.15638590502145,0.725098745571612,-1.39657683602452
-2.78059178915845,0.0917782858653403,-0.377778706915591,1.604277045758,1.17840912894374
-1.01683448679043,-1.02537703316978,-1.74800839758576,1.60716486632028,0.865726586159725
-0.293392944180384,0.522823022954246,0.0482555581220542,-0.133774290655544,-0.90526580258751
-42.8671852592788,-1.70606881818946,-61.6980929321584,-2.02901053733531,-18.421657361765
-1.00945289985161,-0.515813161815188,0.985472518727665,-0.0729614666878062,-0.0361585992084868
1.82970486870535,-2.44883335863251,-1.55233174822348,-2.9332607549688,-3.02290117105488
0.224097964711322,-1.76442532813171,1.40355067605948,-0.608041766073658,0.0526380075777316
0.181208910280664,0.850979269040916,-1.50347733825206,1.60048255377966,-1.22113901497622
-0.480845583439648,-0.608386042301266,-0.448011039769006,-0.164465570931905,1.04790729976663
-0.495019213577125,-0.426417779172809,0.669460685497142,-1.2777221373768,0.366911964612121
-0.698894543479436,-0.664843238785859,-1.26389731629459,-1.17468906855093,1.45514493142206
1.24472987709249,-0.224853370664741,0.307588559895405,-1.54116281755494,-1.42101766755996
-0.521983771074448,-0.435507695378078,0.887714446922864,0.117441562841671,-0.0729162071162676
0.796784337920808,-0.571257503445064,0.141911961741147,1.1640051973378,-1.01018877472069
-0.0393489844354225,0.0391489939663011,-1.42945706545953,-0.109507232866724,0.452741390842431
-1.03872858336949,1.11250788727006,1.03735695751158,-0.0488522635297393,-1.33280240194029
-0.191940646182164,-0.510827557729009,0.322652252125686,1.17927467220212,-1.33098498413045
-0.873339868798256,-0.451388930369104,-0.431132128322759,1.35711957156637,-1.55817951205311
-0.355490264104651,1.26841216817031,-1.1899053740834,1.26383816235279,-0.6139702127341
-0.180413873155639,0.799891569960436,-1.54566678378178,0.82674878525824,-1.19967972668355
1.41984511118133,0.48028152383969,-1.13600572856864,-1.03141644551914,1.09684373244179
0.506745753420503,-0.847666854662781,-0.247620307886707,-0.508962801665561,0.415537101691157
0.345995874178817,-0.298707438488762,-0.240663676453363,-0.922153461550849,0.419155803674601
1.36762291877068,0.893002012292345,0.177097361935715,-1.48906871265415,-1.13869957114168
-0.801329774287569,-3.87280298441801,-0.39785395411543,-1.65071816508557,-1.63998250052205
-1.28326409407333,1.35977952313039,0.39811761155583,-1.43078561731817,-0.807007113162448
-0.42609228034963,0.23589487649717,-0.805316663546716,0.271575142873547,-0.220281141540968
-0.318537414214974,-0.0225753153079071,0.712879031415749,-2.82785638864596,1.8500904294538
0.127261290945146,-0.213377394530895,-1.01794597433697,1.31045587685493,-0.960449558878341
-2.19586577272478,-1.27209193691924,1.51429914020576,1.79345597448234,-0.91003893704259
1.25061134975181,-0.677619281054182,0.0439024640771258,-0.406053002225439,-1.36363970050294
-1.3675912799995,0.790086946220156,-0.147908700074064,0.405174359113114,0.814518490797318
-0.32043220473457,0.952753698163184,-0.449746169985581,-0.34697207091557,-0.725130552713156
1.07942632271569,-0.746905724768698,0.345872765296056,-1.12969006276511,-1.37764604423504
1.69468145244421,-1.01901247470422,1.80971404308268,-2.82165616085799,-0.939881003848131
-3.08848278846795,-0.11794533058278,-6.34170878280412,2.52147767907376,-0.904962243640737
0.182058475432252,0.0747229182747906,-0.630167986607008,0.368469225851445,-0.626140908730137
-2.31043163365534,-1.05932080232225,0.823299873583002,0.216650902308526,1.76907888407307
-0.938055255122821,-0.930134196484561,-0.535981280165394,0.987637469250171,0.273640055043576
1.2758647912422,0.346326051658839,-0.229670712797703,-1.22182951961196,0.899195239345326
-1.10612232281609,-113.503492058333,-79.4829177987967,0.189767792174209,-89.0042630577426
0.677508013375746,-1.20307799793405,0.779734755566169,0.287477191570087,-1.2000162562141
-0.798964265275797,1.81457970866779,-2.90662792507323,1.55387679228132,-0.737824911412233
1.24696157115221,0.157477860867036,-0.310655782499457,-1.66216103393816,0.295129323988942
-0.393760746880654,0.317491349806427,0.804975664761984,-1.44417026023039,0.0358391008678407
-0.911589241619981,1.58110708430843,1.94093792410371,-2.29041112426359,-0.0259450865356749
-2.19237075282939,0.632450032306028,-0.503259960583297,-0.428496826023809,0.595575089597338
-1.47388691521714,-0.509006846298098,0.861284288244673,-0.854111632828859,0.93657346796026
-0.614092070329238,-0.119688476754395,0.298913091393273,0.0824768416782924,0.210019437626817
-1.2118910248817,0.366310107077251,0.722101557013521,-0.861584988060516,1.06751750638519
-1.3904774330925,1.79250252281473,0.72319480057875,0.128643254152089,-2.81697828896419
1.59584728329137,0.399189204494247,-0.420470848467138,-2.77050414052639,-0.500452777890017
44.9081513206722,8.88364689979158,-14.733749230383,-0.639119253709651,-24.3077741313677
-0.00345712586132318,0.342809267925848,1.02558185278832,-1.30176905385393,0.811651172540497
0.318278741694264,-1.12179075356645,0.787573726721453,-1.20942321741974,-0.0104251092215246
0.930821567191164,-0.0247223629575811,1.68358897703642,-2.81851609825341,-0.076083032901251
12.104005410163,-0.0740560254362925,10.4318129250464,-1.23958544385022,0.291853626034746
-1.57664459832454,0.212864470848332,0.641828907645791,-1.24038432623543,1.23950780896148
-1.38608117070527,1.50158807651379,0.119030490367912,-1.35656147062113,0.652225924925156
1.27412543348162,-0.0948789479459355,-1.74461302186249,0.797147052008087,-0.856893596450642
0.825307712533499,0.407211168158624,-1.11087662175322,-1.69729522168403,0.636221461170497
-0.803602270658789,0.932249930278505,0.742395735766381,-0.263859264277541,-0.574663254463202
-1.78288020004643,-0.486047028475406,0.0790445331476311,1.62615419405101,0.104416400769707
1.18561551338871,-1.42883517682341,-0.755519612711987,-0.372195365539906,-0.14019590188779
0.662140469541056,-0.0479259528713333,-0.767253533488574,-0.213842329328077,0.705268441780936
-1.04065931757524,-0.229042891987213,0.850203267203389,-0.72720903869035,0.556299528208761
-14.9163965918559,-4.78489880352264,-24.6939932192882,-2.03810683384054,-1.67621486853315
-1.68034257444814,-0.695229399939171,1.43849197693658,-0.897513048376788,0.677081546538817
-0.530027451934386,1.17836697236798,0.55601691426491,-0.0957431543709541,-1.13625692322041
-29.9621588407836,-3.44552680092693,-1.66195512636784,-3.98964614043337,-3.6052663229721
1.11291155416117,0.312982300032685,-0.520606088823068,-0.223062610975776,0.117707444086239
0.996332070688325,-1.90206555281936,0.660244739157217,1.65122737979477,-1.31867631966601
-0.791246904490029,0.288545725095264,0.852114221357979,-0.485366114997324,-0.280958563473222
1.44699786660645,0.768446551191718,1.16541454028249,-28.8138589512621,-88.0070220473156
-0.0951278948379998,-0.802859102735838,1.10074505017687,-0.719456115406826,0.776821097188017
-0.454703495850401,0.225905742179934,-2.80106488778769,1.77495288260561,0.654878722539011
-1.06609255990419,1.11578556097413,0.486001429427276,-1.31637803910439,0.517255534886247
-0.270986927841496,-0.506647468852909,1.83271096617185,2.11822859437667,-2.96998836288878
-1.77188045230227,-11.0868175370314,-1.59674258901508,-1.87123016870012,-2.17615987794483
1.4615470669095,-0.100405921980673,-1.36471289107623,-0.959107722553733,0.0931960762238714
-1.6667612423176,1.58760286929551,-2.20353700977182,1.90805144830955,-0.102464295991114
-0.138070315212952,-0.0686549062240991,0.0600400169200576,0.0967854631686579,0.258675801457728
0.447059236348094,0.127255283425046,1.13375306333492,-1.67085633082158,-1.18382049661659
-0.740281577865056,-0.231675709473882,0.515663259924845,-0.553995187223275,0.563181689682813
-0.719519202044238,0.162133036085828,0.168353493280474,0.848228698520707,-0.917413017488831
-3.88737649212631,-2.84203529871855,-2.53170582595248,-10.1040614187921,14.1009821243687
1.41546563672919,-0.268761550302839,-0.181427042359058,-2.62046338616563,0.55390639389844
1.91099613304571,1.94724209056851,-2.96623960267931,-0.196215995329902,-0.233898509530426
0.400750421749042,1.34068794468099,-1.51651675624105,-0.422216150777133,0.320744886735496
0.907802112441704,1.06314893762807,0.723937131881835,-1.95864914275037,-0.795664020122926
1.2298115730932,-0.148627858543905,-0.976330781978619,-1.15097735601403,-0.165250961309657
-0.144529769939024,0.896935065742303,-0.998152520443826,-0.797892942082036,-0.531178728898466
-1.2152714074267,1.94148598316832,-0.866596018338277,-2.28114865255623,0.826329396724933
-0.27377334474477,0.507763877243127,-2.09569463304628,1.32291635303093,-0.0520534230225632
-11.5153762175895,-22.6795274564852,-1.9779598862948,-2.22640216894567,-104.507539418592
-1.28329036747314,-0.62735532493958,0.621402284560245,0.936926571211077,-0.60876322078625
0.431293480307805,-1.86932458004302,1.48275997182264,0.49702638288347,-1.20299669629715
1.34467182823319,0.518088661889546,-1.10056918363715,-1.33844497923921,-0.487673517818007
-0.249311838413516,-0.453473052056319,-1.62353425619936,1.11225679730845,1.18362035023178
0.293976608927832,-62.4556061399646,-0.566150166281189,-11.239785967716,-11.7376857025918
0.08507189475502,-1.48647379757372,-0.24450445891243,1.35254222709101,-0.0702611091955584
-0.947939988037975,0.35898767126268,-1.93579270895981,0.712655486696179,-0.467087049591698
0.929554630524629,0.239645763668741,-0.102811454232848,-1.07038953796389,0.346355167883138
0.903829355099102,-0.547936549119803,0.58537266208795,-1.56273266120312,-0.560850662576205
0.770349960522065,-1.20822060214997,-0.287453369322885,0.333102508139031,0.217245097787974
0.470295305341559,-0.624145848139052,0.344360364166346,-0.897431017155809,-0.0453154927111539
-1.65361061534872,1.44769030341044,-0.514479416335831,1.36816791394627,-0.746920936600125
-0.914624179038578,0.0884988333852473,0.201992422567298,1.10415879318841,-0.526881454293523
0.17787608013464,-1.11551377786429,-0.598071329760779,0.25177996590802,0.519962130477419
-1.11780021206532,1.19857224025156,0.0944330409436456,-0.231127642068883,-0.621073386938853
0.385775733918927,-0.245080199670314,-0.062175032008835,-1.86555297159914,1.09466711159534
-0.919841653924052,-0.235554055683923,-0.0924328866754045,0.248365847183522,0.449329050407993
-0.39799116039745,-1.81621451739882,-0.822226457056045,-0.114102685041268,-0.602494332061305
0.554136425829438,-1.57240445812846,-0.0315498328511425,0.316192100862417,-0.459275646467815
0.774757314504764,1.30907508312063,-0.238956717562005,-1.231047613114,-0.609613113481473
-0.355089927196209,-2.36344211318924,-9.29378599977072,1.26113756484749,1.54153800078502
1.38774379655195,-0.457677010144515,-1.78451305748021,1.24857765089461,-0.910963522433711
-0.174110248375719,-0.904434668889338,-0.499806196291596,1.12975131246382,-0.115374027651398
-0.111120382408511,-0.119947356772702,-0.0144004731816542,-0.118952878424197,0.311093037964873
1.51126724077816,0.451974934922566,-2.21019316591756,-1.41153957813459,1.80657713567474
-39.2358377653308,-0.118121114020127,-0.804313398749372,-72.4401891407709,-29.7629008677105
0.723796331754946,0.760400107624903,-0.368641024614462,-2.8071355970441,1.64257180218348
0.263815172224711,-1.38848728701665,-0.0275447849308188,0.282954331853299,0.488745981230891
-3.9471472863518e-09,-3.10009747955488e-09,-2.57248829495043e-09,-1.91379003543244e-09,-3.22315925549213e-09
0.0636021082683462,-0.383118632651172,0.903574351458394,-1.16480729892799,0.0562629138347365
-0.582854775791143,-0.69124227888769,-0.790707705732262,1.30103694205644,1.27783428831999
1.45092156191996,-0.667294071318348,-1.83952766603277,1.82306617221503,-1.72875098424169
-0.923032340461738,-1.31948794403844,-1.19241165747092,-317.276227809377,-1.55911851291053
-0.195874045602195,1.09836024356784,-2.02876670027198,-0.0993860627770852,1.12742416243091
-0.0967912822065631,-0.91035668427102,-1.49837230190161,0.201149121465558,1.09435982741281
-1.66469645883891,-1.69364162671818,0.263337688241803,1.72815313707691,0.150656303957154
-0.827463183814496,-1.17352266458191,0.404878331690176,0.813658798449737,-0.368982820083255
-0.312482601539292,1.08442594016054,0.0565949196639898,-2.81254410211823,1.80519613681144
1.20191289451081,-0.704213241304003,0.470237511842539,-0.0479496705447139,-1.0495745018554
0.386364789843995,-0.171494158650788,-0.914562283463709,-0.525872886672983,0.409979880263069
-0.831065536599574,1.09057821204837,-0.239681002622762,-1.44416883140663,0.763862399667035
-8.99568118422865,-7.42675099855109,-48.5328609506769,-7.80749041246171,-39.664022938876
0.227095341919086,-0.84651839250203,-0.717729902975057,1.076509522259,-0.803928772161666
0.23672431045442,0.942834915739668,-1.17071793426966,-2.63625249858327,1.3443091383987
0.492875364625237,-0.808583702033987,0.486810448467628,0.478407242204035,-0.70746570472398
-0.367876806027413,-0.0241994832093218,-0.47163980807949,-1.41126497149001,1.20347693687614
0.640528874864221,-1.03601248010466,0.742535568358187,-0.776981011991895,0.329465793018536
0.367841012862811,0.533251128081976,-0.566750696939461,-0.890735585242613,-0.519832450302991
-0.103053955604985,0.796658589648285,-1.1041868385038,-0.77739941588196,0.934276263766354
0.0257792078515676,-0.323118142202925,-1.27459054928783,1.09313636099457,0.642506521313598
1.6489836322666,-1.64354046751429,-1.1787073134765,0.760043848124635,-1.47753472483295
0.66913883320078,-0.411181980835057,-1.68060785435656,0.918033664971563,0.187201795974533
0.0444400355410055,0.907110878309205,-1.8968337720321,1.43085459887585,-0.747818430021512
-0.927078557693774,-0.321528115526548,-1.25812650794341,-1.03596796783974,1.33780067366188
0.401883368115838,-0.000918305272891164,0.365021434050097,-0.0535161714186981,-0.602819257893254
-2.77611455343456,-1.03960757764363,1.05346312297758,-0.573438443225247,1.57966766370487
0.0737372350565568,-1.54702434544749,0.784341229458451,-0.911794569703022,1.02038466400176
-0.839707512135988,-0.169249363657738,-0.541965024715528,-0.595276437520153,1.01603899358533
0.651316281931064,-1.24466152472601,0.669614643113319,1.018789994968,-1.30031451240033
-0.727450836215594,-1.23867150170003,1.06228791165003,0.119578104153975,-0.696056681197542
-18.2354589296807,-0.494753926429561,-0.644760589385711,-12.1942822021139,-2.54993256586088
-0.437988414900072,-0.237495634273396,0.525953565592856,-0.184981378416402,-0.232768865799076
-3.03850060908808e-09,-2.47757733824624e-09,-2.25866237932161e-09,-2.04748421362564e-09,-3.15190961718958e-09
2.27929078131816,10.1414571720986,-1.63187724972753,0.680886666452787,-352.546120503886
0.208463418309789,-1.05060857235906,0.456977989486952,-0.774646120999331,0.197639528988283
-1.21846983604899,-0.960768628930291,0.99047360118214,0.459058477965524,1.56326460062697
-0.217707432928849,0.229922241100815,0.25772995346697,-1.08814351374307,0.237429573952914
0.180919321282874,-0.0336014804782597,1.61083624218686,0.791981450153372,-2.66493692788282
-0.137117900796325,-0.425071368315106,0.688141082018422,-0.681905443453193,0.0550088932768486
0.924492640058227,0.732875917522288,-0.625294020320269,0.315022337931336,-1.27691445950458
-0.568540759041207,-0.583379920677769,0.54181510637362,1.152982020992,-1.15028092689523
0.644927509075613,0.517793907592224,1.00906215209523,-2.79627390468596,1.69900539703569
-1.28742958257195,0.150947109326084,-0.210162736857153,1.05580139334501,-0.913872114250199
1.3955108281416,-1.94461606021625,-0.649661508432084,-0.0861685049537568,0.831632306899313
-0.708653116865317,-0.633000902078363,-0.3028341048176,0.687435661725817,0.310329826916701
-0.703254677724328,-0.453346960678217,0.557766194534364,0.00775792010116692,-0.204823841152697
0.138729846729532,-1.50172786981675,1.36553797193462,-2.26089579964916,1.94188443073973
-2.79527717532726,-1.25186274023702,0.187621065779131,1.53464384716026,-0.064458130832273
-0.62322637545422,-0.728294299819996,0.515367854675861,-1.1855779989818,1.16155393819488
0.977450704076529,-2.80987619532518,0.200061940093478,-1.19475000727461,1.83007295156404
-0.924751181299655,0.687750374659702,1.1722053182523,-1.00788976774853,-0.672886216943971
-1.78056934947813,-229.906319510883,-1.72339141637793,5.41799995303959,-20.6936842336565
0.422825859356056,-1.0184470336578,0.448252038154808,0.394203616503304,-0.146976321583923
-29.8953243005761,-1.94877781006783,-15.4570411871214,-2.40685178388555,-81.8882024712502
0.216116003012865,-0.348270892986712,1.16454603398939,-2.63059411668341,1.17279797266345
-0.699115868810324,-1.18536889407181,1.53791179472328,1.56655874202608,-1.52557755472553
1.20841615986408,0.286831472989706,-0.178414311808543,0.41668830752809,-1.30049748360925
1.14552018217784,-2.61258625761336,0.536147478211041,0.510998786672945,0.230807818731488
-0.416378868147891,-0.263478841645499,-0.949294697771032,1.15833154915697,0.317590351564748
-0.418888801841472,0.134356269966624,0.497584610271124,0.146903922720108,-0.513290196051675
1.82530012497136,-2.81800103760657,0.752880040719038,0.73076934128529,-1.29386071675731
1.19697156578123,-0.629807146995315,-1.12620334978043,-0.360262613866329,0.421046579393929
-0.958710594992386,0.716397605303551,0.409582495706208,0.850506841487638,-0.379060274188178
-52.0741457274396,-62.307123821084,-5.71035652980144,-5.98545166024935,-136.947008668063
1.02144523322992,-0.143530221092205,-1.98671628924257,1.48692404058657,-0.859862935316818
0.675852662311423,-0.654663274028436,0.692110826535935,0.315847126723399,-0.108835376022075
-2.49355430799068,0.702439705137033,-0.300270257634522,0.861084679810556,0.568205592869897
1.43423700385373,1.27019696051571,-0.124361194601867,-2.23250991089976,0.0272188706121553
-1.40302152344523,-3.78114915520467,-12.3251078009888,0.115319053141164,-1.65468430722942
-1.54500275357029,-2.93547538549712,-2.96616039875207,-10.089267701854,-2.67846737006885
-1.14474152295551,0.843108221683575,-0.635674028680164,-0.869990394182532,0.286363142451501
-126.750273741284,3.68578218550046,4.81893258709109,-4.10062379232329,-1.93404792472462
0.163922805810664,-0.413608665129632,-0.639122708699215,-0.811884381343281,1.07997854133838
0.422980889261882,0.437145817659083,0.0416060050023826,-1.52695698118114,-0.241452866550074
-0.799635535366932,0.0265600924493628,0.347377684815845,-5.63290851133184,0.938774796373954
0.536608813247371,0.140804011047353,-1.1959631535172,-0.0445452580204507,0.0060712901553418
-1.64742573451504,-0.592682057967145,-0.175592415495945,1.06587172139818,0.435843271370663
1.44739742861113,-1.31048255066325,-0.723689503439308,-0.376022320546559,-0.44215250353749
0.21311128599318,-0.395297039999614,-4.28226603350553,0.961740786585639,-0.561610392194313
-1.45196876972952,1.41603329499951,0.135912581531802,-0.815305880809154,0.759301342057252
0.136846884512554,-0.120939298168873,0.178068659086881,0.312014254058056,-0.979487457775706
-0.0763920766201294,-0.0524691954014011,-1.19071764094502,0.106793085212418,1.1920093754365
-0.52273588718776,-1.04387787047848,0.502523655137739,-0.53487086680498,0.136242500453258
0.446682149850047,-0.908224645900377,1.42720253243222,-1.83428429052491,-1.35557117834578
0.64109218909614,-1.38681127645443,-0.514277588272394,-1.4615442120526,0.670855866981581
0.807669613545469,1.35645718098946,1.68019116712617,-1.20360765310456,-1.54859229828644
1.4625854365823,1.03731210754186,-1.11606253440453,-0.81547569879942,-0.562900337535833
0.985258242892683,-0.381113999259825,-1.88647984451657,0.590642454990261,0.238023333994167
-0.361358321418607,-0.457223782403509,0.652002767392034,-0.579740090005537,0.478819566861639
-0.0220533061010403,0.893988115177322,-1.83896372312247,0.811259284876667,-1.62343006416501
1.93005544441483,-3.10583750232431,1.78596391408818,0.416014349962375,-3.2652949432167
-0.664264645106921,0.788372378175254,-1.29033673325749,0.281359705032874,0.878376471519883
1.03552840212052,-0.0973930967832616,1.09982112815601,-0.762512377219041,-1.05624794151211
0.964194191070013,-1.36520651681074,-2.71129374189467,0.857214261668837,0.120231836429447
-1.51715479956652,-0.372155833836178,1.23041513493732,-1.22149374729167,0.076809583999132
1.54437381420849,-0.997096585762543,-0.763440486216077,0.283114071955327,-1.95967625784328
0.130160990049539,-1.55825582129634,-0.832535642519673,1.07573097475199,1.48640466744614
-1.45332200904954,-0.316245738757752,1.01203409344188,-1.04438362269009,0.973432231858444
-1.10402937799313,-1.14367498556726,0.901847534802302,-0.104358764158984,1.09034972905278
-1.2768033211872,1.12247900175327,0.843060546454267,-0.883548023003379,-0.214565407121582
-1.67468995533282,-5.85462668771284,-1.9913979730151,0.332110168919214,-1.43208755174857
-0.584160979657212,-0.215098307342182,0.515603730241836,0.0258094633246528,0.267359824106957
0.471555891302086,-0.170035355999298,0.68936221123564,0.414355395885025,-1.47389294640386
0.393027272513017,-1.10388013423816,-1.58500276049274,0.0418944303480717,0.83636706934793
0.428947935999618,1.71491892525785,1.97954786437329,-2.9082607294535,-0.700431936442919
-0.639385126532172,0.122618768694624,-0.536084626346223,-0.00930856555625291,0.748746450533258
-2.62030589614946,0.701234755071405,0.176331884936573,-1.29094079895774,0.816444184203619
-2.99598796203009,11.4026198985112,-1.44356419503016,-1.47533893157623,-2.1556004517725
1.52337033334341,-2.75533936048441,-0.719283957015564,0.899281830205059,-0.457178704912929
-0.363621300664802,-0.890199980585556,0.145663626233681,0.922153745415896,-0.61801287812096
0.217468732601762,0.0881894919602766,-0.87781394229487,1.36011587143733,-2.17334451017839
-1.1590961722196,1.42782577310806,-2.75814872644055,-0.131882677097167,0.741523355151209
0.736165658341272,-1.41254144194992,-0.179263382709001,-0.748110703553701,1.1867313235666
-1.64951402459099,-1.24335933884763,-0.165930329654725,1.148633052749,0.299698316739621
0.446989980508518,-0.299347000958413,-0.174883869346686,-0.394396118256569,0.0713132321947874
0.772307255026291,0.00334837552086305,-0.854354564214868,-1.88242382755863,0.75799234727973
1.15590413873292,0.434071208401659,-0.459686134210827,-1.44283503023356,-0.189684138121399
0.338668623935298,0.700902236535251,-0.955200837401424,-0.217049386523195,-0.378380642638443
0.27385594851844,-0.385432707122489,-0.508546101596044,-0.810337029945472,1.08906891952233
2.01764860872604,0.477009177105622,-2.74396509908329,-0.477321515726646,0.392218374537843
0.207310477460368,-0.359790950194106,1.37424321788712,-1.39483177343624,-0.149913083438072
1.08779259669148,-1.19728701791418,-0.121791925996826,-0.174025530466392,0.304347998569209
-0.525174965753845,0.794674514566394,0.938390975881812,0.105200515531173,-1.40923040595821
9.12889286576048,0.150048115898038,0.0449001719046705,-0.0910388813738988,-0.797416984429039
1.19907059608731,-0.679136339721128,-0.584191649350195,-1.09397660779923,-0.37141912826898
-1.05923908501907,1.39994639208768,0.949904309598357,0.712664532147217,-0.688013565229568
-0.513153244058374,-1.40342823610872,0.531658174497273,-0.494087721408573,0.0515184164297718
-1.38180820531235,-0.715644430356099,1.29971741667752,1.20552341259192,-0.382654455149121
-0.316010647424004,0.89885957904015,1.65384723237477,-1.7331986190707,-1.13596420902291
0.707352701995638,-0.654609720419618,1.61843091712564,-1.8184571254403,-1.00436149315557
-1.88227263716676,0.084646917259672,0.23713650374977,-0.150650941793542,0.813999643700593
1.28665941892634,0.13738873230139,-1.15968099575461,0.0860140741649924,-1.06206022562036
0.662075568371577,-1.53778593257433,-0.410020863409225,0.678573316387812,-0.308367238606909
1.03243739096594,1.42017045148527,-1.44407750382392,-1.84636346540322,0.539005733748578
-1.8827948382938,1.5604377042741,0.214840197923398,-1.23875044598237,1.68134039260366
-1.16377224190766,0.469746470756643,0.59515211857353,0.0911225583897705,0.104034831853703
-0.0208389566759713,-0.156021393593052,-0.989771379516533,0.972692830507661,-1.63690433088101
-0.147725727655718,-1.07857895937686,1.50581748056765,-0.0123208012531275,-1.43239073412231
-2.21086890577382,-1.05059714107657,1.60816345272292,-0.100306428807077,1.17884089021828
-0.876209717912837,0.547716123683116,-0.294056593712747,0.653570477929837,-1.10664631091422
1.09361699900827,-0.782814202751542,-0.502514145582891,-1.06460441254606,0.178359485597641
1.14489818462025,1.51269674097461,-0.588375466871014,-1.04181919755196,-1.16220906640533
4.11524901106236,-1.35787048473981,-2.09463252753617,-2.88017633093664,-0.998024130044038
-2.87947455874945,-0.158587362196773,0.111397267839453,1.82788154266106,0.543883116804469
-0.194722123017594,0.113528955785316,-0.545282326927973,0.661556236350426,-1.00262456781142
0.943149540609676,0.103113989099502,0.326812676357923,-2.6133255056123,0.582539206673726
0.535576649804694,1.22981516470523,-1.68106946344466,-1.55183600828049,0.817941300460402
0.373075772922265,-0.432639314868984,1.23109446373816,-0.516683050587555,-0.927543549606987
-0.210586109853006,1.20259180720005,0.727424791861284,-2.56809122125332,0.207573639281898
-0.211911744074675,0.0553981536658257,0.494605419153273,-0.714287407333972,-0.357909163876957
-0.101849846811124,0.113705188455541,-0.382487687502812,-0.627263778599633,0.164472386519371
-1.35757897560455,-0.224379573147125,-1.25125428897832,0.962353183999504,0.809717829102506
-1.83574061948839,0.674827672000898,-0.887591480612239,1.12212518531968,0.413338976131174
-0.883473213996418,0.413169442792793,0.321270554354518,0.544019703849092,-0.542469209792387
-1.28006546353807,1.24913871125717,-1.41842192816041,0.668951636786042,-0.465553025466966
0.0447896522090103,-0.147697243704214,0.0662183210648171,0.739604370607544,-0.74047265945667
-1.53343744234546,1.00307669968094,1.01603367732691,-0.629384785947281,-0.608883269527979
-1.07589939652073,1.15853247571405,1.05517693547232,-1.38131102785818,0.178622456240191
1.72382842327525,-2.13325052379117,-1.09260385927652,-0.462585887202061,0.88803714460951
0.263455757097092,-0.233113120360272,-0.616280972094438,0.730156029161607,-0.929045757063859
1.33788360738929,0.0544635659796681,0.192389982306989,-0.662417604842023,-1.43295936755523
0.718704239476632,0.390639457016426,-1.55582669259429,-1.04238232626028,0.83177655874271
-4.00064579183805,-2.92906347863891,-1.1153188235459,-0.152631590980484,-1.63358906616639
0.658667278477191,1.08010043281068,-1.16824138915356,0.203305288299287,-0.511418650425824
-2.86080517985551,2.07905841734591,-0.374806105107129,1.24352508224919,-0.557747281830089
-0.705379417730606,0.329479946191582,-0.494010019484133,1.11096461225883,0.0331716141965658
0.386071257046893,-0.413983869044983,-0.981833380227967,0.337872375934536,0.44607466646671
1.3778398302456,-0.633194715771079,1.49898340798995,-1.74055288148298,-0.503294186421975
-0.337310061386709,0.714165014628282,-0.823576199764525,-2.7900016943638,1.82349418828701
-0.79899020178049,0.260999759622324,0.37537814694174,-0.956027202683053,0.552474426649631
0.356288973537114,1.91145976322714,-0.378295588989041,-2.8054097637298,0.271482999346445
-1.04515526101691,-2.06932464764151,1.57406720191328,-1.01874785772471,0.629431396691021
-0.163061733758446,-0.347811410322934,1.16576127244881,-1.29695933161601,-0.844959193946101
0.528275964846181,-0.680751775810352,-1.55568239171952,0.91215005876017,-1.86481408217013
1.18020639250623,-2.63186905939911,0.140964970335535,0.962964151399679,0.0149994601858248
1.33488474334479,0.708622372049419,-1.23914974587383,0.12711005373621,-1.86214767638309
0.295145083428512,-1.11293563338689,1.03676296589717,-0.309744765173018,0.00597540334817399
-0.162590678729069,-0.389526734254664,0.306702797789825,0.68118034658966,-0.945055991998147
-0.169255271608685,1.60755416397957,-1.80269769915179,0.534023984041961,-2.43571506106492
-1.45691397098245,1.33130807399477,-0.720217897117366,0.482131815079073,-1.30042182602243
0.890272957635805,-1.22381612952232,-0.892497056470119,-0.307116310946162,0.166474984982392
0.316748910191648,-0.0483427354817608,0.321608798272018,-0.96741545944138,0.540691673414789
0.0297307924513763,0.89509974689909,-0.914483058586727,-1.38282307646932,-0.21405269924037
-1.39016588362409,-1.33127414260394,1.48045230244204,1.11542912647695,-0.832634969325096
1.58861071580075,-0.971625882612028,-0.16976649497978,1.90875087345823,-2.9348007553735
0.720885220720367,0.148511591460467,-1.37119893648,1.38481047133537,-1.62054419753935
-1.65795710768409,-1.23386698109169,1.35996649296633,0.321177038746104,0.0508472154928668
1.20857883853124,1.39973775945288,0.181280632327653,-0.78956192214288,-1.21814461043521
-1.46856938829274,0.597346448886436,0.128841023811437,0.0688669753242707,-0.283259924895993
-0.488843330654798,-0.255491322271818,0.277279594370763,0.799305223569534,-1.28302366021213
0.191635925297677,2.85932978009397,-11.0562009302025,0.303370604478835,14.3078269761838
1.36771102401916,-1.33094347003634,-1.43313441820351,1.49341904450907,0.0688322679261939
0.91116211649766,-1.99057669388294,-1.95405240511384,1.48982509381334,1.56780777600793
0.803319878362675,0.249120298138505,-2.76233419079875,1.45070233823638,-0.463966607243799
0.248927719080305,-1.4170533957959,0.625643269030778,0.20206534717913,-0.451702714268439
0.610586793576737,1.2060359293399,-1.85976150809134,-0.187966162035003,-0.493498717921623
1.34810142450006,-2.22086983389624,-0.365635091661906,-0.36615545093002,0.392295182343297
2.1268486941612,0.0487672097906733,1.27470618007364,-1.98524468998379,-2.99072627596732
-0.275885753239473,-2.9413133555363,1.44984208539663,1.97970424159473,-0.849976722592612
-1.96633553535218,-1.51867328791212,-4.95117892901761,-10.5441124528987,-1.57042562870201
-1.12619366691484,0.380603724141796,-1.63095914022976,0.280807581606495,1.55148519776998
1.24189194598298,-1.26613481695954,0.588372140139026,-0.361102065713385,-0.231787557751888
1.33040858979658,-1.72004271177513,1.67690015985045,0.472722541496328,-2.84532019691503
-0.297718717187985,0.660367366648322,0.698093123939014,-0.742672780349465,-1.36888675066633
-0.508610054152608,-2.71836972917827,-0.0597331355275767,1.45665721036583,1.03378567796274
-0.280959922412685,1.26901822609529,-0.879911259731988,0.340322140161902,-1.15706403516908
1.33072282858047,0.822925901309846,-0.0175768762460336,-1.2637749363384,0.395306705649075
-2.8951176471102,-0.725042449785571,1.96919789196249,-0.356041028250398,1.61256850652655
-2.74560939045913,-0.790577143088031,1.79145471106183,1.83937580499848,-0.655415596220601
-2.13955828075926,-0.47592422727824,1.42302924531569,0.485641932571877,-1.1675892655303
-0.880683555889985,-2.06140061667199,0.442039456639724,0.911454360709171,1.35792549773027
0.688621577505178,-1.60785193553315,0.989027020318983,-1.15653698167717,-0.58666398982485
-1.13845040639526,0.938408095924767,0.791760516126145,-1.12028758362594,-0.58152096533954
-0.51036809555508,-1.62988860334773,1.42630372873664,-0.225702901694791,-0.690109572815845
-1.33310864903505,-0.581891845177985,0.757413976063076,-0.870162433528442,0.72312477169379
-0.421544460847886,0.712554337133999,0.0470288908321528,-2.1263464975809,0.288310446414452
-0.841850895488862,-1.90482768615737,-0.121387236578816,-0.0594316827290334,0.929170085872805
0.371261710857209,-1.09975918838308,-1.84494441569669,1.5619007480726,-0.0542967390806029
1.94726461795825,0.429417599287899,-2.78093282422168,1.26223844124134,-0.289117692371968
-0.841208895176363,-2.20856572013748,0.514136725299073,1.58326150021115,0.650883987763199
0.16889482860074,-0.227099517559222,0.553524555373183,0.612404139881886,-0.9634079644187
-0.0880775798333774,0.432641170412183,0.699874686754786,-2.59654487732678,-0.0250892857022365
0.400307729205358,-1.26820168755825,-1.59372560025653,1.48279055555971,-0.0937527251602355
-0.848208132618584,-0.672387299738548,-0.0216946142179706,1.14152966139732,-0.923225782651964
0.974140745719491,0.294216402080836,-1.37553148977604,0.646816845453138,-0.697259531934278
-0.0854845305338243,0.762043245959733,0.0959877342525164,-0.90843449454668,-1.49501382737815
-0.0267959188984224,-0.00153748225922995,0.131542912450552,-0.281117686059217,0.184813927966634
-2.13906910851626,0.520302142365312,0.830171009489075,-0.717641621169463,1.4380821201172
1.3034418374986,0.676425317483634,-0.608463131679989,-1.14632381149838,-2.10624004992829
-32.1757522373244,4.52969188040706,-145.961985507174,5.80847270910319,3.75910668804462
0.137838764754914,0.765498633112973,-0.179088588108941,0.59928100808664,-1.48094442078219
0.859034260687542,-1.35008635499361,-0.470482677219254,0.638442980857187,0.299066878676461
0.448840722212973,-0.162725178037938,0.19327580887106,-0.170560876612831,-0.398234492576497
-0.0284242459449189,-0.457166040196655,0.646905296578063,-1.65531548905267,0.0936621511413761
0.780487217823656,-0.637576235621906,-0.253844953356936,1.18749693816508,-1.18678867149574
-15.8897704891995,17.2310803568529,-2.75275437030376,-28.7980085697594,-1.82112017010598
0.953026129331278,1.78219366421277,1.63421123602346,0.482115140198464,-2.86747685645125
-1.60605936664364,0.0296734475905839,0.0226129375393965,1.60459046567389,-1.93195159468052
-1.00627105665726,-0.980498771199691,-0.134569687979436,0.141482561533948,1.26655788219498
-0.928458145072327,-1.07852111724472,0.618684265880104,0.805468245051304,0.656684694652709
-1.89588893006914,1.14872672108055,-0.594413292337922,0.623716496324242,0.514919020822829
-0.399807314041156,-48.5950969438791,0.405709132948219,4.81642024063004,0.264688941263058
-0.693009199388159,-0.209284099132893,0.331412725277471,0.360882330520677,-0.156791138279073
0.0234649300634984,0.567512679172541,-1.7146034881627,1.5251135794288,-1.40635793472939
-0.0316166447812786,13.9459288869819,16.7585821311443,-80.7903541874525,35.3923629940979
1.37652708513145,0.354032865977207,-2.6974270417504,0.321063568508726,-0.183963956786288
0.675650890663387,-0.480064986825316,-1.31255837870957,0.0138706605693982,-0.0805448367834368
0.00784915261426786,-0.0106331028529226,0.0177946979779231,-0.0111120629386333,0.00292162192598845
0.343552651996959,-0.177192468673684,-0.385427810477173,0.478303398662622,-0.7529796645897
-0.52681638723292,-1.27689688371665,-0.983574730799226,1.5817554620785,1.47478174930099
-2.67379347583398,-0.218727368990681,-0.801458479046562,-0.681517900159262,1.43160943247652
-0.79362011677035,-1.45101806806551,-0.288347273175646,1.12173689046613,0.201203472360445
-0.944465128243301,0.659697412074765,0.0344915696938355,-0.557703319545281,-0.195827212106391
0.855397972418437,-0.934114715539934,0.873022776232384,-1.26029455485653,0.476114081197965
-0.269325240600115,-0.915237003790757,1.10195638982738,-0.690891941951352,1.29011486688721
-0.577009747624051,-0.427764261647611,1.16887959078749,-0.189452605637418,-1.19959248183484
0.067001377751875,0.79177937981042,-0.0817908321809451,-1.53285322532745,-0.138851038183869
0.531715870540508,0.333528612739878,0.0730330433692737,0.0455827679978487,-1.18812191193021
0.935535665977675,-2.82632898048788,1.58624312227574,-0.784065999722771,-0.813532372052218
-0.0703802805005023,-1.49108993136746,-1.45907687027746,1.44503996788545,0.28833735201984
-1.33710062951278,1.03931746341891,0.463832427402085,-0.802254877771668,-1.31085697509097
0.0555744688484949,-0.208829701253529,-0.975794665668493,0.0863121589278086,0.475843793660888
-0.177623548509551,-2.64638382260793,1.28961158830459,0.146993121431287,0.38035724653947
0.785612869312846,1.13016418961255,0.610860767272059,-1.700007023622,-1.00470454179163
-1.13353086273205,-1.82577939248502,-0.933087574090561,-0.748759672226707,-267.631505958013
1.00279393790996,-2.62220519207167,-0.159532287781876,-0.656348150530461,1.06366182018999
1.17976888302488,-0.536459568261902,-0.826329135088387,-0.314570402763356,-1.46434353890311
0.121030355847084,0.887633580775184,-0.423679409491137,-0.2221762879622,-0.589198133630563
-0.502611736993471,-0.536812067057409,0.141995842029951,1.33231539090247,-1.97188352921472
0.729304905785596,-0.386145627202039,0.812921021848155,-1.14910195151426,-0.392235576001791
4.4803382268875,-8.80741811414375,-40.4028587298346,-57.9134747541568,-65.7150205862083
-2.11944171971075,-3.10278895249395,-8.6084256167851e-08,-4.68884585762051,-21.3228841984123
-0.509586932581806,-0.475270181796382,-1.10029915658889,0.61170129337744,1.04046071637644
0.873414059058896,-0.0913796257506351,-2.63456597086178,0.481588021921956,0.127812731047731
-0.996051159159489,0.869776828630836,0.71515376437529,-0.805283122560374,-0.898950255856343
-1.39878654578532,-0.948558305898433,-306.824294808256,-10.5463169788991,-1.11497576786915
-0.0610852011502357,-0.454056054231885,-0.652283426778131,0.916284782501714,0.211479064437643
1.73872907712442,-2.77804567148996,0.802440685877439,0.472004431384611,-0.29878243912689
0.884820361907111,1.05731547105316,-0.891189983394032,-0.561833401914126,-0.205355038929452
-1.89262189246331,-2.15633103438496,-2.38309628792114,-2.67377920736697,-2.47550509211378
-1.35862920372744,-1.60116650240708,-1.70117551931143,-3.17845643897757,-1.41782144376505
0.561575794071137,-0.828886623177158,-1.65485319162724,0.714022286633695,0.212303666900118
-0.524670866271569,-2.47924697505238,1.47307127224591,-0.0989098303531734,1.35639916511315
-0.502435486136816,0.0136256847424854,0.675702845657778,-1.53720210908984,0.998472103987903
0.345016675404244,-1.12644648702832,1.06405141222776,-0.272409937480792,0.0293187479094112
-1.00595479198249,0.616447617456007,-0.184740895774635,-1.34007015763836,0.656951538765747
-2.85167315481718,-1.66726780798048,-3.32537323421522,-5.19849465152811,2.4171272451282
-2.66314126562119,-13.9884175914914,-0.233555962772309,2.82292868417851,0.904358945558835
1.31965641659481,-1.85938666256176,-1.72688265627851,-0.227662047191084,-0.691525981090977
1.33147160654172,-0.416003477827238,-0.629542212721223,0.385276458830538,-1.16332668710622
-0.226270629168552,0.265380113403877,-0.00222542188228906,-0.263364235149745,-0.412279451165337
-1.8348811552032,1.09022769969358,-0.213943150161965,-0.679022921599328,0.365923513605247
0.172619349517263,1.94333817152544,-0.87776907133816,0.721298406356557,-2.81692096081478
0.550523574981155,-0.226646827301518,-1.38311516207279,0.670116624955111,0.0312700843604082
-12.8856943697026,1.9627530245571,2.73735241388961,1.63042234113415,-12.8328662831319
-0.709410925953265,1.10974854773583,-1.02662201105255,0.242455544831509,0.485801662547548
-0.58171725692246,0.166815415158704,2.32129781568599,-2.55858264224597,2.3057098736753
1.52453904237754,0.948536240949604,-1.90708264444087,-2.26681089408554,-0.940446043912952
1.2767663216803,0.998658955972534,-0.680203348974854,-1.04102134728237,-1.96888834825189
1.03931161737771,0.125397658738159,0.157191072873508,-0.473374634887722,-1.46460027936392
0.00273044386634434,-2.84447419437781,1.04037760048444,1.93473813619838,-0.228516210907725
0.601704769322803,0.553731337016685,-0.496109341118738,-1.00269853623767,-0.419255838473615
-0.300553914011295,-0.715773974104117,1.24142029123951,-0.847569021078572,-1.22682485257646
-0.193163999053864,0.36560424067254,-0.950001238616464,-0.664549642031533,1.19814275518888
-0.615794648959186,0.569862255695375,-1.15101849575132,1.29107545130467,-0.532812468009098
-0.466518850443552,-0.779543389621432,0.169792269368757,-1.16139682192973,1.11115466052586
-0.179983038873109,1.13700027155256,0.200857746998155,-0.361679846920915,-1.51033405369689
1.68986774275063,0.144045949534979,1.35595152257709,-2.19425517163987,-0.461204646379143
-1.80310473777966,-7.30745013445167,-3.32526742139452,1.61922009113047,-20.208357130675
0.281833949339225,0.787112873584411,-0.0838028543429544,-0.292026195696549,-0.671020919308035
1.42396558888599,-0.701870813957565,0.369371978409274,-1.90234385749186,-0.254716625784989
-0.925862134077535,1.02062724058028,0.0762360021050554,1.39604424739456,-1.9975010817826
0.307905493416121,-0.781377148831613,-1.29864754530126,0.686016763408433,0.236298052054613
-0.179841197268802,0.542062732464979,-0.770067470905457,0.0765026900059874,-0.028872958043692
0.40855914100602,-1.31828590079936,1.18312788441302,0.663292801684437,-1.22224934523675
0.986639422736421,-0.955004071091974,-0.00128151574810762,-0.781506982470671,-0.0335596465681823
-0.274454757288204,0.339859608741113,-0.219101182313547,-0.137710676824506,0.273664674929201
-2.2188312438084,-1.90689936488259,9.65249981732171,-38.1266427002172,-9.17383558200462
-0.239553768463866,-1.51084856864131,0.109418207353221,1.15668710334437,-0.331174198117248
0.589383552592979,-1.33402821982767,-0.0733994836629296,0.346822460045916,-0.182776447261349
-1.70214413980657,-2.09430928126747,-1.71695829834872,-1.62781527032061,-11.1343920919442
0.189796710655532,0.0537257216736575,0.854618353707641,-0.937578782125934,0.148524993141076
-1.47826416966753,1.54731961624496,-0.773322382130462,0.610020592214716,0.0569557673676755
1.55905970325287,0.29351264935875,-0.874607774665233,-1.87546906504506,1.71625045704765
-0.241402815404983,1.60280104855476,0.271143839833972,-0.681260235068798,-2.63910725205772
-2.37143876776763,-5.33200855050373,-0.523452827387432,1.29396086131864,3.16952290899911
-1.81961821964121,-121.070937346607,-79.0447077446382,-107.076702893704,-62.3560370097417
-1.30192316270945,-2.92147934745752,0.633587077955832,1.86784174870464,1.22808115147908
0.599179512567357,-0.50846045907259,-1.10797834234785,-0.795797055220239,1.0501291451486
-1.49490369575936,-2.39765305627982,-0.725883838350828,-0.48534251350844,-0.64663290937513
0.849916380113145,0.226444077612067,-0.177821802228699,-0.512951938253372,-2.15436319020254
0.425142394153383,-44.5775727044015,0.409646608989374,-0.875635198786565,0.401769700723941
0.0697068425594841,-0.528706738357503,-0.906754108675462,-0.612922903187503,0.442585072584282
-0.439900190551955,-1.89220526891616,1.69892592311612,-0.846746449316402,1.41240186494933
-0.167596693808552,0.372557517468589,-0.491772191172875,0.749025077244697,-0.174362633440886
-2.02143662339054,0.549074586058502,0.946433506807661,-1.39234787493838,0.227419712883207
1.21372250154802,1.18334387167924,-0.17874137470839,-1.06228065709466,-1.73857488018313
-0.599026560924243,-1.99964649345024,1.14681048518148,1.18927287928891,0.623045251770817
1.41556466851823,-1.36637961238484,0.866163796514078,0.404631222885492,-0.775932635781638
-1.63734613501212,-0.299444037671996,1.56023775754249,0.811104791277907,-1.64626985464452
1.00833658309479,-0.37134269182592,-0.0674094456986059,-0.739748032998126,-0.487138394044712
0.224445619257169,1.5614337821339,-1.2936484527829,0.190807657903493,-1.70300996276824
-2.16132673799677,0.380149015009821,0.281789991556415,1.23481355383732,-0.338388094207407
-1.52375948090271,-0.669444791439987,1.37531425393789,0.6443575341791,-0.394170838602578
-0.218627171919125,0.542575788310917,1.30143857994092,-1.6190480409118,-1.83346727390514
0.305535262184972,-0.813997599264394,0.22267163003675,-0.177043915908183,0.226250508071185
-1.19141531784894,0.814753675948578,-0.302015044080929,1.13995678520587,-0.659385655952855
0.21466161104296,0.470954644213774,-0.357693758719768,0.460197402997481,-2.57281509060372
1.32174765258023,-1.10038989695977,-0.723914112312973,1.49561255236587,-1.52480136284245
1.44243087263247,0.721120879636544,-1.29860571686417,0.615630859484485,-0.93299354333915
-33.9438093525302,0.997089427445061,0.645318475444665,0.598381482091866,-1.2240897016237
-1.13393511659157,0.79083883454842,0.246246364433959,0.120763723461739,-0.764998188867907
-1.4166379357367,0.818200728749885,-0.235723237871092,1.28831380186755,-1.12927015591584
1.40729313229433,0.518758591848436,-1.74514601720656,-0.0483451672815115,-1.06479601628867
-1.79679059067636,-1.16178261107723,0.389188121798634,1.50180856029444,-0.0181125201674824
-1.03213520800982,0.761389057949564,-0.625426462576928,0.671510592540384,-0.479493834553405
16.0593614038983,-2.94564354115061,-2.5311161028755,-1.66148883534998,-1.53576872969596
0.846324812794974,0.949431175465836,-0.30106416068077,-0.576179189055412,-0.649436624001735
-0.997310713878327,0.669075688354572,-0.26080605824545,-0.495636265501897,-0.0206951092216874
0.930660839635053,-1.03247266158341,-0.832420838448522,0.850721380447206,-0.631767824975981
-2.73831609904367,1.15661561246835,-0.742253952805361,0.605012730423287,0.695992687024893
-0.148013357154108,-2.09467773484275,-1.23097187187577,0.160281178541768,0.652796360922315
0.373002895300608,-0.201838436997604,-0.685953920914264,0.00791478995955157,-0.285983452170228
-1.62411004057866,0.943722912895686,0.68178783291683,1.01390628995581,-1.32150524532429
-0.82922258794982,0.207530320967928,-54.3971645658117,0.0554251407929999,-0.061539168903353
-0.483087107376958,-1.19151436478881,-0.15319362996589,-0.605036744300414,21.5075213097014
0.740973756657862,-0.216692585925831,-0.00285574102649732,0.585215820742344,-0.294090863876519
-0.345448055411169,0.940386430199965,0.399428991958539,-0.243518007713555,-0.943146850630045
0.548131104852777,-0.892843110935551,-1.43195815697198,-0.228990291012887,1.18925103415778
1.4679230322448,-1.40732699862264,-0.356649781063851,0.710891322422649,-1.05250596956348
-1.18295660353268,-1.36067178894886,-243.726563157037,-3.65300772809003,-1.95768936281469
0.834375160306356,-1.13354315446623,0.0542268626443609,-1.82449451348957,1.48859011657063
0.989803780731886,-0.274189031199647,-1.18885322231221,0.441759371748155,-1.75130367041937
-3.57916111963564,-190.788260876316,-21.5032521234308,-166.481347819706,-236.192424799044
-3.02389778164171,-1.82342554449537,1.4434131070514,1.7079142144609,1.90193962229337
0.431972046243165,0.605649175992286,-0.417109330109884,-0.972350139569582,0.0635326368903427
-0.285316843069197,0.0518877986324859,0.081953016313161,0.112916525172215,-0.511084566053104
0.450628860665631,-1.05466732767058,0.871141119516866,-0.248132930403746,-1.58273163209527
-0.176836866144973,0.322854052242346,0.566847979607729,-1.07769656208654,-0.201113855092638
0.505434291193761,-0.0657163713445449,-0.435741269382533,-0.421210786433256,0.420421344999647
1.61044291562419,-2.72174629500383,-0.757502409034247,1.36437698290436,0.422798874124367
-0.545180692832023,0.466528198147411,-0.575573587671099,-0.461246524274454,0.151969535748766
0.903087651413621,0.268941552579513,0.532794234809294,-2.61501050954246,0.833287392584202
-0.354212172828591,-0.84708189441488,0.336882429379911,1.06414381806092,-0.693904964592544
-0.954467689521727,-0.462448503929969,-0.554547727796551,-1.237910761289,-1.58434679822894
-0.898394349042471,1.09697952331908,-0.609622137663393,-0.094636705042085,0.68217029316602
-1.73360572094294,-4.21555045426448,-2.05427510719301,-2.24322952997276,-2.62727489528005
-2.12490808635492,-0.763214372576237,-0.604955379605545,-0.967067752417579,-0.843162775128829
1.15037344109409,-0.474915663840871,0.0191279883784755,-0.583626526281941,-0.548861949383636
0.247043691290665,-1.39382033972081,-1.61316129871502,-0.631616647347956,1.25026053349294
-0.951181707761404,-0.43400232607415,0.748936284395934,-2.20458312601459,1.49301527402401
-1.40309380493895,-1.21334618637379,0.0657689537663586,-0.0824857413764444,1.45273791467656
-2.99398667429357,1.26237158360421,1.90848534557539,-0.376194394472487,1.8783972909035
-4.58805828834614,-1.37576318910958,-1.38556590290731,-3.0655877182268,-1.5599798955442
-0.446784013961924,1.02065681020578,-0.200332272675226,-0.652932869543194,-0.480484915473833
1.86577062298982,-0.578309560648237,-0.794283737198738,1.52739313299844,-2.87633748092525
-0.818962835948473,0.892084869633399,-0.942178848752778,-0.375008327956886,0.172504057022989
0.969565411459571,0.643359544031058,-0.699687549819612,-0.379788673501013,-2.01830709454235
0.247398733559241,-0.536133322688145,-1.08047284029178,-0.350379208324901,0.666286213626585
1.50359964175337,1.51340288237484,-1.41153070651807,-0.362875318025417,-1.37192787168725
-1.34095257531287,1.55608049834098,-1.02692034190079,-0.492967616790077,0.817465372534791
0.380341179844928,0.171046241308686,-0.125773235021315,-0.944095525100448,0.799505157459362
-1.73140653377872,0.410691160386468,1.77075392236574,0.749789057677418,-1.79014302486615
-0.395806403530475,-1.90512472451105,-0.677941090559048,-0.113317677226125,-0.21492297417604
1.12153360517605,1.27537970486835,-2.28393047506689,-0.343738802713044,-0.511054593908873
0.00840472200859769,0.0982355244988955,0.553375897213556,-1.68714538822349,-0.241601903999847
-0.325062087144036,-0.270890483600499,0.752844335155429,1.31202517954914,-2.72589773874809
-210.806141448691,0.0198643256098693,-0.143213708586046,-0.245883542844961,-174.345434885219
-1.47387542846439,1.37626482071528,-0.321686385158181,-1.54895107692646,1.60247572869009
0.590563864321161,-1.17414727844786,0.538828030765281,0.710728152375821,-0.762226564715285
-0.859204720097281,-0.693582225226287,1.13408863858789,-0.290570250345185,-0.161214231289052
1.68518828109927,0.372180308886675,0.816139123126376,-1.99558351084965,-1.00600864985218
-1.74205671591297,-0.374549475148509,1.07507361172317,0.472717865983933,1.07849277673266
1.58345157848135,-0.631283254456795,2.05807981444461,-3.01045189872958,1.85261476198614
-1.75518593389665,-0.826921931896249,-0.450188379556691,0.282803302885208,1.43115505022381
-0.222968980733174,0.135637290904385,0.106345107931541,0.0226487284978838,-0.372797233374114
0.116980447975443,0.4461456422516,-0.121352527321468,-0.355434241484532,-0.0797921996745735
-0.304887856647825,0.609859284265904,-0.500091050311085,0.615768818740717,-0.955931698350801
0.339973488550058,0.295836788060713,-1.39272314741514,0.0268802612007239,-0.20784007493691
-1.90357294146024,-20.0195135257085,-25.438073425084,-8.1020321483372,-3.79453311154754
0.514220996603672,-1.06295309433345,-0.0221253397420033,0.999459912919018,0.31208251973456
-0.0101446711769673,9.3367460521999,-0.888453369926783,-136.38704837743,-60.680694976224
0.50864467137413,1.75923605656484,-1.37983285730732,1.82944612928857,-2.99661368871835
-2.19656329152076,0.623695712208026,0.65278753550312,-0.317118584358631,-1.1046810128254
-127.88896931051,-176.805685894669,-1.9403038672694,-58.8690855396459,-35.811421301858
-1.41009601113019,1.28641311947652,-0.0897125889971401,0.055928624670637,-1.20483672147029
-0.640277817867437,1.55865895365903,0.806284685547433,1.12265436509481,-1.89181910365931
-0.31669528467696,-1.75296276621226,0.845191647820419,0.0402318865779115,-0.0531091509359422
0.227700127054561,-0.599813866708131,0.54423779665718,0.199322558242751,-0.90434522484411
-50.0386907454417,-22.8864210640907,26894.343649043,0.0149441830923488,-1.14325445636562
0.210952910628658,-1.48348690864375,1.39860676410657,-1.85064437476601,0.152127417748218
-23.6122839458084,0.975734234601587,-1.71480434177251,-3.18737613316108,-3.08630026364241
-1.39157057719427,0.335947585141088,-9.104650567887,-242.039404651013,0.187966468424585
-0.772628404300807,0.860036467805903,-0.498719985169622,0.111498661992086,0.0191479880386537
-0.364273613904576,0.159714593101952,0.207257620180004,-0.935496199385852,9.14162970498444
-1.23446113041018,0.207910244661287,0.625489055363353,-1.25761279802491,1.1190404106957
80.7810617082743,-65.9646732129692,107.708082277699,-26.6813712649774,-32.345401872183
-6.48582151860699,-5.89482630199353,-60.9448041414792,-143.209454103556,-152.720053609595
0.952562740319188,-1.40651115908378,-1.64264298143896,-0.412732342138765,0.814108735857943
0.988388603770671,-0.437000359691794,-0.526825626518918,-1.63145758263084,1.0314287299375
-3.21527704143512e-09,-3.40156114197193e-09,-3.29524782064204e-09,-2.36264678951247e-09,-2.7910347220835e-09
-0.910166514265736,-0.426822195980975,1.21613044132055,1.61182284052246,-1.37887649796197
0.0673686018681983,-2.16326356975945,1.44347926312565,0.47261271427331,-0.604058528868797
-0.400552021397201,-0.121445775624613,-0.333494095305009,0.118517201731299,0.288546769569652
-0.683395331452891,-1.7449282183497,0.245607068235401,1.01670753873028,0.39649472692244
1.2660721434446,-2.72280929526904,0.366094896690286,0.070580371834339,1.05555173188125
-0.00710926475379961,-0.102023612706747,-1.80988369384439,0.812922229224882,0.894448947580602
-14.0700863232138,12.88389825879,-3.46756538729417,-1.61994806060451,-14.4567210645596
-1.25051584264958,0.462391569249386,0.602620243584875,0.206342970038372,-0.373596834419171
0.334823825504144,-0.34185335940365,-1.07515023985773,0.531066329085022,0.48271771622273
-0.424536539420081,0.344827756357626,0.153702670963347,-0.279390983895806,-0.164649792314505
0.0223887602766803,0.0679671731443356,0.401619904837032,-0.265373646126449,-0.299818974414259
-1.00937138423492,-4.56815582303355,-0.84716691087577,-1.84961134613697,-1.21146089255756
-0.631865600234375,0.460796803280004,0.31447623511264,-1.56502496052962,-0.0989969652291812
-1.37889035460226,1.04333508850125,0.0743872063056692,1.24093837964011,-0.894151558929872
-1.14202145601295,1.50415868493217,-1.43312565567293,-2.3348648185004,1.76120496712146
-0.128419188799946,-0.172241525844581,0.264008943882113,-1.79930395233628,1.25993840177481
5.71853650819082e-10,3.84166724210228e-10,4.8351861385076e-10,-3.10077908231697e-09,7.20290766450746e-10
1.87817476768875,-0.583207719634555,-1.20586263270959,1.33988015601201,-2.87668789128639
-1.16680241070735,1.52603205312802,-0.853440376458085,1.28827551955968,-1.29771162809687
0.665397080610579,1.14906507279842,-0.0275741075100927,-2.66713090467502,0.339972413260182
-0.833603195252592,-0.169863631323858,0.911732892377347,0.509833438010424,-1.60427684700396
-0.56756845073855,-0.899577186632584,-0.421175973948795,-0.355658184608217,1.05844425804151
-1.19540839252957,-0.801827722143227,0.596992095980096,0.288736273085407,-0.917845671446935
-0.539387881361179,0.233737255636337,-0.220335362735004,0.269977166158957,-0.249872669809926
-0.404920595339857,0.296121837709788,0.253972221289683,-0.964247856618638,-0.253940474333617
-0.80050442503498,-0.288531555042099,1.08955800582329,-0.550027895091806,0.144022694887583
-0.299283347064831,-0.391039948915467,0.387879206322004,-0.369242818697069,0.502679422115453
-1.51677563633395,1.05321944054944,1.67402494045279,-1.23187937936557,-0.0944280681158803
-1.16174334475839,1.45348390308752,-0.255547485747175,-0.804870932930896,1.2229456580389
-0.999188733826115,-0.352268226271229,-0.105476127725466,0.91496791375497,-0.148292934191986
-0.605776068383002,0.892929638437235,-0.516574128419208,0.0520495365247677,-0.692135252542088
-0.860234717150223,1.0858511283518,0.154261187102653,-2.76720930018689,1.72531681595842
0.774022846746596,0.016798500753124,-0.586422013570071,-0.954041954749781,-0.108577734922021
0.831185480789382,0.567911099696068,-0.993751393117907,0.946690710390093,-1.52697140759259
0.430687042780025,-1.19549450593825,0.0162557070057151,-1.63106023801072,1.26729524763674
-0.177253398817543,-0.439067538900266,1.65173502774442,0.977541069061237,-1.86431544990804
-0.846924521208909,-0.993866988244917,1.52888430121396,-1.51850491735137,0.171228954079721
0.573135255982732,-1.34993228289779,0.298014640271282,0.685727576517225,-0.452169049254108
0.535891357612892,0.42119123425998,-0.0408092599108814,0.461278937152705,-1.35780126392454
-28.4631860536898,-22.9575461351046,0.211623362617405,7.20463130168402,-16.146103829827
-0.159037790325536,0.0787997065554596,-0.117447244665358,0.634564287717245,0.105123181618788
0.186419197216416,-1.68211827483245,0.785256650758355,-0.918125969170401,0.947837280607463
0.533513791929751,-0.502151582817283,-1.03967077203305,0.6714916062594,-0.0858600194175372
1.56895302254856,1.00359473268226,-0.500927109749898,-2.75886208590161,0.0566433613368523
-1.36865782646794,-0.468419186563749,0.489691077508328,1.5133025068032,-1.3255752303516
-1.73911250074941,-1.05449573192525,-0.390129057598214,1.25946422846792,1.20748822205222
0.687805848544158,-1.60240376699922,-0.110700696544939,0.557799592569014,-0.196049560562289
-0.702288709730397,1.65575375865494,-1.6787169262267,-1.86580048791679,1.62729842447857
-1.34347046406632,0.420655369024922,-1.2620193733877,-0.638586986380973,0.997379916186257
0.363702181271352,-0.354861695553518,-1.38025916394963,0.730787050821425,0.768504410855583
0.398099963022056,-0.370414386791228,-2.18027113377302,1.27554501621021,0.666182934996809
-1.35744648269784,1.34485025177559,-1.49398635414289,0.850394248439962,-1.49793478567087
-0.494925777272084,-1.24326616677673,-1.09949038642038,0.673719570356291,1.30924658903236
0.541050043481397,-0.526796786613004,-1.09787078295516,0.373148223986357,0.834215403920683
0.992844290129778,0.346619134531321,0.373760831221187,-1.34735690315555,0.0195692840745228
0.439046441810529,1.10691282375318,-0.768996990432815,-0.731647311675007,-0.148442726565914
1.21361209032184,0.269222157162112,-1.41606569815224,0.384163420931708,-0.780014710825096
0.272082659321335,-1.23992364597786,-0.11731630431985,-1.35153957221486,1.17344738550755
-0.781422575695642,1.05236265253459,1.28819758348801,-0.738610578244156,-0.636632591294417
-0.95051560685038,0.2818991349549,-1.45820579080256,0.222665179252228,0.339718691592778
0.480113476506449,-44.3810497753894,0.634032359819117,13.3039078598912,-0.855577911571042
-0.450706016087573,0.449818384042684,-0.621677980205443,-0.221389471160196,-0.265263211946105
-0.442193063085217,1.01577407389438,0.172693120466417,-0.390634097264808,-0.981030104873761
0.103480151212797,-0.721953425302647,0.120495651767085,0.152014600908277,0.183651840253689
-0.0776515115005275,0.601804320627879,-0.648554582060865,-1.84469257173377,0.154542171612008
0.47392753399048,-0.488896521948221,-0.0105210022827959,0.459902831261093,-1.18302733591609
-1.50607572794161,-0.0960631059010557,-0.188476106885788,0.117498931446549,-0.0519769608993144
-0.784353902085869,0.785186948911585,-0.613046995453384,-0.604397582485437,0.202257232488322
0.0286002225836562,0.332564392380136,-0.424266723964112,-0.00106712832182728,-0.170386743884123
-0.994896119944115,0.849950152126183,-0.578869654044576,0.909486784418874,-0.846951277983647
0.53321182196648,1.51607460807346,-1.85604701679163,-1.32478480672084,0.310638731520344
-1.90261945825173,1.39960348872314,0.879929462536603,-1.41981068261952,0.485231970972058
-1.12992743944513,-0.909172017933868,-0.810726525781032,0.461159995261334,-0.133510403900988
1.0378671325281,-0.531673940108364,0.120005710624175,-1.10295953852458,-0.0903563108598454
-0.779097685797543,-0.659000666620945,-1.24850212199806,0.382151157611034,0.784119601917505
0.710820954133289,1.51011161304556,-1.04729017811378,-0.218662067336947,-1.57199477955402
0.681864179769138,1.18824155739639,-1.11727653208586,-0.933675949552503,0.0663168640522574
-0.969167896430327,-1.45690834796586,-0.703697765468783,1.15647583033799,-0.430233457936597
1.18165887665758,-0.87691890328393,0.526424994565257,-2.26194109033229,0.624332105088867
-7.7598562510588,-1.22643823393073,-1.80594674975145,-2.27236030794122,-11.0408588369383
-0.355853601198221,0.20956164397841,0.129584414700818,0.845118934821467,-0.513405901236772
0.225459938300124,0.656116106396396,-0.229661199406583,-0.11606951848855,-0.67561202812265
1.35447172582581,-1.92799902974314,-0.726762815758741,-1.29204044164106,1.40899145369441
-0.606203822992613,0.37481031973872,-1.08487569038809,0.338326868333512,0.204559435073453
1.16123036698574,0.630231430061308,-0.978734716052639,-0.411395102712452,-1.16648050098884
-1.68618791369145,0.190934971502671,-0.561768752285895,0.972290276131817,0.626350346485708
1.18880312123707,0.728272611398596,1.07729194050027,-0.93726173937859,-1.9043578876859
-0.795817273086989,-0.949198616375503,0.690822265268989,0.237398011708525,0.537781889934108
-4.07738403375905,-11.2961093655978,-9.4391630633412,-2.01267605121066,-41.6301085675375
-0.43420212538665,1.26443983918518,-1.92266446564287,0.120211366525071,-0.386484012102209
1.02314515447079,0.171472408830289,-0.91052258114061,1.21600973395043,-0.805699540569765
0.388154794353184,-2.76400864114965,0.144215137043288,1.88181990589916,0.201276098054548
0.183757183231154,-1.08704545551799,0.314477455693318,-1.0234673284834,1.287066722721
1.78683100252777,-0.988406137952296,1.71302962919907,-0.207087432292012,-2.84774436574865
-1.22032462535241,0.649699110206524,0.802837240616426,-0.517239594040575,0.0356850371488057
-2.10873313725998,-1.2797789580683,0.555372084870445,-0.68722919558116,1.42006549040582
0.144065412266874,0.56537692221433,-0.565943368556426,-0.140401197939402,-0.924137579937337
-0.874943725172042,-0.208921904693111,0.174019220718149,-0.132855448019681,0.635239675612686
0.608998809550481,-1.53884608404756,0.859976235517552,-0.801160052405432,0.289253810202608
-1.4123719745894,0.92946475828009,1.42283879171444,-0.0589484776142177,-1.6615439886942
0.747928807289545,-2.21494115709078,-1.58597121531321,0.0996836734364111,1.5077109662018
0.536508543655395,-0.876190013191818,-0.875491865868273,-2.16497785701732,0.859569345676041
-0.1847793886443,-0.862352859986404,1.54353718786528,1.61770434630634,-2.02422659576219
-1.59752784713916,0.0493443679022245,-0.368075484559993,1.475517907732,-1.67687526758992
-1.83697121778339,-8.79099775915323,-1.72888825484631,-2.23243158385545,-3.92364296894615
-0.501351696301071,-1.42786500476337,1.15477650979638,-0.344589549023629,1.28081521282292
-0.0528700496597247,-0.453785484731677,0.491269692495571,0.532641009175894,0.1964549842498
-2.91493680174132,-1.98592435255389,1.35362270775522,1.25423906791365,1.02066281457911
-0.0823951214836038,0.705423050506319,-0.238334507701222,-0.618368355670868,-0.158596053560555
0.428799227726611,0.36180064794116,-0.890307078079174,-0.580907027782246,0.591382794870671
1.44839738942139,0.993592354323248,-0.245383553946806,-0.837810151063797,-1.34094195328757
1.78828925031478,-2.82970625115131,-0.0353032918680236,0.286266427725124,-1.31129772801005
-1.49642898729396,-1.92715855782968,0.80907685489936,0.711906607181437,0.765803777242649
-199.175433742582,0.591812036541699,1.559291412467,-1.17090289452855,-0.208249521237461
-1.77560023759625,0.787931253810065,1.13591528024069,1.03963796828705,-2.02256743224302
0.583240887687923,0.0172334751171163,-2.31143043986598,0.782469072286314,-1.71648082841992
-222.300122343788,10.6950488818091,4.87096526995543,-2.05470905312164,-40.6079980588401
1.06924598744434,-0.102595437530288,0.229180570851054,0.419160087372462,-0.362520323931612
-0.0830286416976629,1.65002348923219,-0.897421887720966,0.642327708835502,-2.70592761565173
-2.17897399479904,0.0543671278006881,1.53683901275825,0.933296209666145,-0.827254415281821
-1.93942702950069e-09,-2.52508293109863e-09,-3.07653014348882e-09,-3.2069098659761e-09,-2.54286226744961e-09
-0.627649961772211,-0.87004892382182,0.942611773284748,-0.392459183549193,0.564423925563624
-1.82870363513595,0.411370000025567,-0.221885264600246,-0.227890136519699,1.25550935417038
1.48807630005493,-0.515315074711314,2.00153285392248,-2.88561543826055,-1.19954357805944
-1.30768167215851,-1.06986571086022,-1.42416051998338,0.733457376935243,1.12571405331168
0.71481359540882,-0.0187217693703713,-0.0924901591710569,-1.17097532465871,0.0858231547433161
-0.313618167474427,1.5678283672008,1.31609449762313,-1.34477301645758,-1.73215151802204
-2.08572338712911,1.40468549671371,-0.0397517095296855,-0.130987594753148,0.0927310901292441
0.379806517036631,-1.80858023655414,-0.652809829796752,1.50368435414688,1.58405487108317
-0.914805900400896,-1.88261428979407,-0.727137815283566,1.42879430536363,0.175189384319038
-1.16042768250954,-0.729145989312014,0.08389686197727,1.41202254512933,-0.591085592113457
0.831947202280321,0.0502523746893432,-1.16633231447949,-2.8898376446165,1.99942777797548
0.194068981299077,0.628385357537698,-2.7724691966012,1.33011731420132,1.1088314584808
-1.0550964574477,-0.341728131514864,-0.216878767207475,1.22687750019304,-0.842054917975222
-1.54225319303829,-1.52278353843193,0.735900846016275,1.77409368624487,0.705447915802139
1.25689557808281,0.284431740689267,-1.22804336233177,-0.809382590188984,-0.646905626272819
0.337701597129826,0.330777691005182,0.356188148759369,-1.49871854358628,0.349197703309061
-1.33616568393413,0.89564510267635,-0.920102029472543,1.37804397436259,-1.4904557196952
-1.05803314228291,-0.093164963614193,-0.851593515221514,1.43399590321963,-0.336848146874066
0.605058785950262,-0.184371405334615,-0.442425890153599,-0.30489329747358,0.139970535163248
1.13963711093742,-0.463611522883536,-0.681084357289311,-0.723925542588621,0.347166926032127
-0.737928614727353,-1.34393801335085,-9.5286173830951,-8.69823803213837,-1.5553612659893
-5.95880997164832e-10,5.77453412990811e-11,-1.28766005725809e-10,4.03697794850773e-10,3.16524844556975e-10
0.684477742620211,0.613520160180658,-0.949163358805776,-0.731004484526481,0.037502839735193
-1.95657218034412,-1.54934717912022,1.51770378424769,0.77544811394923,1.65115920195204
-0.267821692541044,0.975082586392063,-2.02938935682509,0.0891754830745813,0.437312638435411
-0.0870420730558848,-2.69281935410495,1.74464530409278,0.0109977583535173,-0.00914087824115614
-2.26436450890733,-0.342503909575188,1.78244752342304,-0.156927149077173,1.66494761303903
0.747917777531323,0.909284209063626,1.20725335109931,-0.856802689442663,-1.64474125038783
-0.6454685314316,-0.639767585221768,-1.97990777420464,-0.279781409319622,-1.72009046564479
-3.7916191844267e-09,-3.12459842542279e-09,-2.79999061810417e-09,-3.93089508473395e-09,-2.38842625338119e-09
-2.57003983356188,-8.1078220057601,5.44562427354296,-1.7070607022943,-3.44146744524371
0.733162156836727,0.992293916423544,-0.761739531107249,0.338532591795486,-2.59297086821373
0.894672304209418,-0.126619982399889,-0.361902901043513,0.516683345403094,-0.953040095292681
-0.393004159857469,-0.807003185263131,-0.587826503151062,1.1277531443769,-0.812281971186762
-2.20610543044662,0.953340704154461,1.66257204534855,0.120459893364851,-2.1825720150321
-2.50865817444035,-1.56748205703,-10.6126177875392,-1.58452618499159,-9.65893663552183
0.654843710877106,-0.806739325413148,0.114767462839827,-0.0691409593889141,-0.48472535646625
-0.812820936279531,-0.251709780025136,1.45644466960577,1.55876047876448,-0.878205924752942
1.22353226584377,-0.138535895465026,-1.31540476050359,-1.91708533171759,0.713141493390733
-0.677379085075774,-0.505191351645342,-1.12168810649387,1.5440577393215,1.167860451993
-1.15270271211738,1.27865730558021,-1.14198256261638,0.384114659490653,-0.852028866975595
1.35421869615993,0.30775788085149,-0.122674863957523,-1.17770966377052,-1.35421259559436
0.186542023867568,-1.64528042796685,1.2825552051174,-1.19567482846574,0.840742617245473
-0.118518410126081,-0.898236030425756,-1.59974765924336,1.14723536882209,-0.0468867191135466
0.0524494758610953,1.53916751962096,-0.0191310206715171,-0.653938292994072,-2.13734797148439
-8.07067477084854,8.35408175862135,-5.22024104324315,-1.75387142469004,-8.86124602883163
8.25735609570294,-45.7793988800247,-0.457489340454142,-17.2350275682892,-39.5595387385372
0.189958538055081,0.644884332757631,-1.43668592431384,-0.407242103210193,-0.226314098564235
0.651812194449496,-1.43914708085385,-0.526645140581929,1.00783408314779,0.511610869220761
-1.39910658382997,-1.5877554741691,1.08198261205266,1.37904601231122,-0.236791869152062
0.00845833053060126,0.00258140801764413,0.191302862571294,-0.058932493762862,-0.240775199803922
-1.50388591621345,0.645800646703472,0.222462563253729,0.285744429657424,-1.09038362312013
-1.50848590558889,-0.954095285574154,0.649359848085474,0.651304939188959,1.35925638981366
0.298226463213493,-1.58196669377603,0.697688059094783,-1.560184474872,0.756514385484464
-3.34936785566819,-5.25720121372768,-12.1851905060067,0.355664002547815,-0.320360630003657
0.217767792287715,-0.658090907882253,0.409242382069158,0.71459641797434,-0.266730467423099
-3.38412595523966,-1.49464055653876,-1.80027201480917,-2.53804670879695,-1.59532231008338
1.60725840338145,0.664590915207756,-2.72373174275604,1.05091645265938,-0.41448380435229
0.970698915255187,1.24260417237238,-2.77437333077243,1.40945234637924,0.282009629383195
0.180270197475413,-0.727544195543908,-1.02926738693225,-1.71731945284699,1.50203717065072
1.27877451883844,-0.480476764669599,-1.05855645874648,-0.574822192978884,-0.544688111859601
0.596168911664633,0.804743961373283,-2.19416569112058,0.694615950073643,-0.470642777809221
0.913677926547294,-0.328151557776353,-0.0158915018992248,-1.29530664434368,0.391399373337143
-0.602085601345835,0.641683984797387,-1.38818994158205,0.942146759531034,-0.855023136306178
-0.483326027851789,-1.1874794347484,1.07323912288012,-0.482507473401629,0.59817597410064
-2.40101918943333e-09,-3.05699535718382e-09,-2.33500480723597e-09,-2.33848251607604e-09,-2.31021573132658e-09
-0.353427921367192,-0.0186426371406437,-0.419082171974566,0.33045225514027,0.386195139754119
0.516021722279678,-0.913569799060749,0.990975409885493,0.261740172799142,-1.94753776211552
0.752716804228557,-0.00156404376911517,-1.23230757630062,-0.389714981237647,0.744600542899148
0.0163968063206075,0.349325191771758,0.67085687182309,-1.53601721874997,-0.283994437212944
-0.0189516897934424,0.205764146204889,-1.68678314915062,-0.293756676878494,0.150543109708353
0.688104018064007,-0.0219993765846703,-1.37091373432164,-0.642224234168155,0.11214542929204
-13.5018596748904,-105.112797793285,-0.856627674745309,-1.0204155655156,-0.539638203138183
0.797654296668079,1.32608228758905,0.082823343943899,-1.97967831563634,-1.03990096922897
-1.50177340170855,-0.355768254416869,0.722816667184359,-0.974220290619439,0.417733933720632
-18.8473316962581,4.06119949255026,11.3094578915542,-3.50631786589999,-21.5561339145718
-0.322393625476072,-2.82099508663485,0.807594412261118,1.8077808783189,-0.574298084782881
0.730035987210469,-0.201596396200116,0.0263935804457704,-1.20947864222489,-0.945899221355145
-0.511828517500959,-1.13801213839038,1.32554642720163,0.38857210697739,0.0392991103234926
-52.9862832046546,-2.08687464321778,-44.5652442526665,-61.6245359239156,-38.8261487762595
-0.260564576211806,0.211618312577144,-1.18833445611658,0.732787398352679,0.171569389986059
0.545952158824308,-0.733890527937437,-0.967928747211881,0.843555740405386,-0.537880271452901
-2.30384763629402,-0.901657845196547,1.70688118329073,0.965130389192804,-1.04539607155624
-0.954442429574687,-0.0887474123385502,0.87730397336277,-1.86737757178991,1.41606883161594
-2.61680339495113,0.211002985121162,0.144307707707173,-0.367371594794104,1.06834886933743
-180.067753064054,-12.8276780501802,-15.8720899875673,11.4808797435384,-17.5733462501623
-1.26837541461115,-0.3828273138151,0.727624905890093,-0.109749048138969,1.1563820856003
-1.06364933489001,-0.573003996735703,-2.19094591162315,1.46403222820604,0.7894018142687
0.0578539646808418,0.750379182449554,-2.1229169706856,0.331392590488826,-0.513234078535767
-1.3941031620313,-0.0164743346956092,-1.24979105648441,1.34313584783105,-0.00232012439670883
0.430704514485961,0.230611132132575,0.269081489892945,0.266832482317086,-1.09279501928874
-0.73733284005942,0.317724373814806,-1.0005206582254,-0.152859665994987,0.919393706348643
-0.618110509759932,-0.137545934249666,0.152321957876813,-0.208100017733207,0.173265787466354
-1.43859250066395,0.929501197220526,0.71157974855038,-1.59800011593353,1.0150357502242
-10.087553474799,-1.88577144927533,-9.98623108107942,-2.11642228500624,-17.2749673407203
0.408576917698222,-0.414419356582656,-0.575256769701624,1.41502934526602,-2.2279770996797
1.55777565648776,-0.302624135710747,-1.21100201837822,-1.1391669593619,1.28990565953168
-1.08319451486954,0.776753712497628,0.0652307809092115,-0.187850908907069,-1.15462564928715
1.32321955396143,-1.16110069499656,-0.342323541882094,0.485346551605133,-0.702899340406206
1.47223709461255,-1.37564499761794,0.221104269700352,-0.304113474112824,-1.6663369336911
1.38239722536994,0.846228898439654,-0.228360967868375,-0.68732436783466,-1.35961857065084
-0.428444570853665,0.0753785572670923,0.451777459458408,-1.46267937871203,0.593264909037473
1.43809431907196,0.528569193148924,0.580770275414883,-1.19561840334131,-1.63019970040237
-28.9593206612938,-5.58059812708983,-2.0640427656735,-1.85937962216624,-2.34153180211083
0.449380775493721,-2.23245529625835,1.7805036506029,-1.59602962309742,0.0912145794039618
-1.4349754868566,0.703405694854713,-0.788698385481509,0.692494071583837,-0.523777179391313
0.588121749026944,-1.11374053034245,-0.647803046987412,1.23972801594598,-0.302604917051038
0.635826469192708,-0.987647626927068,-0.192877231914234,-0.517076250983813,0.147176501016766
-1.98869158612133,1.90589420451131,-1.56597940745366,-0.2191271195666,1.58571444907224
-0.395325246446267,-0.25961184147503,-0.0984771589311065,0.134590349568951,-0.0916761632454089
0.190050945673264,-0.0882180816137495,0.16802937203957,0.501438089174253,-0.593776598010039
1.38240542716389,-1.77148874648273,1.25878024452876,-1.0281669886967,0.285463111759323
-0.910233442413346,1.34463069169285,-0.710856780596572,-0.5214591412459,0.80465533622905
11.0414141675906,0.152426413977104,-10.7954329995316,-0.589559282520881,1.00968195851749
0.176603470095493,0.346613198570488,-0.801234279969465,0.333255796886245,-1.59996441094568
1.31511783136337,-0.866058212471938,0.0914936273709936,-1.60065839201722,1.35671608862131
0.68454109506509,0.157701537918438,0.87382928058501,-1.56521553123107,0.224580152875595
-0.410897461568058,-1.6610251254151,0.6084594321582,0.515540963880638,0.0979558793842921
0.5132750203681,0.340065183192194,0.0651961762718461,-0.714163341139283,-1.40142014709607
-0.607572341787582,-1.35678555976883,0.362046559354246,1.25914508475894,-1.40397790540278
1.24863528893924,0.0381690998763681,-1.82347483554107,0.956420651494465,-0.828102923633302
1.46160901181237,-2.77309989617645,-0.714784586119059,1.33349114446861,-0.226100551672579
-1.03584233007661,1.26380097000658,-0.531220168239957,0.469342052174639,-0.923192140417443
1.85082054813414,-0.90166427800678,-2.96607138590711,1.82019744202029,0.936312606176842
0.375987814019128,0.0195817236151621,0.302940976372343,0.223007695168439,-0.960395282910981
-0.26449221023606,0.0843372337212736,1.36988056756172,0.437727823698323,-2.14839543796746
-0.767995787656584,-0.83260120982594,-1.35045900831929,1.30201458478566,0.419611315285709
-1.66958866224907,0.320151352778836,1.10626626210588,0.177996785330709,0.0113188503545588
0.146577401493028,0.515164470404233,-1.68630072786483,-0.147171774835085,1.25022909914977
-0.263911306309608,0.61717748777967,-1.09985265888682,-0.0722504898556891,1.03177373238569
-0.94913795383339,0.430269855742249,0.970288908293329,0.886928911967102,-1.13884746010729
0.471566825147779,1.20136125913974,-0.479478980668455,-1.383323831739,-1.09731495502979
-0.597341273968093,-0.417870445691089,-0.624729791386507,0.910992359208294,0.0534827229450646
0.245400617171,-0.751310633625058,1.73286091923622,1.26406445214641,-2.00321473269581
-0.71464868528487,-0.631128250032623,-0.362189364113112,1.07346297834412,1.1067424496106
0.00409969832330463,1.12620138778806,-0.661640724360491,-1.05750079263358,-0.695266322562242
-1.94792235426795,9.60883985806668,0.175639231982173,0.798648587604551,0.327007203212867
-0.221949414660215,-0.578273637554456,-0.904703475663325,1.10789374113361,0.426564165171841
-0.0425429273486786,-1.45780206516693,1.22684992790959,-0.425362491951236,-1.00359143549532
0.390853787956682,0.267742107015598,-0.259412880083674,-2.55887222478527,1.13093362025816
0.306327372243944,-0.0670498260515366,0.885749063663423,-1.11919002665295,-0.865698007401142
1.21139963718961,-1.06444165607826,0.679619338048597,-0.851705815122948,-1.1015131828976
-0.901802296432284,1.51630588833738,0.384802379401839,-1.05528427251549,-1.38038493783004
0.287540179099956,1.58224791694664,-2.75737170272298,0.990016796504584,-1.19643354824321
0.703392764680285,-0.807995522561185,0.870799547526301,0.885568790483531,-0.741507622088898
-1.67637547555163,-1.42047320717743,0.817574944669171,1.58455565924893,-0.125497204309307
0.877332001511774,-0.54523158885572,-1.91162334543731,1.58372966189566,-0.476540452110531
1.18448407088324,-0.218990774570846,-1.41450221344588,1.62619038659504,-2.95782299040019
0.53228944678051,-1.00035931365616,-0.196042182217735,0.726848559206055,0.257381721359642
-2.01229920050903,0.00758416412470264,0.440007323266263,-1.20993036766974,1.1589340950121
0.958172900059455,-1.28933735291674,1.3113809607063,-0.401828223786983,-0.450639625536124
-1.62720382037188,0.0928482508224817,0.633995805232808,0.757746446278947,-0.377305996424984
-72.1868319338813,-1.6350009689014,-50.8621360074282,-2.60083899630073,-268.292513301808
0.206044389615127,-1.24352394174711,1.01153577617071,-0.458911334539728,0.516780996845438
-0.823391403506849,-0.105084799404209,0.895529375192981,-0.126473240570398,-0.648351998196157
-0.0565642561971062,1.42904766609838,0.163020756212161,-1.18968055459074,-1.4119393091409
-1.17480354076528,1.58002296582833,-2.33368861732944,0.613907724367579,0.384548108335858
-1.05228686560248,0.445299163363901,-0.698312226582892,0.220149313392593,-0.543915170375789
-1.25767879928371,0.342457160177508,0.26164644649875,-1.65492445797354,0.0376105533371417
-0.339801968170885,-0.842910092611983,1.15013137871384,0.456517686672547,-1.27661959049892
-0.198822784153083,0.462339454066564,0.519751274136917,-0.407288615495931,-0.746522340197318
1.64270886665312,-1.24796502717716,-1.93993542967154,-0.461001474104604,1.85841838514428
-1.00305080286357,0.45012606587711,-2.18151138446525,0.34477519102533,1.53857525412474
0.288925626035743,-0.921136367304522,-1.30972287719804,0.905490089092352,0.818135082168219
0.73262551043508,-0.606750201538486,-1.46856700684189,1.1532370734137,-0.578490867389122
-1.90600953377639,-0.0349202433345003,-0.0097218801441634,-1.076913229412,1.41049068279193
0.697166247121543,0.892586492720651,-2.77107447417752,-0.289821425728583,1.93096247365632
-2.19237311240013,0.424680462578964,1.14941962533013,-1.23557084280953,1.96646372922351
-1.15976334868643,1.17748676791753,1.21326787808515,0.665942895490064,-2.77962829074546
1.61494381403072,-1.09579493935878,-2.18844951802975,-0.204611624731626,1.78465279884683
-1.51937305349754,-0.792531290547753,0.617614030600036,-0.936631749539341,1.72927708113453
0.140375076285981,-0.847096337289315,-0.0984592444931559,-0.324405157660414,0.159093096453921
-0.488521876021867,-3.24535941040914,-3.24535941040914,-0.360008127008282,-0.403835152064225
0.780220182066513,0.366476229992197,-0.774130376685558,-0.722279641307321,-0.249849016197476
0.567202240308724,0.304832403357762,-1.0222903978755,0.0533482697706166,-0.595509741555068
-1.01910071785259,0.272479668830155,-0.537657738418234,0.422835222681311,0.480005472012331
-0.567087723218142,-0.789684104146265,0.740935685213443,0.0313268760409803,-0.832133058729924
0.0152808161500441,0.36979291622284,-9.45672057355866,-0.768961692311697,0.514237866318334
0.0989422155178829,0.238774806677446,1.03256526091285,-1.4819914874093,0.22202515719843
-0.743075272538525,1.6708506194861,0.674028287443118,-0.354647620411445,-1.51234747825011
-1.31613753147995,-0.961598346942788,-0.284592791469569,1.28960394396228,1.35892470634572
-0.497016918201526,-0.241288161976283,0.539096334184971,-0.721187821147597,0.781653003692455
0.242191258580227,-0.926949986853056,-0.290286605860043,0.894704684052398,-0.869615651742318
0.304111587890398,0.353494716890052,-0.0623610976398034,-0.89585763970334,0.541580675827449
-0.616575606401444,-1.21610274054474,0.723847932809222,0.245708392091974,-0.0716774123204671
1.04106746204816,-0.125437781205378,1.32847271252448,-2.68467979870727,0.568361201309991
0.224501797754306,1.02018900297229,-0.0640532013873855,0.603522260188928,-2.62806072845848
1.832162205792,0.450391074181766,-2.31660128578915,1.54633644912252,-3.03162511885652
-0.354383983505616,0.203447759411857,-0.142368258317864,-1.28688107701562,0.779671971558854
1.90319705671134,-0.74441043171377,-0.202166733176964,0.660932744017085,-2.89708537625078
-6.03384296970795,10.29510127491,0,-6.18358389104231,1.10083545259371
-2.46999497329275,-8.90026906892598,-7.47138027235062,-1.58637343945578,-1.99957235687791
0.2542696791888,-2.522611765806,1.09570131957661,0.15374989819593,-0.319711044204409
-0.203692898650588,-1.59220689541116,1.14223296578042,0.262827253133374,-0.3914899913452
-0.120723057080016,-0.924660745531071,0.224126705633972,0.723951516443016,-0.487973081775241
