-1.45924617312039,0.800526979811597,-2.99225576244583,0.963450695632785,0.992106957188101
-1.19944660772754,0.345089873780219,0.821442074456103,-1.01786028751585,0.674730617313012
-0.612512573139929,0.356301715064774,0.547561318706579,-1.24269429176382,0.53240220826812
-0.24772731130532,-1.96528821839931,0.275884409241392,0.135893676288124,1.13789481491708
-2.02956306848967,1.4396588729579,-3.35273981241103,0.663688951176214,1.32712377904997
-0.0153284403342163,-4.55236396540744,0.821430918712729,1.00684823218847,-0.18982938836237
1.60447102930671,-1.12218910485247,-0.0145432516380739,0.215446385174503,-0.679958612037352
-0.145230791609835,0.740186306923562,-1.08583928813822,-0.45208578942282,0.573332314743668
-0.54100915197431,-0.495532142082066,0.281855567116037,-0.0191323778581732,0.551694678024679
0.224221651037995,0.49337819271499,-1.50059956086272,-0.719682976525415,0.828212775481103
0.283332488182322,0.811344391524819,-0.876924801478222,-2.01976934264815,1.03080846140255
-0.383227534936683,1.47462730752879,0.314504626723191,0.498731611738165,-2.22244456006101
0.48513095248345,-1.78962008538716,0.87948494299646,-0.473465244216689,0.444136267146289
-3.74940270841884,1.05868517836256,0.817876508842397,1.29080676412135,-1.96766158334944
0.0758132725449082,0.85949265588858,-1.22691675321864,0.325098111382676,-0.262149295347781
0.834068379207321,-0.792648834561879,1.066193228072,-6.35889414730942,1.14787430416366
-1.32710223654091,0.913877695072634,0.202299454491317,-1.17919065356017,0.845380093586693
1.07632221299537,1.0498816889134,-4.44153782910291,0.0767990621533822,-0.419063789273141
-2.15459151427764,0.806249937306298,0.686139614532902,-1.01448340461223,0.598142290452311
1.13172799289283,-0.580725201023637,1.0762880492956,-1.74340630953304,-0.575714993024417
0.905111655090491,-0.169071697045473,1.07304810044701,-6.69915497478304,1.4067833894526
-2.51281861416749,1.06134781838213,0.798412112302254,0.350128096939821,-1.42650441605169
-0.866426780498928,-2.38905528791167,0.553700365406996,0.918141224459556,1.06664458663956
-2.7697863769002,1.05135881451664,0.454001609903115,-2.39939844851809,0.865414421748337
0.907525820312553,-0.426090922844022,-0.22436153582385,0.795727244802216,-2.94518026987999
-5.6730397867422,0.913166492831247,0.4668967378769,0.884459221379231,-0.250252718109982
1.27110505902616,1.53802753620792,-0.212256345057302,-2.22100227126662,-0.976486576936626
-1.92643273497816,0.989824406157806,-0.537609957979939,-1.6472358053131,1.26392151520288
-1.02738390923172,-1.21851318804953,1.32785737404598,0.998562473245943,-0.57474299084967
-3.01432199016975,-0.35552368487897,-0.226338410193621,1.15585437980705,0.787879296013405
-1.38090012616376,-1.47400376874326,0.796250783697629,0.789944142647993,0.339322486372483
-0.196788601318619,0.999348673225056,-5.17138921860468,0.893398363439695,0.866311332431431
0.262829950586736,0.475618119023419,1.1613943791102,0.675993001279977,-7.1810028606057
0.145219291907442,1.08750678536742,-0.918768924159804,-0.249301994120788,-0.313705828237112
0.8757835790053,-0.55299119518794,-0.616096165011702,-0.62598525256416,0.99631615038608
0.457909526053455,0.553838637582127,0.533145757618169,0.858989602038916,-5.23431492306268
0.535646254506951,0.18784465600815,0.548558979281935,-0.559263976938125,-1.45370522361463
0.426349116875608,-0.491291026230634,0.960358581592149,0.931227984876845,-2.79054482953355
-0.0414568093513269,-1.44743248119391,0.169124950665491,-0.0809377749718435,0.766416894786609
0.651337190333633,0.562529638329201,-1.10022861303491,-1.3412072672675,0.164235321145132
-4.37274088614274,-0.841350687429666,0.988323182015553,0.641758794316541,0.293615881598701
0.91786162579483,-3.32876075829788,0.323653403823044,0.446103333265836,0.105663540316178
0.480873295805694,-3.27941114398349,0.5394909521572,0.722040321882268,-0.0990623009323864
0.977898541169159,0.51954972426332,-5.0214722843485,0.784688013496531,-1.0868360844951
0.908372510924916,-0.678618122564633,0.482096509998221,-0.581476353689548,-0.732806745074495
-2.14620061565114,0.535466221196572,-1.5102578669795,0.924712670284315,1.01424933355774
1.08692839237732,0.361604177750978,0.00396622995735518,-1.64280098828916,-0.138352339967197
1.10368391126925,-6.24378969090768,-0.593969783583728,1.15761560314107,0.871757840289991
0.602921036290939,-0.0768805928509695,-3.23598446548903,0.595928299246317,1.00116565242878
0.813777211476036,-0.486225356273109,0.480985679027916,0.964267785707451,-3.76524074572559
0.329460527806267,-1.11946046623384,-3.48434530323453,0.841823420836621,1.26378496720423
-1.21506640133299,0.00588059887004524,1.1271412143116,1.08723848991826,-4.29828062675346
0.771203793733537,-1.84141566865966,1.56205488621755,-1.2577439224705,-0.0324233761707392
1.0136036844916,-1.00217762624481,-2.89285309214878,0.687389090830339,0.451850029087917
0.247591562812815,-3.49503262165922,1.1534656846355,-1.57088020065408,0.674938624530051
-0.0339221239474923,-0.0331147002517508,0.10563561975688,-0.118023305075668,0.0503605852317287
-1.73600818758762,-3.17692972711255,1.11483358245577,0.669363509497512,0.912778627719643
-0.487999318851708,0.723949525046204,0.917507329278979,-0.946793158594005,-0.571563556339714
-7.76347478837414,1.16963608384319,-1.034482962771,1.26276378977503,1.29599170498556
1.3595578840928,0.897667468406147,-0.10630710177633,0.434929098835168,-4.42508674089897
0.698717358622663,0.870033256179201,-5.40900747964464,1.02591270420215,-0.950301292205744
1.30213051098729,0.734110316590254,-7.08896232341226,0.328387554965777,1.20243262786828
-6.91237568329443,2.2908144026062,9.596737951374,-0.701778735224617,8.85422558481113
-0.886542923919711,-1.28231038977842,-0.609884000313585,1.2676481301724,0.840667958399586
-1.61339837578228,-0.188057552192655,1.16884644484935,-0.774132164401491,0.953868272753026
0.94503685888903,0.329092818375439,0.335320043615423,-0.397175906658624,-1.39993697057939
0.569404191344028,0.413053203000936,-0.550896365696586,0.142505531954087,-0.932717616673424
1.01495595943573,-0.326566829108221,-0.736140394095487,0.406653920266257,-0.689555785621349
0.672085157221073,0.562237740082347,0.111097094860058,-1.09673177012969,-0.901334452812408
-3.80487843479182,0.692344919386638,1.36308610048039,0.163468013167172,-0.400917142855899
-0.120080238157144,-0.0671805444347864,-0.0400363615777856,0.162641273317789,0.0108200644954611
0.527956566365337,0.459112396277319,-1.81452908222704,0.668653732796039,-0.573237481107396
0.197245389331286,0.0522775817057306,0.239534160055222,0.280141357797822,-1.03853607353277
0.82366517716411,-0.881248715855594,0.919897429955161,-6.87661340905111,0.80261694198054
-0.885534372699025,0.758884877583768,-2.74566621043411,0.748352760571382,1.29107983484749
0.445034677956094,0.191621979066397,-0.140165409653475,-0.33702291022102,-0.31041573224088
-1.82949656748881,0.602816865664182,0.695813308038448,0.324217110334114,-0.760684846065377
0.684608689533543,0.661382132314823,0.991334896040806,-0.605642799353092,-4.67351920069342
0.855641537314575,0.543168839853672,0.496574879605757,-5.29613444819965,1.07877301463048
-0.579943730117883,0.211942594452976,-0.187907853761143,0.382158969805579,0.0626377192334193
-6.2389916191559,0.939840332445067,0.468226042770722,1.04166194184596,0.361343683612882
-1.59376781114925,0.914409839887056,0.711569279694688,-2.25262977199904,0.772612579379962
-5.79270703233298,0.742779965640446,0.732861927831228,0.742426920845274,1.56878685155407
0.799977466150036,0.991486461439144,-1.77193243541516,-3.09341837013392,0.539011120590959
0.284776363614244,0.225273273377286,0.800212091293754,-0.399368308203888,-1.25770876221242
0.741146324705244,0.482756774181332,-1.75099119553871,-2.19789788465512,0.595303592040662
-1.47806048924063,0.068559364769442,-1.4720004352973,0.952187281758501,1.5440800815546
0.604903044844197,1.29293667316395,1.5067335383602,-6.87508984711163,1.10538582523477
-5.39750136360794,0.869902290273444,1.1088854970644,-1.77166434841564,1.10181520357901
0.499475054197086,-0.18641763121031,-1.35683772945815,-0.507242046185678,0.837849913414431
0.0806300829185004,-0.984375283494493,1.0123681534991,1.12896400639186,-2.95504949777722
-0.611358801030235,1.01516047189473,0.830250263341139,-0.39751447807095,-1.13194082519558
-1.11591289693233,-2.32717254691174,1.00281735625165,0.78528883730963,0.658351290172823
0.957648021986763,1.08836595193914,-3.08594928720051,1.07211862952043,-2.65663028594905
-2.72967782025047,-4.02205030601039,0.873484471216708,0.565796661483751,1.31524264633197
-1.4361953407254,0.705601810829097,0.947546610918144,0.144580325800961,-1.07596861623376
-9.83814801616037,-126.270351965803,-2.42687416963172,-148.463732855635,10.7778914200553
0.664606648138971,0.0944721661160461,0.449550790049073,-4.24549312794288,0.950929704259427
0.146817378183352,0.435056753476908,-0.0100834166815337,0.181691343416382,-1.24800726680992
-0.351316192556199,-0.0648231271670416,-0.268452827839537,0.455210211708303,0.142754127938132
-0.341145241227678,0.570134764752784,-1.17934825386959,0.113242464385567,0.556369840386148
-0.886908101694047,0.593126826403487,-3.85865048882577,1.16057539069514,0.586488035640398
0.289801058418397,0.702579569446366,-0.290498129196656,0.697497323575521,-3.14486521601667
-1.18226488880445,0.475219102098862,0.563410868593707,-0.543724647977793,0.384462910019562
-1.82936751521862,-0.098370530365021,0.365522161949334,0.679722790011976,0.454228006229022
-1.1033966726681,-0.561460001488251,0.596527782753192,0.527732848034702,0.246126669022361
0.564662696773693,0.773461137727734,-1.99703044869325,0.164561669429165,-0.0217288924842869
-1.53220238009372e-10,-2.72900932000048e-10,9.9159454083604e-11,-5.42843132191079e-11,2.2582510878528e-10
-8.99474048029168,6.34332196837142,0.164014650465145,-12.9780615301671,1.4637255908117
-0.625778857972683,0.409098392844036,0.0575194123711277,0.584148321410377,-0.766009463391704
0.954969760201799,0.774428753100277,0.858834128351452,-7.02770948734267,0.78085486537916
1.2478227050478,1.28574500102909,-0.787023880785884,-2.3787494175454,-0.420769918636706
0.548227850810851,0.818106108605668,0.662536716752584,-4.36701021601272,-1.26520779858726
-0.336665979620027,0.805218135309677,-2.76360442862508,1.23482406558648,-0.589740989987933
0.453115270562391,0.0976974899971488,0.34701643440545,-0.707297129705095,-0.38644275502386
0.570589996529183,-5.99997648158893,1.25159431245909,1.2579563345555,-2.30092483382333
1.31553220448759,0.993705929738485,1.31005828534111,-8.4668568536488,0.521851285504323
-2.32487794696589,0.602640104913868,0.969768492859194,0.860763593056677,-1.94340199415554
-6.78942536840588,0.540226817888375,-0.154061348561685,1.11564451290725,1.24343150234851
-0.977561295360197,-0.92523883215623,-2.69678612239105,1.54757666557972,1.11574200650656
-0.221579504534364,0.513193672610648,0.443914234690838,0.0613206502766264,-1.31124031457014
1.10814223934847,-1.31990037589359,1.16774120475302,1.23391112893587,-6.15354473982734
-0.986053940726513,-0.220507430884993,0.800973650815292,0.12367555520162,0.00974227961408377
-4.30705360499517,0.514699170308288,-0.853250247178616,0.92194060197867,1.0784399865855
0.637704767304968,-2.87389020684823,0.911931793148735,-0.672213192642915,0.239471704416091
0.538061877992493,1.10148531937209,-2.14553524509265,0.901162193298701,-1.59016292444964
-0.357891223766086,-0.46833243189452,-0.239329659721166,-0.00268720433462675,0.800534058161877
-0.188691603311856,-0.0771941664303565,0.953993265122801,-1.4654008989355,0.577715203904784
0.0285526853370068,0.0736864977461619,-1.06160787981206,-0.862558726742494,1.48659434187414
1.47500897135013,0.60406255722388,0.828423075464163,-1.9320377740715,-1.41145974771876
-0.404728655909359,-0.389303009021849,0.498820848196864,0.109002062782853,-0.0131419199381237
0.402576446724681,-0.561014089184586,-0.0984694641099384,0.832593005066072,-1.07834130502034
-0.00331314702374504,0.155417438700979,-2.36993657151687,0.211315358718016,0.988406927383227
-1.62183991336887,0.641145871659482,1.05207156964788,0.345272786875375,-1.95004565077476
0.429608627842375,-0.0785557599498572,0.626065145480468,0.741768131660984,-2.41265269989134
-0.314301234334075,0.109682030708294,0.223381734406274,1.07904169412682,-1.43739072055978
-0.158679807282229,0.941069944173846,-1.48463819329778,0.802454814951125,-0.700486108322679
0.231008567630666,0.649749466491858,-2.81852782027516,0.850819285345405,-1.46332708513405
0.908686791916779,0.362769780024253,-1.4638401711085,-1.24030898285637,0.517236625631274
0.733607898201097,-0.921443158635587,-0.129236930241681,-0.297868898419679,0.378841046543049
0.550455454680326,-0.223502018846451,0.0461979797474663,-1.16836412070546,0.538680664547793
0.672239426288908,0.776539233432913,0.295790398796676,-2.80046652871488,-2.05020292409933
0.696161892660212,1.29511615332159,-4.25866434344518,-0.203857662948752,-0.0641958821497755
-1.03061902331932,1.05232189356386,1.03429180560103,-1.2370448937223,-0.189928438390649
-0.292461888189954,0.448218682362959,-1.01111436244054,0.474237060574927,0.170830715932817
-0.060198970482185,0.220423224539111,0.846578178606433,-7.21670779405196,1.1783256945524
0.367085618339591,0.252622116027327,-1.07361840848621,1.068152025479,-1.08630725110275
-3.12666157771423,-0.579946340387422,1.18635264358485,1.61473704332889,-0.632594167511989
0.998301381785732,-0.332358692497038,0.387295919079072,-0.193792539960147,-1.05284401800191
-2.71761336603874,0.514217549334017,-0.189884603584205,0.373510088539767,0.503874017817744
-0.225623822609618,0.929651517239564,-0.170529508708541,-0.150094363759948,-0.63086784388075
0.90599631111279,-0.169918323128866,1.03029700937863,-0.94195427665119,-1.19427758673726
1.30676889938786,-0.661516344255931,1.34532295683939,-4.08609815335101,-0.139443831118272
1.06525654479068,-7.04698800743237,1.43519340417366,1.15226067014959,-0.488753578850439
0.256636034268515,0.0274614585164435,-0.443891526531353,0.60873653557732,-0.79160822030358
-3.80029522741408,-1.32410415400527,0.993900769004472,0.397841375154951,1.02532243645461
-0.751725637458753,-0.750497402276877,-0.300992563691258,0.780375524047586,0.759756302148545
0.583526808589802,0.144229275842086,-0.378178373926323,-2.445836541663,0.353600876930921
-0.364465949500855,0.633372087178063,-3.08623121042199,0.00288370618582326,0.632847709507429
1.00659136019087,-1.55659322676458,0.855938805683671,0.487237257708964,-1.92490186418204
0.137354342546361,1.56332295385305,-7.49534371521167,1.66277631622774,0.360796386374264
0.76679347428197,0.401334659686929,-0.282837384334891,-2.96331537067496,0.300116379076998
-0.326487436070977,0.403402867672767,1.00066479090313,-2.7851514437916,0.326728722868709
-0.750803041771314,1.00380520387603,1.43543934814331,-3.65502479742839,0.22144119847006
-3.85586721790376,1.30284847492261,-0.018741321648231,0.0947941158449456,1.30655506748161
-2.16097859583548,-0.0179507661353596,1.12636007257751,-0.51370776712136,1.06597414179082
-0.635826601076274,-0.0259493616115956,0.123378576169942,0.156131459706476,0.181727143271341
-2.27251545717634,0.404752486502537,0.664402976627676,-1.24442461105922,0.777914935393931
-1.45400850136201,1.38720892534146,1.06099517209005,0.983969886546153,-4.96692881813319
1.63523393240393,1.44016807638996,0.398297161489088,-7.88111167505985,0.264745674919127
-3.24548086433099,0.330290133594699,1.17991408380869,-2.41734492804502,1.06351131744727
-0.381866612193385,-0.141918966677521,0.395738177678524,-3.16511199224349,0.377638685638439
0.897158686369583,-1.18994480331366,0.869591589654191,-1.6470793569754,0.414540098254827
1.3245578986623,0.443781989952262,1.33971369566938,-8.5691582936928,0.596744220644928
0.570484713927937,0.691168335571588,0.915637042733322,-3.88440804070341,0.631950099688441
-1.89807560642096,0.368749034036103,1.00796328602377,-1.35433099722993,0.931060503942058
-3.38969634373939,1.55087315637395,0.62093692019302,-2.25156409198333,1.01909130008136
0.771736442201473,0.511325672145589,-2.99075195208516,0.815814525464323,-0.728729476160785
0.946757087471709,0.736433189779269,-1.39744101683322,-3.01511856825326,0.998940357782924
-1.1588307066479,0.890340670590107,0.655298518420703,-0.169647847892206,-0.61046326713938
-3.03226352908315,-0.132122195433418,0.342508820490255,1.41896419650365,0.170770963250073
1.12951918848948,-1.34372668191861,-0.569336093978288,0.00655308059199653,0.54085167512
0.462780598785535,-0.16628958500104,-0.618959964266956,-0.276583160047003,0.387981297481119
-1.56388898873204,0.197711323325776,0.838889874785707,-0.780453007098082,0.530429650005327
-5.83790118763982,1.1901112085984,0.541169980231204,0.272742211748698,-0.904110740514065
-2.61233375493003,-0.204727279721615,1.10123983139336,-0.672816074137333,0.821367133035027
-0.446379960135893,1.01311367217635,0.437672923507343,0.174331219697555,-1.75219593052782
-2.23881324473942,0.467428613633786,-3.73698594369728,0.877774716394227,0.963403264328733
0.681856996435604,0.0316617873685351,-0.663804994469256,-0.289623685569155,-0.124468240992465
0.947523363371439,-2.77464275632435,0.587779173068175,0.994614942192808,-1.68796973426236
-0.796518018213988,0.351542099016066,0.512576751624725,-0.331914837097293,0.0350977103214926
0.78724474486577,0.165920917176404,0.708530474518867,-1.46241459983916,-2.43052049209308
0.0589656145599087,-0.938746643048714,0.774538384488453,-0.757616925748678,0.394362936289518
0.0936725327826672,0.721710092274009,-6.64484836072257,0.957711546258303,0.771312791335605
-1.22909667815169,0.735256402415519,0.567492335226082,-1.79601856062522,0.740526802710304
0.225120649603741,0.160848602625845,1.44086274555621,1.45994876423131,-7.12343158515504
0.249883310498191,-7.78489877130977,1.2195285469676,0.747444389240914,0.380557868660513
1.22584631574825,0.491572855639698,-1.32545762677052,-0.966651264276293,0.138596826348048
-2.71911686320314,1.10388228327098,-4.03146917244102,1.19156163696082,0.52461622726622
-3.35879345078643e-10,-4.20124393923707e-11,1.32119751996702e-11,-1.12883972748903e-10,3.24609369474079e-10
1.05842614919159,0.662828245582788,1.18034164730282,-2.67786281196696,-1.26610836689382
-1.08251509649888,0.0971160902716165,0.838816377316239,-0.832800390695552,0.543084839757229
-0.968505174769398,0.346963046143239,0.164355697779075,1.02558530862652,-1.1703968325011
0.772406933306686,-2.7258227046871,1.11801880190354,0.832548951840304,0.776057966774232
1.3020672377517,0.606041686314237,0.606968132057026,-4.70137203049292,1.21059806632799
1.4663900154557,1.19256886699755,-7.05764635480018,0.535181631191581,0.200494527655767
0.406750617025253,0.768846880472778,-2.71808151764666,-0.419034846941811,0.383112666339349
0.518275031583363,1.08204476372803,0.716068016095678,-4.18280796228242,-0.726522459139189
1.04911241935902,0.428790055220952,-0.847739936705887,-1.10525069132932,0.293115935622815
0.24621462718301,0.759225146693124,-0.769669878857666,-0.427171569592841,0.09881059785814
-1.01882240541745,1.74311044905925,-0.19932189571231,-2.88412209021179,0.992880979202303
0.227053838693114,0.975323517168578,-5.79203455332097,0.812420367121806,0.184627527919806
-3.39316023069854,1.3044257141838,0.711423955430509,-5.27477660579693,1.34365867888302
-1.37151806991586,-0.186583645587365,0.837961175705954,0.655108219229927,-0.266100453354101
0.626600177263683,-3.56790906621967,1.22396091047823,0.960406394896581,-1.58587794603026
1.09422449836422,0.732121806995222,-0.881167410207321,-1.46310201013134,-0.0178581239821991
0.271440703864138,-0.461646518681287,-2.41147785479397,0.954913222552704,0.880909840209423
1.38788304174024,-4.20153913054671,0.251745107349628,1.14651617976024,-3.85007400388969
0.171065767084207,-2.72913793137051,-0.0462289473691889,1.03950262601258,-0.00560591925779959
-0.69622077439395,1.06337464790122,-2.40757491360206,1.32025091081583,0.255075200564626
0.681567684401123,0.160191819574229,-0.0796001392205513,-2.09044496220897,0.52483554647555
0.901948451672338,0.0590587231970401,0.914462459293006,-2.34594469872868,-0.439172148798239
0.661592186801543,-2.29593723670076,-0.520830372417391,0.684078613620407,0.33211725070993
0.847180825824768,-0.863759904817468,0.527385760852944,-1.89926140357372,0.467715276950562
-2.68601316342413,1.56426680286305,-0.240161492666581,0.709862232603707,-0.376366919901603
-1.3032142967608,-0.0222463669152653,0.310450775279728,0.860137646648002,-0.383178844665381
0.147267651561392,-1.18470875920416,-0.384398772520183,0.225809448689119,0.604314683125066
-1.15711719937286,1.12075326241712,0.145551091593603,0.122497518799802,-0.677503595982462
0.63971099654583,0.00390996669786712,0.401186589908158,-4.093023862962,0.778937513871593
-0.812347146650605,0.0890728091205468,0.0764340460575376,0.308103263211325,0.209042496138671
0.809514417542093,-4.78598561970514,-0.373189101361392,1.21018176121022,0.283450162577419
0.702409081304704,-2.4837705599005,0.305431882776212,0.609289543759436,-0.0332008611886446
0.676938852308248,1.0360257548804,0.22448245328631,-1.71407473718708,-0.730318668252687
3.0067510387684,-10.9371398017065,0.80238453093962,0.481319338898129,10.0441633319994
1.16574274183578,0.244923279310637,-3.38042254572357,0.987084833367655,-1.00901387892454
-0.0061746545542274,-0.912528995698094,-0.326178879338899,0.888985909978554,0.0734089709551957
-6.42786762959078e-11,-2.55118474526942e-10,-6.37697026422991e-12,-2.32121174500117e-10,4.03156292656805e-10
1.24467452654711,0.762859458708844,-5.23464709492759,-1.67551700866643,0.977599957027127
0.297172569567861,-0.273177654555006,0.077993781822304,0.831529110877629,-4.8607787707316
1.19581792937734,0.917085675470299,-0.117337354137431,-8.40428030658715,1.2071787192509
0.432092950622205,-2.41352863997601,0.187445406780746,0.459027843338221,0.644954799939205
0.492541169112892,0.0283092867826834,0.472105140825053,1.07198870879805,-5.3422849147256
0.0360671363116718,-0.15044397634754,0.927576078889092,-1.80295572749922,0.483330027546054
-0.98111979657263,-0.85825960160749,-0.961707696552494,0.930132764251552,0.826283973005348
1.38617559513965,0.165668944540231,-2.21084221117984,1.31553605184623,-1.98663553031553
0.642565059061386,0.678424239090447,0.421036968703076,-5.50845513684807,0.177613224653607
0.0655833831184201,1.13021811302914,-5.7336514733671,0.0447390013479562,0.667589891169718
0.466883576520925,-1.1639990591353,-2.43868154193268,0.54069115311615,1.11855312997374
-2.61776992705057,-2.21815483393624,0.927027631001527,1.26692965382364,0.622974865813447
-0.514334244112169,-1.43224378140632,0.726660840642137,0.929083576213874,-0.145001243735767
0.253636496632205,1.18086012850488,0.625929623780018,-7.83716849191052,1.3191719735805
0.940997945399273,-0.861943285902246,0.809848641807683,0.0567015091540632,-1.41670690319235
0.625616952645241,0.0770178483289848,-1.33541723691593,-0.610571127230825,0.605582953124529
-0.615236360639382,1.0819255730473,0.20476574551137,-2.09066750446608,0.51341579117708
0.277371550942573,0.22566583251937,0.0600890685466903,-4.36309314843312,0.711018785255114
0.644752037603201,-0.630042459065154,-0.601478032671848,0.968930581593513,-0.566324262639117
0.790684586437355,1.35576936406931,-1.53883233551607,-5.81160021352131,1.21000035866932
0.716706340825796,-1.41348514358801,0.547036803477722,0.527706587393524,-1.11490225770651
-0.19367865952829,0.526444926414059,-0.147274288373271,-1.96658536807721,0.919802787422511
0.645057614817083,-1.71481144899557,0.831061709699868,-0.898916479580598,0.46117578866752
0.53518519752566,0.661893463649307,-0.156499387445811,-1.00015270116106,-0.305542771027206
0.0421778565260892,0.749837207432155,-1.8699953980752,-0.955909849857561,0.831930048254448
0.206161080318102,-0.229019215815033,-1.7534239120833,0.604291877635845,0.691365551914915
1.54255713568586,-1.66397179204078,-0.690096498796236,1.2742777797304,-1.1143771374632
0.5836394274111,-0.43003055801381,-3.46279978088608,0.860363326839295,0.498380665600838
0.339835827323677,0.903010164447308,-3.284974291028,0.860973750115407,-1.13112526339345
-0.602256571023361,0.507164055330598,-0.756425278707518,-0.447772169259217,1.10252581339505
0.293634608127825,-0.161547091524169,0.4373413470207,-0.230757806518072,-0.992347624525962
-4.66761687632433,-0.537780567679257,1.44130437192726,0.187042255084748,1.13066664117683
0.598252266916406,-2.49884308249993,0.602779555466314,-1.00811035548692,0.816091224215994
-0.702077303329399,0.433399159120424,-0.403558296059189,-0.500123859033975,0.874192723827108
0.667732454554988,-2.0896509274117,0.743419505097888,0.92912772077794,-2.05187843788009
-0.322695369040764,-1.07042816676392,1.04547702169417,0.360932777591468,-0.261302761448457
1.12524452904227,0.48066467371978,0.457689553014691,1.10191063742397,-4.9421835357398
-0.21253724656436,-0.0976500889707453,0.465787536391504,-0.0854376845786636,-0.172341179555686
0.45602288100815,1.12510762451098,-4.55924548565003,0.7187257169094,-0.589066781960067
1.28674127803394,0.691054783421008,-2.88421965514327,0.855065868052606,-5.64683519335697
0.478004179440324,-1.20346767122248,0.487369501255184,-0.737574556416612,0.41732825568063
-1.83631107391253,-1.54488570216717,0.81615910902274,0.597730212441977,1.01192671006101
-0.264826993088661,0.43547070982971,0.552036055347323,-1.73752118233098,0.317757989918524
0.612328743112203,0.399795933801884,1.16709592110523,0.958743578541226,-7.67945740694411
0.0896015798001154,-0.260786646182715,0.661159859871722,-0.998115704802859,0.198892957374767
0.747291063337901,0.493355878997409,-0.92762916338579,0.582763809516462,-1.88545668145188
-0.326122266594875,-0.340281676973263,0.827727085231559,0.856262937942508,-1.39674983744761
0.925923144741651,1.00385367170363,1.30335699459215,-9.62030636521407,1.41861128009024
-2.04415092609737,0.722275330002859,0.31279220764275,0.939379205498111,-0.532686379413469
1.07622108827045,-2.84672194281793,-0.361626875055346,0.42032411816498,0.746007300924786
-0.655114004231617,-0.455210149896543,0.0804768681757229,0.492932428507066,0.343429040069227
-0.662006442176913,-0.299549896212626,0.643052729492775,0.216310170902944,-0.0616609165482903
0.96902317373487,-1.72854945561373,1.17864412679657,-4.19367495021291,1.25745139160878
-4.39937174757006,-1.14098768560579,0.788769009999629,1.34254946777277,0.769334456503033
-0.261127960336943,-0.551438369548187,0.855785638124879,-1.35241558609815,0.932906979949934
0.988868662488465,-5.96543058616921,0.588417006983369,-1.33440593836152,0.998296979765816
-0.688386550397186,0.738987445699296,0.911373663645928,-1.17123772620826,-0.352842830889877
0.697711658139465,1.03859109423237,0.0656013681657467,0.582375191787723,-8.53469458188869
0.515859316713234,-1.44699440880389,0.237233556758942,0.505324390942419,-0.215927761187336
0.849730003721705,-3.21627279505195,1.14866158172755,-3.65753973886846,1.05927685332165
0.771449721694792,0.227536262385111,1.68373365642154,-7.18632318686119,1.51431980024088
-0.349373657049874,-1.04573806845713,1.26737043433628,0.916708111374926,-1.70869551409241
1.08412650416,0.230019624761583,-0.156704728515522,0.301818506123433,-2.21249184173851
1.17354627714757,-7.49267346401243,1.04471707805295,0.788980202136313,0.69685258393744
-0.460090383704634,-0.39438973119093,-1.5036845893054,1.05071728065582,0.543576493919822
-0.352538795483011,0.241474959040485,0.240084576989141,0.0924470446642497,-0.351494536517959
1.15304201597248,-7.24190844021206,0.920238683047373,1.08919471478831,-1.48740481810011
0.855250204329504,-0.478680314308406,-1.59242152037779,-0.0245979434287927,0.515073243415225
-1.40036759213254,0.328068921277977,0.302108218657342,0.630357779054458,-0.490877644879413
-17.4254566443494,3.10554172118793,-9.31885516477542,-9.32332081635935,-22.4445692105182
0.873961142916311,0.385675409548055,-4.01671785767833,0.969160318927568,-0.599883711201237
0.100309542968344,-0.736734282549913,0.343182249489938,-0.0218444428352916,-0.0119774718281038
-7.21274540765648,0.883953931176431,-0.197622183463964,0.816213844538262,0.475678129218919
0.803569334011247,1.00341638254007,-0.375770570665291,-5.49724459042549,0.52255763463872
0.747632707931783,1.05391417115437,0.82478261623995,-5.15416524613174,-0.710273442303457
-0.0957422044517701,0.860057627653508,1.28959552896734,-6.17398678908942,0.878762201786722
-1.28320389223958,1.06690258030285,-0.453070378281038,-0.805931299320392,0.844897753836189
2.75340403393116,8.19679237446977,2.79094040371581,-4.88919253822763,-1.00239972454326
0.397736575310322,-0.152184984659886,-0.524170214396821,-0.737247447130678,0.737897342996168
0.615660355619437,0.671123090662922,0.142104956520419,-4.62605100125438,0.00299822037458068
-0.241075047214064,0.634412937834974,0.559523708035091,-3.43974717808788,0.873813292186647
0.607186504054505,0.033231912072672,-1.88354316736024,0.390787110820347,0.171126104684783
-2.4158290114421,-0.039745019037106,0.140029600529663,1.21990196144234,1.08101776330801
1.37397006977203,-1.45916001675977,-0.214596871147728,0.0229699549343182,-0.0767688090426674
0.960310275895651,-0.0313632615279451,-3.35697267270285,1.33146193071806,0.103065631982313
-2.55264061662253,0.960494001215641,0.421876111952167,-0.881829040769738,0.704759008728121
0.178609257101816,-0.0929648662580925,0.31228852794037,0.397058619070538,-1.05130438517668
0.298508151895623,0.17681601772676,-2.26735696601824,0.167120746322188,0.899149850553359
-0.240474387127902,-1.02460596369707,0.675091532708568,-0.114390386696967,0.449489886207234
1.21020474809261,-0.214488582531212,1.45733110478629,-1.90505475802169,-0.683138701558214
1.26334438989063,-1.83959640959303,0.161854923236406,-1.6105234644131,1.29361095705935
0.697755424127821,0.65260129968938,0.80666075609401,-2.09530367452,-3.35034758743369
1.04385093257543,0.928115834062069,-1.64301249225042,-0.808453359834679,-0.426316054927948
0.785874025695971,-0.39029702593758,-4.61330406399183,0.813285563332275,0.391258956756741
-0.440926655796447,-0.413983348745531,0.519038227210491,-0.735687877397846,0.737961763918347
0.903866387577353,1.18086346277517,-2.76007396059048,1.06196438996065,-2.36011601288346
9.97972027189273,-4.13290420664125,-13.0692886541239,11.0770491601974,-6.27965259965816
-0.994582573114593,0.782193138552932,-1.9904661475702,0.696277749513456,0.397484278855821
0.774278547664358,0.127095111519051,0.706119208628182,-1.13451137937648,-1.73020349172555
1.14374007464742,-1.29978614888549,-6.58999020799581,1.21870742209664,0.797051588508177
-1.71308365885275,0.554900083387319,1.33822141735558,-1.4505978407798,0.734668220992119
1.28712775459509,-0.476036441348999,-0.420398660612575,1.00572857895546,-2.45757113169442
0.487537272334051,-2.70776919322438,-1.16509413846178,0.94410088379195,0.699597092090253
-2.12124191325406,0.312594999525295,1.03722606579166,-1.53684512662195,1.13918267901831
-1.67401153569371,-1.2806584814265,0.794641786278035,0.140837903157872,0.981254975041566
-1.83790642660621,0.985641227339524,1.0935585822064,-1.52052239160795,0.211228447575627
0.138992056435336,1.35070962871076,-4.47895745615888,0.924520135566574,0.0131341081594346
-0.861365809567866,-0.433734261575096,0.526734407486431,0.0194842127717423,0.27754493111832
0.574675088430014,0.021320385722454,0.457652657916328,0.613121686818737,-3.64436858655688
0.80054711445054,-1.1405864554284,-2.48607950326721,0.382069805190268,1.00434041818195
0.868938414656072,1.20608350812101,1.28961095848773,-7.84765385013851,-0.118702727391993
-0.714254298682537,0.428071092804915,-0.549082294579139,-0.0788506125126666,0.601517624667951
-4.82274808662569,1.29535316298449,0.796908625276433,-1.12352919153583,0.993687509764443
0.659854188756584,-6.25307621820454,0.969014700631837,-0.13319124625161,0.649336561488221
1.39898566568107,-5.62375893066836,-0.228713052375871,1.2324888431137,0.349941933649916
0.0867696527809033,-0.820545367246589,0.203666452590829,0.80602997386074,-0.585216223295934
0.995421836441135,0.788057119026317,-0.939344009045763,0.899050398089084,-3.34554918659377
-1.46848931804706,1.48808887361531,-6.32747918038677,0.486160168757537,1.27396334532896
0.841535507171082,-1.86275333688317,0.172145292898762,-0.512009150905629,0.913711758755955
-1.93836543570527,-1.74124461937027,0.268693942005249,1.27230524208742,0.884069437504771
0.26123574961171,-0.178065655606876,-0.0827056633792718,-0.155963689445859,0.0998159678018663
0.952880642474366,0.469751411862248,-0.695721636749292,-2.81477346283124,0.876411133124287
0.797681304540821,0.597847915195784,-0.165544521291203,-2.85087885345928,0.0747514601476034
0.576267679724619,0.676338186932341,-1.32051955267641,-0.0352808717447134,-0.341418223673855
0.372323050552237,-0.193091148247357,-0.425946435890774,-0.832551558497125,0.75701252448139
1.73031377187495,0.806665344496417,-6.92131793798047,-0.0368240720740281,0.860958129687361
0.499205207312393,-0.171567739780883,1.10743376383988,-2.16720611485989,0.166650240628855
0.624885133270857,-1.58384787702603,0.163648244436814,-0.0306858407368656,0.281850385651925
-0.231008425165035,0.596286391815884,0.877868821707648,0.293645062638022,-1.83645232522602
-3.92598333660214,0.708599271332668,0.635520183525178,0.487537679084616,-0.61532034031796
1.00095105095318,-0.128738735682899,-0.0797713484236852,-0.984806659786973,0.0470509812521792
-2.14581564998549,0.741382690006798,0.00797173914763866,0.687080581130033,-1.00777528553532
-0.0435169724365614,-1.71959148037318,1.13951464535428,-0.141722281044114,0.466890734728053
-2.46494543786244,-0.387997184022774,0.743740010194091,1.01839220388891,-0.0674015798615323
0.256273152977372,1.04846870940802,1.13717797514572,-2.87498339307556,-1.41534160294194
0.799836370238427,-0.10272231401964,1.21591686056577,-2.40006568912812,-0.835591991513062
-4.27780417283514,0.284573244313043,0.425486151971762,0.0205718464848135,0.657791248775427
0.977370152333361,0.468180277201759,-1.61336161568472,0.511813953668165,-1.0366551818022
0.664282335914506,-2.21408549078592,-0.13157655035123,0.47876495211748,-0.0107752903713531
1.35749432629128,0.888160368329737,-1.6578885598878,-2.49406105672678,0.902781419786509
-6.010132042344,0.992953882141988,0.433655138161734,-2.64179652194722,1.00901108190915
-2.69738053102738,0.592423390038354,0.407528141888065,0.0812353099997756,-0.0618152704700181
0.508842486166523,0.277844749568427,-0.63297604257472,0.851396484604352,-1.87470450202088
0.0182676164683817,-0.791257784577019,1.1083523058906,0.551414537595849,-2.02355447088891
-4.87380236972859,-0.982638387830731,1.20477336638239,0.580281005889375,1.22785303911084
-0.859567056048977,0.525778952476349,0.293269376697041,0.9429138764616,-1.05893007145565
0.924857884268822,-0.451246164410555,-0.168754023644118,-0.995825408852671,0.363134761948842
0.782445614709561,1.00484734643329,-0.192993040179167,-0.9430610036731,-1.35997557759494
1.06313987088732,0.152727353966433,0.842151447978087,-2.73284372861208,1.26113253847895
-10.1380790567396,0.812750164095877,0.733702875565459,1.52951504922489,1.26468613103255
0.17661830109875,0.345719820381202,-0.419962547909077,0.930371682826556,-1.31944691406489
1.0264432455258,0.398677433886676,0.800933367277079,-6.87596425598201,0.929328941195455
1.13149927249847,0.982253880486627,-2.44500128088991,-2.38943981217772,0.832864273163224
0.652342542583984,-0.31184061890145,0.787285334734864,-0.527546523602605,-1.1925168390888
0.244846658355382,0.908202602710959,1.07704230069328,-2.52009517485288,0.919515029406186
-0.0383416394540635,0.118534864534006,0.446306245131613,-0.499631195994983,-0.161338410635629
-0.0188140823821873,0.319430433615132,-0.173069183557957,-0.493494952058797,0.282596086028582
-1.90141398508862,0.524306348878678,-1.48487170887692,0.943938968803037,1.00001001408603
-3.68228954667065,0.662904310248867,-1.09595972475624,1.11562864037926,0.742579361070206
-1.40485245758613,0.469866420708055,0.337263476389067,0.557068951023581,-0.697383020314514
-1.14946943291813,0.857423230808026,-1.46480000629052,1.10187886752355,0.295808933048334
0.308859616431621,-0.25099217049729,0.171205591137326,0.447124768205698,-1.11869754929979
-1.57661758121333,0.948248809911564,0.928747288589093,-0.331679731083602,-0.322293645182608
-1.88143125117704,0.712917066849491,1.19693649271175,-2.59386753311822,0.612315479573285
1.35222486357179,-3.59478888667541,-0.96322611951889,0.194909108832482,1.07633068023787
0.504711709746294,0.0739056718427817,-0.565995073971587,0.728920747407666,-0.973937386106032
1.06015715212529,0.430738302404573,0.339782212425394,-0.37878710642214,-2.2308165239701
0.975979651371171,0.308585239462493,-2.89667851370622,-2.29442140347813,0.503005261409146
0.659644101319646,0.677588674779456,-0.0640823030686698,-4.78130361513903,1.00997964627376
0.371409592618917,0.772414072531674,-2.42643923060854,0.409014406702846,-0.773874514344265
-6.31856161500615,1.23529116025391,-0.202057724726043,1.29573894770111,-0.176612184943709
-0.93618606538472,0.190037769233076,-0.533780990970999,0.70136713963941,0.0819215092256019
0.562311451916892,-0.329125190968876,-1.41005985429951,0.34811724205106,0.412127184792123
0.906837083018598,-0.277872872304822,0.876460337740899,-2.9095942966373,-0.0698649229766969
0.202693194250217,1.29212514118248,-0.569919115205089,-6.98720792120827,1.4393791690254
-0.606751857966939,0.410933951556117,0.45061198360134,-1.00030492578567,0.487642997478884
0.723919353197731,1.50876136309961,0.129997299680499,-7.56227562075835,1.08962295140939
-0.668493080847996,-2.42301148527241,1.44218168194376,-0.415112189598484,1.33509960833745
0.645332470614555,0.203781440139446,1.07538876141853,-1.66802836538314,-0.589885158508063
1.29361402821325,-0.151876575115541,-1.6855038288246,1.31311043865749,-2.2358810595876
1.25069881613916,-8.25405711470142,0.681465292102043,1.14110103258065,0.375752527226061
1.24251606057066,1.29127766813499,-1.34708963616302,0.591115807554989,-3.67552079188635
0.411435656796301,-1.79195412342162,0.854835516970124,-0.515583936454865,0.248304222814182
0.0945745848697877,-0.620915470147015,0.608863505277702,0.699124620463248,-1.4423750181611
0.719777846559883,1.53417037824406,-2.69034681233815,0.932926802263996,-3.22016372120452
-1.3672652736542,1.17117861664035,-0.127423549024644,1.04439842017783,-1.30978004575984
0.954100825110818,-1.40592776812502,-0.735023391712362,0.0175819624229135,0.595930020228934
0.498044371927139,-0.0642601255256659,-0.00373313667828474,-1.72967527327379,0.394271134981414
0.475846478083895,1.15180409246795,-0.866180405943719,-1.86426885687215,0.233182602139273
-2.17196021250376,-2.27716611923506,1.51272306647493,1.316993221197,-0.299597497185451
1.16391783574768,-1.34276407320141,0.0968750824597994,1.25546961049028,-6.23497914111971
1.23071229902749,0.538560504747657,-1.98477900628632,1.2278387080097,-2.07496164703921
-2.20960759854774,-1.06834055490502,1.29870596143045,0.882112670162272,0.787256365399871
0.57732076236979,0.773132004870443,0.292436255418486,-0.961529300996883,-1.81553608406774
-3.12203817772129,0.51962675159667,0.441021783069618,0.684961428120223,0.0651080135004045
-0.259589994431115,0.289661308610579,0.338279188959816,0.881550659014601,-2.00241225507341
0.848491914018292,1.11132855943116,-2.60976861878038,0.601695635487129,0.787932948582626
1.07170535372521,-2.17969923531222,-1.93998285036812,0.615851800870946,0.299103193506139
0.763758124329108,-3.43750083080135,-4.87372581794675,1.22098966392989,1.10049001528731
1.18335882125737,0.937555920306382,-7.20312707675675,1.23297848360412,0.182978719744701
0.560184359735072,-2.34588582545409,0.862382172399725,0.533136093504616,-0.624665806219847
0.83003644882017,0.962427074682095,-2.94467654719448,0.341407786627115,-0.116350228983108
1.21141992728125,-4.53350546421775,0.022550241764948,0.11210943361743,0.964358189396539
1.5870700350333,0.618293059218921,1.02765696980906,-3.05545825671483,-6.92267457211826
0.046089037164911,-6.50039784032739,1.04200106333533,1.44104118785989,-0.342927239317261
0.783004134208687,0.922095254351999,-2.0607395184048,-5.82371921210761,1.21900041446699
-1.29076813614337,0.353268532781694,-2.87629159385072,0.783953994298126,1.18163098131026
0.622476868925296,-2.0572676891751,0.451882348923575,-0.0803079231059683,0.0025675526996169
1.04556072205754,-2.7408604745057,1.04947897135222,1.14869974800884,-7.24084947044703
0.215759377372894,0.633979394940402,0.898310276195409,-0.518709453619748,-1.57185762105401
0.100041614871022,-8.14330232761614,0.812873284827222,1.09237232879114,1.22284628783641
0.0210223241409873,0.877207521345052,-0.85486388779804,0.691613681655013,-1.32277113569083
0.621896152449508,0.263854635099139,-0.259118424227735,-3.39261434499201,0.000603020473483085
-7.10528833014323,-0.366478359120658,1.3140948654263,0.181448352708169,1.34866011679098
-4.76424093203263,-0.463413132268036,1.52086644919281,1.39519544764219,-0.445352798301443
-3.01433982274865,0.461863557168462,1.30274738307571,0.971708836416784,-0.899368928408394
-0.903192380666816,-4.04842624640335,0.724979430271941,0.960437910617273,1.22002280250711
1.27372450829435,-1.78833653453021,1.0203368417313,-1.15549659509706,-0.0446738682314219
-1.16490356174459,1.22683443769031,0.659959881936446,-0.975976232401728,-0.169940910892907
0.00504670346279121,-2.77902387606792,1.26915913863089,0.693424618338732,-0.179773114739406
-1.66221143141255,-0.142831877690176,1.32443329564336,-0.842191859526326,0.814080874597967
0.0614447843526774,1.08837413776927,0.674591080114727,-5.71665268084635,0.76395475418052
-0.573727666531552,-3.14649647933592,0.715190642108462,0.604517682772631,1.15890227282726
0.695181112013961,-1.75862733538593,-5.05228797365778,1.29640455910267,0.186597826679221
1.49644409186597,0.901119330208011,-9.46568702590213,1.15356951967274,-0.0251072807492193
-0.761769190230254,-4.4431586478368,0.748895625136042,0.877615326280481,0.600037393625475
0.46947974624422,-0.277209298842277,0.530092437079005,0.361320667702123,-2.1988974453371
0.196072830561759,0.545649274362947,1.0449800144397,-5.80300719867197,0.151591365071243
0.585583305740778,-1.15426087786423,-1.89469067104619,1.3423093501566,0.519445735510065
-0.668936757818229,-0.403471358402575,0.467690398893139,0.905094915957321,-0.638752975713483
0.688606249908685,0.607730041735748,-1.85963607623977,0.55484585355987,-0.891706175160383
0.699815591877223,0.872343454575517,0.677056568573232,-0.654448851016047,-1.93498941004681
0.133207416933352,-0.0399777939920136,0.0226993694898511,-0.366628879092091,0.137994834388816
-5.34853885168012,0.561057477862664,0.721944179288564,-1.4006359060142,0.746434234748216
1.2335045087845,1.05409865889503,0.144856229980923,-0.561507984098229,-3.55709447512581
0.650172000266324,0.0461798636992623,0.680907683304626,0.344049695465702,-4.04181858753555
0.0909208961132201,0.502028442691009,-0.0141939586763287,0.729267806185852,-3.83640725718282
0.647051748042139,-1.81776351648638,-0.299566859145473,0.468566018860283,0.539929473568003
0.732082357677371,-0.378085330050876,0.0532222133427271,-0.359151320088386,-0.446747362029353
0.351091488522675,-0.172701531504491,0.858030573213091,-2.56550804580728,0.680762798821521
0.74280285809349,-0.600852670961364,-0.00698515992811781,0.792562513142627,-1.61589033103462
0.97162198124028,-5.61993429861807,-1.67908244691863,1.1475924304986,1.03455506413385
1.147301333758,1.06448886835376,0.697929699174569,0.639428806337564,-15.008695642605
-1.7308460031995,0.584799396070036,0.93538844942167,1.51098693828363,-3.0147002709051
-1.20040495006671,-1.35322942319628,0.438172341021979,0.374179223140676,1.15699213658844
-1.36159627882842,-1.93406958659538,0.587942063975139,0.697123058078335,0.645176046660819
-5.90052257595092,0.506002473746982,-1.06202254827739,0.400098673521167,0.271966941554274
-0.76551182404518,-7.10037567168167,0.0211036493779865,0.669559707841887,0.196161038867607
-0.732906627831016,-0.0430420503494302,0.284248962722944,0.304219524759476,-0.110874981253195
0.610252794435508,0.806245037195972,-2.79723255887505,1.14712973893299,-2.25210655364238
0.406605971825228,0.477289012137812,1.01683282647042,-4.98057900047385,-5.14216954928408
1.26516545342328,0.951035480508229,-6.48359854646473,1.08317278385695,0.522932245207249
0.760394312183969,-0.163602542534544,-2.03176039436829,0.273098408453872,0.279129194472726
0.0538596823530682,-0.0438137831714923,0.0333022827021774,-0.0719137141211362,0.00202957759789191
0.252551794674783,-0.044319980992827,-0.115442842411834,0.295613930160979,-0.532075059349284
-0.403169070393135,-1.57430700802276,-0.986127178867926,1.13972411229881,1.20797132621844
-3.35682099032549,1.18656124894049,0.295941965605103,0.651767549667005,1.66943837555778
-0.884355783530406,-2.21091098776208,0.199580038076278,0.771326415334638,0.67541588786727
-1.13721901924044,0.861190955087422,0.642655245466681,-0.487138921378784,-0.167014474006437
0.808810102005144,-1.31080880103013,0.773333914282664,-2.16264714509882,0.686068041904784
-0.232056493491131,-1.11702883358094,0.747129315010875,-0.698077486765316,0.724711727484433
-0.426447965978691,0.00893313601958988,1.09176395593723,0.425054044000379,-1.36189725137757
0.112662914813701,0.589619725255392,0.284474368287572,-2.76162122035999,0.295839518987217
0.711432066126735,0.388764555949665,0.139181466080382,0.308785476994398,-1.94318969901391
1.46030557406419,-3.79088223424302,1.57865588343407,0.0842420443874775,0.0104787210165
0.401994044223436,-1.59941920608069,-1.65716391615591,1.20270619272717,0.953458545938658
-1.18123003373758,1.13662101598202,1.0623465620431,-0.0419456044817043,-1.0165574487522
0.081971453383463,0.00977860641452157,-0.759075616559623,-0.00485203826620554,0.456235410999824
0.500637028034862,-6.3190494363215,1.37128853516033,0.887232244081911,0.820485141435683
0.779473108470441,0.937996620242674,1.1562536577764,-2.24543344580203,-1.08066614616072
0.106981435785549,-1.01487503689943,1.13834615447458,1.15276296071089,-4.91380708460404
1.04637145615117,-5.37055826838971,0.330825714676947,-0.438597286493564,1.35135315729498
1.0746173310423,0.233673408156293,-0.35306987890233,0.371350771391352,-1.5005161778545
0.230292375164947,0.947277470523053,-0.522805952324962,-0.214584427952012,-0.925866345810515
0.0534675435309403,-0.104222077428166,0.94736075715287,1.40020450769253,-2.80834680716123
0.461608754691747,-0.122761274661486,0.735044873914394,-1.72728886837845,-0.0269867731855406
1.06167624270011,-2.40517917780324,0.435971873470357,0.456108118010135,1.03306127303104
-2.59883813855542,1.17731783433186,-5.02206093072273,1.08975452274651,1.07715731502888
-0.345536221901215,-0.522799542701656,-1.34429399070435,0.841109352505328,0.844278910485041
1.12481512544535,0.609582966520819,-7.98622782969213,0.783833503661226,0.90859183104221
-0.944983603825374,0.892183456599511,0.780309752677256,-0.573007253335827,-0.739871824378455
-0.378201025354387,1.10564738273519,0.416258804136926,-5.28122392349213,0.909372807737475
-0.103325640371286,-0.469014977913803,-0.519667697973965,0.478137588206848,0.372654084602403
1.47570510756828,-3.33506546034832,1.08195608240049,1.05426237016708,0.517185701562994
0.88759094685976,1.04259261832721,-1.44416134829478,-0.238513480652958,-0.405230160907241
-3.584228345672,0.971515111696628,0.564259666471949,-0.0194708962844262,-0.0170621789468505
1.10708135741448,0.510487436876788,-0.07117326085803,-4.42100785662077,0.825594797598313
0.806908569146487,-0.624865281214866,-2.34251758594363,0.62870304135482,0.591300346898171
-0.25556418426554,-3.57076700526475,0.905521677465063,0.543760575503801,0.990561361353969
-0.460689358893909,0.372785104262463,0.691989490119889,-1.82501008701743,0.531077761036154
0.626848899378088,-2.06743464580234,0.557795869794626,-0.0487007005534868,-0.0405241589080112
-0.639859950372893,1.11120513127164,0.550024220996972,-1.811095211335,0.771211616087769
0.387076547523535,0.475240385850614,0.236967916992123,0.727549701604633,-6.0244515828737
-3.02433034940802,0.924866476639452,0.463164392517603,1.32961481013294,1.03314488422489
1.42801193212395,-2.26925949158901,-1.7517158405589,0.773197963340809,0.2882703999346
1.12440255067787,-0.326705066287795,-0.530501297098977,0.457145276141331,-1.37943798893151
-0.0540227573512404,0.175515856506282,0.0671977104121569,-0.117250366826322,-0.119943115882482
-3.00789223368883,0.795921391313759,0.303730363217341,-0.575252306823072,0.921596629901457
0.688782346373058,1.30570522769202,-0.577623541057685,1.11701024836468,-5.88207197661054
0.330099413926252,-0.0265966534943453,-2.32086495860623,0.456792499601912,0.216343885239109
-12.6039498849618,15.5026025437406,16.274230610918,16.2183849105193,-13.902545410298
-0.63468419426374,0.59395420858963,-1.35503551119825,0.302793892663036,0.502762864984079
-8.34371331922683,0.363608982397258,0.589418336395657,0.499626707902044,0.612757362594442
1.40373666267856,1.1539751289285,-2.62163528118293,-4.10817617422261,-0.563818603240819
0.920034463786536,1.43809533010001,-0.0214854904422211,-0.729569526198855,-2.51241688901429
0.846739232906444,0.16823070841279,0.456282351637686,-0.397693254231882,-1.76190688439625
0.765819175209041,-8.12154896946001,1.23531869989331,1.68719430331243,0.531319847397029
0.737032172507586,0.652334305634074,-0.26133707436368,-1.30449881170056,-0.377196563735653
0.447683740166066,-0.348697987674618,1.0200358044826,-0.595642608319016,-1.02392856021302
-0.156241691896732,0.65435335968562,-1.10287468157405,-0.543696107317548,0.761783437008313
-0.768848681079427,0.768601775903053,-1.73879454350602,1.00067080928519,-0.289579046514846
0.0785176115641794,-0.668972484870299,0.738001787123084,-1.16787469855886,0.658620942762048
0.0971762914874979,1.01652088848669,0.760247884608546,0.0265830471687826,-2.61507036900408
0.964895687693033,0.137955955503477,1.01173750671511,-4.66322377109186,-0.050748731324803
0.18033181939726,1.02320059614715,0.222789325296402,-6.01217294477521,0.977384376345476
0.211354852437611,0.621938129849548,-0.0308488619790545,-0.374700022085615,-0.704189171800241
1.24669354649788,-0.385057390910163,0.960356077191705,-3.2010090201499,0.240313666468364
-1.12871452326607,0.954165573524002,0.229194069489138,1.16717648051347,-3.65258895751615
0.705471616411001,-1.0514930295308,-1.67878629903484,0.951847490088315,0.475544027992061
-0.0506620098263251,0.630215193929415,-0.854709893787412,0.00481295809114012,0.0976717802845603
0.808189664112016,-2.67000524384704,0.914440463543416,0.644163403003445,-2.00367805438923
1.02028469400107,-1.44477334268906,0.523348629058066,-1.08003975260133,0.364263451013081
-0.436875253182443,0.38651953946283,-0.14244949428968,-0.24803167683124,0.28479401953641
0.572671225965861,-0.036293469108394,-5.82557024775903,1.32569593572457,1.3045740892791
0.170495044997496,-1.98489059444207,0.431128981993539,1.08037908866221,0.0386568935945571
0.618009885562297,-2.00256855892743,0.235046792784531,0.5410807737968,-0.0938464958588067
1.46514103814672,0.10188434258101,1.03676578470634,1.58938451911991,-7.96493561991818
0.230557118130926,-0.10392458691193,0.567380560986799,-1.58204366599482,0.202945861687501
-1.93884016371538,0.789435236324324,-0.547109595003616,0.71138978173242,0.256211158221143
0.740312711901045,0.232116560055127,-1.37010833352771,-3.44291478118578,0.901600116471902
0.603054886935973,1.11588068754524,1.03215710961001,-0.115050878495176,-4.25702307067473
-7.50740634561589,1.00090521060057,-0.0139206742553121,1.17940182430201,1.47344751698649
-2.08198209511494,-3.5843567629416,1.01827522982492,0.686857043391902,1.07243737945305
-1.22595137087429,-6.80648908128407,1.41568506955289,1.43248574214464,1.08434446190148
0.972018016180744,-0.0564148954358201,-1.26824744056268,-0.629938856469035,0.595382831748756
-2.45572780986148,-5.86308178985374,0.878170185981711,1.11892080176011,0.971296250759646
1.11836574636423,0.840120891265083,0.62656945134058,0.12245364394744,-3.9751045288049
0.571177035489673,-3.64060317699642,0.275561855173983,-1.06748177071974,0.484521859153263
0.54300572265334,-0.308287071805223,-1.00499529415337,-0.195653076336127,0.705638836557256
0.189608850595365,-2.29340523694319,1.03809195719768,-0.464968194092526,0.94167727259454
-0.27116171230243,0.19192312074317,-0.429669094843681,0.408922618472275,-0.133715264070298
-3.41896033073159,0.774367062702602,1.39280967814218,-1.96955663113841,0.782173763968443
1.1481601119943,1.35530719346367,0.345881470872848,-1.18243752436016,-2.60049278780083
-0.71613248059013,-4.12869580121809,0.81394112852487,0.67645847356872,0.605027999524606
1.02877822724165,-2.70064768442246,0.431880030629375,0.487378137298637,-1.08632218626691
-2.46933859730661,0.380085309857303,0.954122811895691,1.03900599022409,-2.53317390124193
0.777175534300451,-0.147964493508093,0.0400366023571058,-0.498707101123533,-0.437505794089312
0.587599596385658,1.10681934386607,-1.15960761157834,1.07984327541063,-2.66077778000014
-4.22579201137771,0.612850039183235,0.355089239465697,1.05114300548704,-0.129351661287932
-2.1365101823522,-0.448149177729752,0.934891052395746,0.982422911899602,0.149083066928168
0.860904452825698,1.3684560659068,1.04738180490046,-1.70190204750209,-2.76574421683544
0.342685875449252,-0.875248202406016,0.420855490789652,-0.310828464274404,0.127820439437817
-1.50483131091655,0.718274594780027,-0.0464166606943579,0.969577279449785,-0.697864763386496
0.79837690185801,0.825590706093714,0.157245257185493,0.833891257098602,-7.00865211280883
1.04542209958006,-0.97380814525566,-0.221007174952026,1.33671564475149,-1.67317507220477
0.761210868067075,0.596842474228085,-1.8734461689777,0.502673011471625,-1.38038204111097
-4.28138683296394,0.665868984271332,0.749430770416491,0.543406015160663,-2.428142075291
-1.26093511264907,0.601602409237703,0.497056859156186,0.351309985552854,-0.539428100563955
-2.50242252001618,0.991519150135666,-0.0230118464807597,0.94572393270631,-1.73917111551913
1.05054313263775,1.113012360253,-2.67105570420339,0.452183932764629,-1.24766506470646
-2.64510112822433,-1.26670892639539,0.933923165902043,1.08117242912169,0.809671114467138
-1.08785369011449,0.813082189968381,-0.369034245757325,0.573386768362615,-0.109189656122454
-4.8445667927128,0.647138606849587,0.713750286000129,0.07151493570593,0.0754568982878149
0.4216004931545,0.745546812333113,-0.142356440740615,-0.647995327806419,-0.719692647484932
-1.24161289121697,0.637496428765888,0.0368175091157855,-0.285964902347809,0.474780347291104
1.07635761000711,-1.5984887355251,-1.28823569431887,1.12729821463891,-0.263363531371263
-7.51673315316684,0.924375155222661,-0.677717761768928,1.05245452456897,0.980499687238106
0.598087513084125,-4.21362287950849,-1.03355583763792,1.19278601740519,1.13002080242077
0.195005200349669,0.0842998760957388,-0.545466398555294,0.210876137234587,-0.0530942748187247
-3.83049737336828,0.854549500866874,0.76821693678272,0.843335619317357,-2.17803529463613
-0.377858831059641,0.880334806306572,-5.53719086719032,0.858213444361793,0.521244178080441
-2.17776030343404,8.92259180253472,2.74376073552798,2.81532596952868,0.427614899271121
0.157848902081829,-0.194065155034623,-0.0601629581398414,0.192878672839965,-0.238562819934569
-0.144956983459296,0.73045610131529,0.609943613937804,-0.357352512176678,-1.29257085090647
0.961430007841257,-0.85698959264013,-1.90019620258334,0.157671308811412,0.753617493688673
1.03524281230721,-1.68124923180957,-0.127275010180923,0.691860225856193,-1.02848255437088
1.04611681068463,1.11213870254464,1.58922523838922,-8.72683521347693,-2.75579925690689
0.67488950454206,-1.71221951128726,0.618055848889463,-2.34426001950622,1.19935444272522
1.05497417438125,0.193046709296241,-1.27137456230539,1.24853738999692,-1.87168883109104
-0.224974156785611,0.825682000465172,1.25986359978196,-8.79253673510604,0.973232800646395
-7.08760995552701,-5.01302931306169,0.989242965981555,0.938366735269044,1.44188784705775
0.16812045653823,0.506316110225404,-0.446126427265678,-0.78735098279504,0.23453415356187
-0.145824263307775,0.222617444017106,0.0158782818840895,0.303591653387026,-0.486047316154314
0.82873792487965,-1.09645135143256,1.24978955643461,0.181645941420604,-2.02076554109955
-0.0433321280274671,0.415458198462319,0.813501945954865,-1.70682423582996,0.0485261222929175
0.597473750030293,-0.001009384862285,-0.447206158523597,-0.510751119119766,0.142995212233765
1.05503274657358,-5.34001047486116,-0.262381054674462,0.815154656411488,0.841277956966193
-0.344694157159532,0.506837895197521,-0.313299746487646,-0.17517081453635,0.225110178439377
0.701276922165629,0.629231796979528,0.698015148883935,-10.0388079835555,0.478047716465645
-0.119665959835372,-0.87594530298919,0.539575597872475,0.775790359107486,-0.789030117180887
0.0150759588872242,0.881351704170981,0.717944142031327,-0.4664292658834,-2.51859773100015
-1.03048679276262,0.794340320007633,-0.66298383897742,-0.0662433420160439,0.475590625738522
0.807150661720903,0.413988103784423,-6.47757636590113,-0.250169933199344,0.792388717076098
-4.93296058613891,0.544823579008903,0.601178730802341,-0.0759451479045189,0.0118110810469618
1.04077705331643,-0.632786369141009,0.0544628820181141,-0.564454882051551,-0.719864754732251
1.00361194632096,-1.3310935948207,-2.46183499142094,-0.24228721806146,1.25581641626729
-0.5571014476169,0.367385789764575,1.30667640458323,-3.65306681106524,1.13466920789864
-1.65440624211836,-1.26907415571311,0.655439966742293,0.518711044661302,1.1545979071713
-8.00997166985367,0.662688867312338,1.29848886645682,-0.196315762658029,1.02122763457021
-6.59397223347224,0.772166566580359,0.679985123101109,-4.40155552032276,0.803853217647577
-0.115712963609144,1.01536696882108,0.1386369947302,-0.818984626780092,-0.410495062413706
1.47630571968613,0.183562502405149,-0.0783779940447325,1.15890143252203,-4.86049494738952
-0.705919582068425,0.628668935068816,-0.627315160492653,-0.0550025612531969,0.515866898957856
1.09152583553955,0.633726785426085,-0.341997985886956,0.113678977358026,-2.75284808150346
0.331238108611668,-0.209844713800217,-1.08543204601884,0.106350771774624,0.577516541662993
1.05354567649582,1.08240420715254,-1.51046478629298,-0.00365270291166903,-1.60868115573024
-1.75928259430931,1.3649340728817,-0.959274427418069,-0.164546801240376,0.811755997662362
0.089802069739329,0.296498829602688,0.0747160972671798,-1.5554260832797,0.635387265243033
-2.4272734407855,0.640136849027823,1.35267798856299,0.951903909183224,-3.40602342465973
0.455489268124609,-5.04903302092712,-0.138472161445755,0.843796331951626,0.737515788593411
1.22554129661182,1.05361107178411,-4.19665545524105,0.312056385393257,0.0874580954027382
0.629534773098251,0.606258827718698,0.994501136173987,-4.03782618583872,0.234170813195877
0.390698474096317,0.577717432846553,1.4565915339882,1.2154201501097,-6.79677508337276
-4.19718416713615,0.52266911832268,0.470830061369248,0.323504763881505,0.589490855714849
-1.70964096811156,1.19959974596012,0.450568911740062,-1.895249421653,1.14921097271968
0.588723371002669,-1.93791386995567,0.225214278312013,0.760758614384918,-0.755045867092073
-0.718415006450915,-0.38051206621393,0.670073587186528,0.0784998945368976,0.122991581217006
1.15222986543577,0.51095374337205,0.9733817013237,-4.15916014335651,-1.48617674528497
-3.30256992494461,-0.140892030502132,1.01500979853134,0.649070529373963,0.63017050765834
1.3742851131554,-0.501253379577635,1.51461322956808,-7.42855836977309,1.22233651639837
-2.47061540327109,-0.735063502840726,-0.0803180551046853,1.01271059560777,1.33298423206677
-0.312021147367065,0.33162295124771,0.113462831767478,0.108900348998094,-0.428782198495275
1.32131804617662e-10,3.52270857673155e-10,-1.28379850924804e-10,-3.59594200738944e-10,-1.24099378093711e-10
-0.335391368402184,0.952817659961862,-0.295807161474527,0.483142437847336,-1.25827710615609
0.507941497936194,0.374075437323524,-2.23613033079762,0.293071355411374,0.0906059214252948
0.204843622805271,1.26831115575752,-6.74057941903541,0.846347192249413,0.723415654174901
0.435777642621105,-1.95420664703715,-0.239142544313489,0.471844043629456,0.242207167237105
-4.15397965091372,0.604426217161108,-1.56986150735677,1.46163361630663,0.951514538148292
0.682253101827727,1.00543677875748,-3.260305482831,1.21590450957616,-8.01239419258296
-3.37267038885892,0.976220318495988,1.22615831236197,0.452424578840164,-1.00951332961878
-4.97742476724325,0.942775789788468,-0.560787408914529,0.507531923757687,0.856379927654271
-1.5418420554829,0.954319382701463,0.482853253033787,0.645768921184632,-1.03074934536235
-0.516104233669704,1.01628814391718,0.923317522089782,0.929290603239028,-3.51899084426882
-0.0396123375630792,-2.68962099111674,0.900428958302423,0.380042827687971,0.581142591536905
0.360624878368609,-0.774029036114382,0.472359533778159,0.498794563787735,-1.68706397917816
0.549743433586307,0.965063793749011,-5.45862772583229,0.626777492745819,-1.20159903990019
1.15731424720583,-1.88100532810611,1.82766928885295,-2.70634301408103,0.832427558820136
0.420932301780518,-3.63678238640023,-0.400803417831687,0.361917801489072,0.360815402981201
-2.25640380680077,0.992937204085295,-3.93240879359287,0.51796429017781,0.80472257457715
-0.721052460389003,0.581304982798659,-0.521159661130707,0.244299225590188,0.0511504038662438
0.661597217623242,0.94419536196286,1.12362514347899,-0.397470345442509,-4.45792998643378
-1.73916401549635,0.613940857392295,1.0633155614432,-1.95234555033767,1.01259928425165
-5.95176716626188,1.12604716035084,-4.96236155115944,0.937716339706797,1.4241768415045
-2.46339697144991,-0.682990843594834,-3.60032903247797,1.42829303504603,1.05806455133592
1.21467315568743,-1.87133618216953,-2.14816612697969,0.197322901438621,1.06129277649294
1.17020668471923,-0.597412595771283,-0.684198820448568,-3.25149285715201,0.733186236082642
0.660017967257844,-0.616274272599788,0.0310719582609524,-5.78555007856357,0.681400035920028
-1.39302106724146,-0.110029585651801,0.738133964551095,1.32244976327939,-1.77055453873634
0.225430972143601,-6.23326870609881,1.34443670033718,0.937938693474372,-0.191602429873221
-0.357790306850807,-0.219479399094331,-0.308234266479153,0.183575569142981,0.531227005799267
-0.65887656798466,-3.48642005513193,0.750368158142782,0.888814226388546,0.520455856701704
0.899553375270135,-2.8727283089153,0.725278489121946,0.729534473662798,1.23606378573682
0.063996542069414,-0.0406923568203197,-3.39548393938708,0.562923660463032,0.933491289652908
0.926413144222208,-4.79757019085038,0.879643390079334,-1.23219356327555,1.24965876787649
-2.25836532897034,0.545337690136248,0.847733637565388,0.225795206116347,-0.31658065029612
0.574166921860713,-0.330206932239863,-2.10582515672377,0.159672252202513,0.509944081342819
-0.449778489901799,0.309554065705745,0.278217991601665,-0.255219052281745,-0.0841136274969689
0.0684741282850184,0.0926956070875116,0.508455451392977,-0.559432081165206,-0.41710146126353
0.488743552991237,-4.74288454245587,0.90229415443728,-0.49731523829387,0.774950526493182
-0.572675247769665,0.707251490938114,0.572760556725779,-2.68030196914525,0.639970383984293
-2.04167806690005,0.686251861676809,0.0751996512248093,1.03383149492138,-0.928242900388418
-0.399432416999832,1.39727506832951,-0.988427797046676,-2.4276431671459,1.39169260474187
0.343318873556586,-0.0524709041550068,0.387748056194312,-3.99791525838323,0.948843320014557
0.33880910095708,0.00793928034158127,-0.0336794259954874,-3.55574067506627,0.69085772571703
1.35199317563931,0.0771799340737582,-1.02076317652395,1.2622739201034,-5.03849064756745
-0.821951172173659,1.10190474427079,-0.530163536972564,0.974116616605734,-1.53779186979444
1.0431906772294,0.560287549066414,0.440904563079766,-8.11716030831282,1.01584007671874
-0.764419762616947,0.446611223337733,0.892067477464138,0.99810958843895,-2.16741684813562
-0.214122255089485,-0.968175698885387,-0.126585553150466,-0.0519649210928571,1.02586146157943
-1.22282049906603,-0.563377024744853,1.01352438324941,0.71831773971271,-0.695033668332065
-0.368573827906529,0.208208291562894,-0.0110804229653613,0.354404850126769,-0.273043661943793
-0.219582210460318,0.361296197866201,0.482362260345723,-0.890174104575079,0.0994475953865082
-0.795165313807016,-0.137434112018567,0.929551136321928,-0.619587764117742,0.311235056121022
-0.355233504028717,-0.282287711374849,0.538771082070491,-0.273508698475262,0.215741842266931
-2.54295364293885,0.990940448889742,1.05928258930294,-2.11251506122372,0.169847905968522
-1.41618214549273,0.834836407574067,0.0590456378169303,-0.75745865413259,0.543350427692169
-1.10716995412418,-0.0315961211367691,0.195986858020418,0.733623628934637,0.0397162739314117
-0.207978152137157,0.704549800505476,-0.305594229112857,0.222633340153778,-0.559366453396053
-0.642785648101756,0.896649506479416,0.432777838487541,-5.98407419696034,0.999530613715174
1.01942361374336,0.386685750596124,-0.447833136925185,-1.39186754679527,-0.16683967631893
0.923120211788388,0.39482950008876,-1.49531829522611,0.853107196116729,-2.5620650296637
0.848924447019787,-1.07107569664943,0.805611524541095,-2.28749433617646,0.998496196926864
0.0179524886381345,-0.178057712694948,1.378533931973,0.794904364811703,-2.86210240448703
-0.716629149472087,-0.762086248614463,1.29657226631697,-1.45348328070204,0.952480254511183
0.646893700584521,-2.17081460814881,0.374932604701778,0.74581832659603,-0.271962282640264
0.407092236301061,0.524765789572354,0.243366930376275,0.260363407271843,-2.84775031648835
0.934458997267171,0.974942455707311,0.359599197271771,0.341071738440449,-7.11960948471629
-0.268536772791264,-0.110300641785582,-0.0935660665553018,0.358321557150497,-0.0567714339677162
0.456371297136066,-3.15110554749882,0.900160851502954,-0.802871162421799,0.759837041183903
0.932760516904643,-0.469662406532879,-1.71455185155412,0.70991917233854,0.0698839844458832
1.18641040176542,0.996693855370958,-0.0389000488700919,-6.32826847177705,0.361494182973656
-1.49244961834666,0.0964445002237252,0.744312918031672,1.3390804068111,-1.66981232159173
-2.33124223862962,-1.13390967806614,0.126179789655176,1.13317999861035,1.03162732993526
0.610972088341448,-3.08918081318005,0.0992222361872468,0.80857412839591,0.0811396262580301
-0.0345203236236638,1.34476387355046,-1.65285154132107,-2.13392217239684,1.36876780042068
-1.19170894500336,1.05617305674196,-1.36697010192248,0.109053141858897,1.15182277382774
0.38582025416921,-0.586445083239568,-3.33391090833009,0.438126529987042,0.327013745834314
0.526650971467731,0.158690031303904,-5.23297317937592,0.729476417424757,1.07320956331674
-0.925582784420676,1.54401281871556,-1.70132828920175,1.16634425005828,-1.33461185128361
-0.110026399077726,-1.31343859211108,-0.88030992121406,0.756497759774734,0.919114510090572
0.32001973991923,-0.374290783073512,-1.7500066540858,0.333746037141735,0.630008450063758
0.449658405682753,0.543174299406773,0.0158683627446366,-2.53910314512496,0.173192573183628
0.413844643917996,0.649008449858915,-0.626964530531546,-0.849107846678533,0.109040538709181
1.00127828190209,0.485600031200015,-1.75137576700428,0.407313875904802,-1.20559004209597
0.960329218536405,-1.18521103556703,0.347167747353679,-1.58961070763249,0.765830760258792
-1.03053379065933,0.878746838479427,0.911056710375801,-0.717032073574192,-0.633199000701932
-0.595232754233794,0.756033929415016,-1.62817004391512,0.510984394282878,0.768391750538858
0.392384788061453,-3.98450078761723,0.728206613738264,1.10820373460636,-1.18301676574982
-0.311890546703633,0.662055700004945,-0.419371383297003,-0.0783888845206632,0.0440799938161919
-0.540644100695026,0.81303526181471,0.444729103122677,-0.0249634239421543,-0.940321080450686
0.29577820569746,-1.16472902057388,-0.0191223030949512,0.260503723234666,0.196892658806612
0.332190145321563,1.10134418801613,-0.0511940127060507,-3.65863170372768,0.757318274337504
0.326363829899124,-0.13966358699837,0.397827223459543,0.348411004615326,-1.51505113769577
-2.25618729384821,0.451851622015324,0.227844052217148,0.724049695203091,0.470576879488675
-0.803147554484721,0.997293066572261,-0.438502794401378,-0.63456059760844,0.403200746694692
0.0215811741248599,0.465579263267127,-0.358636402536515,-0.0563402942939858,-0.232968071965441
-1.20162447823273,0.987045307432998,-0.362076248079513,0.842401679920441,-0.70438135745805
0.879492117818456,1.03760023025902,-2.66446010874041,-1.99183291961373,0.582136612875336
-4.38667559817668,1.1628425081967,0.939818791578517,-2.19705257852446,0.639227802926686
-0.858961296617903,-0.373397651177204,-0.231017653360859,0.657393341156672,0.706181227856581
1.1761968710275,-0.643751083700721,0.374953988277624,-1.44362711529306,-0.0193962407797342
-0.544535139588949,-0.256358565132834,-1.43675826736836,0.703835428220834,1.10220234466624
0.860622044535793,1.09484985956713,-1.01157857226178,0.20397576394253,-3.05460236213827
0.424859306017861,0.769453625665587,-1.63016455705477,-0.828430035746836,0.300198606347812
-0.440820056899629,-1.01407993531726,0.118948823410827,1.23658838392366,0.18723726397038
1.02405551815582,-0.532202325451606,0.823553548914252,-4.88658804334668,0.897683608193461
-1.57037824223809,2.01257326938776,1.65342955737432,-0.648199605207652,-4.16806164216483
-0.277082009984515,0.116881771637202,0.0110847369363407,0.546204291320575,-0.72697339556683
0.154171730519921,0.472798726559962,-0.0561380480592991,0.195932400973061,-0.946105803674885
1.44197019368303,-2.74862115665003,0.0636532109990946,-0.925470632027053,1.29594844074875
-0.705701931996411,0.556729244024011,-1.28765854667989,0.615316618866061,0.377180841075641
1.14367474660415,0.624653369501981,-1.26560053459446,0.0823962053310288,-1.43195117543896
-3.62347521878088,0.574873885702175,-0.27921216962714,1.09951075257589,0.754512177963325
0.61534082438646,1.02006406913088,1.04223642021758,-1.19432014981885,-4.57311042801315
-0.638293642389186,-0.665407516133417,0.413677726193249,0.357955012078419,0.267280501370815
-6.89888939394893,0.409465898291817,0.0669294417622031,0.588121911593355,0.739068946224563
-0.182492697685917,1.21855677014482,-3.76298768936701,0.585499771682419,-0.129992581684754
0.799403075130317,0.0578847425868598,-1.27035159804436,0.714098348741667,-1.25902494234112
0.825765498451756,-6.57953813402523,1.02499241221093,1.62624926258647,0.996278761154624
0.359552004979921,-1.04402510563126,0.434377816398059,-1.17338386765255,0.855530490268004
1.52602055530032,-0.916930801238635,1.15526450696765,0.626265720298688,-8.32631312228761
-1.89411356259009,0.764073759448194,0.719953098960859,-0.314408703536557,0.133443913111529
-3.01230242201017,-0.944674201629119,1.15768615436181,0.0339217313338499,1.69829994117619
0.294392444553305,0.869170009509579,-0.285626363863516,-0.0574341670219573,-1.2826252802272
-0.99652931783003,0.0127004952730219,0.136488876444394,0.00753804704419267,0.515298652352082
0.479680725620886,-3.64687619305577,0.991480338969988,-0.778946673019995,0.64883956527946
-1.70611996921785,0.991458893284363,1.31669756120516,0.617476747632649,-2.73052434045878
1.21482851710895,-4.49559476715299,-2.43871580751318,0.560404714059544,1.40815928685604
1.14338379896975,-0.400711209350274,-0.210173901125821,-3.58384207481177,1.0465564584658
0.287455758577585,-0.814414501830746,1.34077437123182,1.12354903283155,-2.84606265728119
-2.00174556868718,0.81892795273905,0.314758565765626,1.16721830547174,-1.86047764881248
0.663487465788256,-8.06149808445836,0.987036181555165,0.538074995418648,0.167667427377686
-0.205488215874277,-1.81358920394103,0.768836381675272,-0.137070708764561,0.825960291491097
-0.151819239220263,-0.698492053615587,0.389961592652528,0.267831485681129,-0.145702879565635
0.321321617013338,6.33294695028866,1.30633832687651,-0.788349587259574,2.06488333089345
0.0167471860706802,0.232275319244561,0.0688897912614129,-0.257468297851139,-0.148908148782569
0.44450975775103,0.659714006595835,-1.31788050793658,-0.655650836618688,0.595222508443785
0.852225550228757,0.885486764648595,-0.0858540612715955,-0.993748652062447,-1.80968160341618
1.41319508745655,-4.54417313114732,0.422708023826859,1.1299294583411,-1.67539192027527
-4.77870239867079,-5.40546957129267,1.02631259757651,0.845439206247241,0.708064336750362
-5.9710019431305,0.776652057634601,1.05056892282041,-1.63998086736879,0.307925171149767
-3.22095623215436,0.771578421827203,1.19830403521382,0.734999763532139,-3.04708015049791
1.19945026853782,0.809934728712863,-4.11358359160513,1.26575598782334,-3.0471804123984
0.18772277418936,0.105078601573931,0.180740877143607,-3.58190422685874,0.777378217208019
0.812613085487079,-0.491810780864866,-0.136523641933244,0.116489611783748,-0.528264972046197
0.380595298951052,1.34670326511685,-1.01507591751972,0.826535350687861,-6.41874580302995
-4.80544293670963,0.403396037790284,1.29424555209009,1.13515485072466,-0.929658397921377
1.10234250573702,-0.701562788380106,0.742168739183198,-5.45639933989628,1.15562145505617
-0.69351819751455,-1.02788785372508,0.923094700210488,-0.18920570295754,0.51238973103643
-4.49363870648479,0.821032905047532,-0.318985968530763,0.130236506538765,1.06291736304352
1.46952639658759,0.0949988295699053,1.6498460244474,-4.0648813044419,-0.648760349666921
-1.44356283992466,-0.864128845434378,-1.24518855669157,1.27499079161357,1.36905853274507
0.809400149437858,-0.351568866331389,0.373791038011739,-1.92973124107716,0.136174265509294
0.208874404066141,1.02446049165435,1.15938270395714,-2.18639622105961,-2.56057177392827
-4.83702902360562,0.726517900614647,0.46771467389452,0.227429468403492,0.24552710570686
0.366947112864549,-4.41513442012659,-1.60507787335653,0.637442291443524,0.833597588619039
-0.131892644757714,-2.6659468873515,0.0730275684257864,1.24479524001139,0.946415244573072
-1.05298224676965,-0.559929803581833,0.624189280954573,1.19048196180777,-0.382452042981746
1.47006984568232,0.622720135950376,-1.20141961871429,-5.76232125202451,1.74890988679735
0.871894226825988,1.25244706869502,-3.67384913656271,1.27041241912946,1.16048485527868
-1.01452578098409,0.079838323405046,0.13114979528388,0.99250913000072,-0.594509077961907
-2.49479603769976,-2.7965173319926,0.736403007767822,1.2952778658172,0.668691672083552
0.786791750085204,1.00286134376194,-1.40397992425325,-0.538748967248669,-0.28484817881587
0.315825032055495,0.334480892861083,0.479550680349825,-3.50015807814879,0.49228036615721
-1.01001453954887,1.13182300933902,-0.34974992887898,0.927589424311186,-1.20158678361077
-1.28816424706801,0.168966727505233,-0.545526143275806,1.34845902487398,0.0166949331872331
0.551323636481282,-0.0083425711298486,-0.417210728967826,-0.297506400227713,-0.00469437955307177
0.80574721704437,-0.549128125056887,-0.621032102982724,-0.924566815094754,0.640102993970011
0.707920671589644,0.488340244222733,0.870704490349758,-6.35665057684328,0.399465632424481
-0.0193500160337429,0.000875438528262653,-0.00210428566373576,0.0067471838470361,0.00809517874906925
0.644680322175998,0.58735506784101,-1.40024486341935,-0.670546157976546,0.269145893486067
-4.40198156768198,-3.33733449435823,0.815185894488003,0.474646805830228,0.963684991040074
0.180898285955047,0.746826133926343,-5.54413160845911,0.72072745334119,0.835552931211051
0.469371733065828,-5.82460902808378,1.44411152620374,0.469435050576134,0.351628715875279
-4.58601226787544,0.042547085437646,0.840225281844222,0.166558678783881,0.871267454658316
0.66344881706388,0.816759353352164,0.874736666437536,-1.65926879448951,-3.26276351945813
0.553907941832506,0.747781906287592,-2.97949508859871,1.10641005253718,-2.81245169267282
-5.90679266836486,0.670901270555784,0.820847863166399,-0.384039902333128,1.18437339664494
0.370922665784141,0.769715505101054,-7.31634624468424,0.373778208464031,0.826018383864108
1.19798013201974,1.20675269614939,-0.306311894326844,0.558321940340667,-6.31823599748578
0.253978969076738,0.210321065798687,-0.222311648424255,0.668300034518646,-1.18258744653622
0.236965428876914,-0.478612289186425,-0.142234552019224,0.65385502820588,-0.449890291487775
-5.16026327586304,1.05645803676288,1.33192633157637,1.1039550784788,-4.93084431306245
0.467910856050406,0.0220087389673524,1.15249007962887,-0.190349936198323,-2.98399175734115
0.516652038293841,-0.88802067148517,0.317276175332615,0.199406490456845,-0.436142312105941
-1.63706792550352,-0.375003008787973,0.934513600547155,1.00674953905729,-1.69825878655962
1.43576936488867,0.62569604449408,-1.43447740812578,-3.34707522995174,1.16694807349132
-0.468975516102825,-0.707496232894176,-1.56245218733889,1.16619799749389,0.915821494611434
-0.906215431056275,1.12621694725752,-0.773882535274028,0.674699216722869,-0.43616552863291
1.2313672760757,0.811454665848988,0.5652773799225,-1.38722314911313,-2.01196467243781
0.758613072016834,-2.87256111652318,0.791775325025969,-1.52944289038011,0.874559842200044
0.386625687910038,-0.707335567861221,-1.96199031855928,1.32619910471302,0.598690577467135
0.558089168267755,1.29831486468755,0.378540805476793,-0.159983284051133,-3.05033404278173
1.04997901771354,-4.39506745978686,0.708678190115468,-1.43361906594486,1.12472563364242
0.250774492484253,1.16336853707536,-1.60797340121672,-5.21149015624602,0.968238006416258
0.444380540420075,0.805562490045977,-1.38596672996354,-0.155962639284705,0.16300368648932
0.874377548489648,-2.383490426552,-0.863013501413223,0.702028837960583,0.576678808552614
-1.93235815318285,-2.48971564666155,1.14171774940484,1.26343135675961,0.387084397951831
-0.0226891474358072,0.084193732242277,0.2482222991525,-0.0239533977692697,-0.389943996941864
-2.63033735061992,1.11780558881363,0.647100577944971,0.619884413426621,-1.31837983822269
-1.82047043268482,-1.22733820657582,0.736885421007707,0.811853655146392,1.09389820612048
0.658229844014342,-3.11924724245742,0.674335348161372,-3.2629053282184,0.619209904669216
-7.78702929813516,0.496001338823835,0.764201455055292,1.37789022451192,0.581062860039038
0.08848522107195,-1.04642031177957,0.177086241195389,0.679533494397367,-0.43384379461885
-6.36624085920887,-0.0841286038790784,0.521234129363834,0.337416953625213,1.09830515006552
1.42746960940137,1.1761277331644,-2.95000432642096,0.948789503726448,-0.0293331283007283
1.18613007235614,1.68811013533072,-9.53665739785299,1.03351591886817,0.818510160380472
1.06500699726393,0.0786346598352129,-0.68097388937716,-2.35674452879272,1.31497880471243
1.19172986559765,-0.0585854315374167,-1.17239937946578,-0.363347714101834,-0.0465396605831703
0.956399351846649,0.763869697779664,-4.00218013967296,0.699641902324277,-0.203370803011183
0.634475390927874,-0.209289179865173,0.0596592555936572,-2.96717011134804,0.719138453068117
-0.209840834228328,0.951407937433649,-2.05451608053788,1.20430854664727,-0.689587837473827
-0.205302501136842,-1.32433045517362,0.726324609903961,-0.201741019575778,0.5983729390974
0.777826742171135,0.105179886880506,-3.83853071958874,0.0977065717420285,0.229551468674046
-0.312391652544686,0.0784584877474248,-0.630201310726451,0.314616403252384,0.322038755789956
0.772329942816049,-0.837096865518816,0.703323607693913,0.496188335360462,-3.66669167618852
0.655014697880449,0.230754988882525,-2.84935719528908,-0.299496480089468,0.783185659494166
0.208137069620314,0.813290513466035,0.623666725059695,-2.83085569460264,0.185961611143791
0.420909720794786,0.612281706666513,-2.70020517087593,0.172546584732002,0.460210880971106
0.771525803920686,0.430567077214862,-1.99212609148205,-0.475809693848868,0.602375528638064
-3.54394801318971,-0.172761055446629,0.547804869313744,0.00913754165216233,0.893572210384073
1.3475749146501,1.24432309921712,0.364776942249066,-2.94323183666197,-1.06671495193022
-1.77596713618131,0.18742592223044,1.20159375552189,-0.852433694391754,1.00916571233708
1.68767062722314,1.74245911076529,-2.23026106013,-7.83177859143402,1.33191710578135
0.590058831743026,-5.86097255976254,1.16745359834978,1.66225498197728,0.10366439644024
0.673300097383145,0.333043387398251,0.408407895733907,-0.953481882129162,-0.70091487837848
-0.68034343879989,-1.32675368155878,1.14098486265292,0.188390247744773,0.0214968170486131
0.608414743344493,0.174675775970411,0.576473909324828,-6.86239240681743,0.72193479690174
-0.0720379043689084,0.354933487296834,-1.7782284638776,0.680723503184399,0.13831439764626
0.874906496447435,-0.608242304111122,-1.44335929418672,0.930139760173768,-0.530753343676495
-2.95895019323629,-0.507973558651942,1.34480550456775,1.18949870732774,-0.645438433408444
-1.35246453136245,0.359130802667955,0.701059093191007,-3.41541754073024,1.05367022096491
-6.74110668316567,0.555971502681971,0.606839111471064,-0.263235585545282,1.4473010774658
1.0696736816722,-4.58405379814058,1.0223318541393,-6.12176372454702,1.06671153431927
-2.63223402989814,-0.295845820153045,0.406363593515107,0.0483831644037668,0.930899301058853
-0.957843786143599,0.139605188028532,-3.25662001156954,1.35138899757658,1.2564214705183
0.473253650575898,1.08348290358012,-4.56353217437233,0.880516577102808,-0.190810491715014
-1.68520611189091,0.611269001986698,-1.38988522620202,0.913200886072176,0.576240586999623
0.340793233437895,0.371015441003761,0.308281580311246,0.371129894740249,-2.32393330536213
-1.02515646015211,0.698977846073869,-1.21065727359668,0.110517110378691,0.834912971443232
-0.915707721870388,0.0744206940509771,0.357790524814177,0.0106384211155202,0.274734168974001
-3.4338525204348,0.853580039353182,1.00212987136695,-3.51632324382292,0.871589754801712
0.731368755238338,-1.14387861162507,0.883533851384322,-3.27967745734504,0.698582116015761
1.05473688389336,0.37471181428469,0.112391033802807,1.33076187579137,-3.95360619785872
1.16451375526211,-0.0915530540952813,-1.39152804407135,-1.39343502980116,0.821341280314141
-1.13698107341441,0.837549135546723,0.525424249817313,0.504588106902532,-1.03953978227702
1.24623377413666,-1.63578064993503,-0.327809167179299,0.486541497078254,-0.800100377635791
1.09333223503001,-1.47576215535347,0.711838592192076,0.224008278859456,-2.63597377657105
0.947468261132391,0.568366315952156,0.124766501508065,-0.53415817771854,-2.20803410058155
-0.360383822563787,0.289966056788512,0.549928517576312,-2.49935654658166,0.738307104134258
1.07730251400879,0.691863470764762,0.912441098793942,-1.57569383389509,-3.04106201780676
-3.56237978061345,-2.21746425889894,0.978534849176595,0.700020300558615,0.821831422482632
1.01713760540398,-4.43280320935955,1.57929013518346,-1.66350071328364,0.648827790746754
-1.69172651533355,0.552740341013293,-0.129022321931873,0.786908489481116,-0.1091064276778
0.751030246377223,-1.55914603002695,-0.867243924155991,1.02603408836325,-0.0697842958535698
0.650071183434134,-0.941318333111904,0.148757101162206,-0.311251600620652,0.283509995577594
-3.91444465770792,1.5964712709882,-2.70045597909027,0.316440270500953,0.91721628714631
-0.0550504035608355,-0.0249045982526532,0.0136123677374365,0.0459258063883729,0.00956226803064598
0.00853918446322682,-0.140957264245777,0.122999815559877,0.332440266609418,-0.515759236849289
0.421049832192143,-4.0679291576132,0.878123357433046,-1.31850816366412,0.448900018702654
-0.811007128653691,0.883881582691983,-0.615987492419786,-0.525212536898158,0.560773562884513
1.2383503587775,0.799432475762373,-5.1671487085278,-0.475488910133826,1.37807440680794
0.807260593633016,0.776601559998631,-0.43134996572946,0.555260575278685,-2.83721032553867
0.790828021821679,-1.24159588753564,0.345021459055941,-2.66595148162335,0.958918107789505
0.253601403456858,0.270102574827939,0.357191188428473,-3.64018930275193,0.392247950219456
-0.299411286426452,-4.23285141032306,0.818644587830097,0.932171739860142,0.439078132908466
0.730296696453557,0.651828959878451,0.476437779116337,-0.552479816029103,-1.6986000948373
-0.154180745450972,-1.74035344733006,1.152583135677,1.37077647832419,-2.05000493067945
0.801298686289613,0.367130228892543,-3.43122026386316,1.32120582695925,-1.39587347954169
0.999343536132728,-5.13628819783241,-0.593809260484035,0.835607385588329,0.331389506444411
-0.992997605638389,0.917407106096445,-0.352583564211281,0.72606141525909,-0.950263911901354
1.33056494429442,-0.0482142950229517,-3.97588641474138,1.72030806674799,1.30014910819264
0.188181530452481,0.06075379339815,0.34392871568292,0.0748249289433788,-1.08561104475627
0.137469251213177,0.728566525428352,0.996709924718242,0.800459988233733,-4.82689863226386
-0.259131017334241,-0.266920013093989,-1.59169854375934,1.25768798241645,0.777405157166124
-2.49280177463609,0.552703916835593,0.699696620703116,0.249861389197271,0.216469194901781
-0.337323240323714,0.492525423080226,-5.6632858331382,-0.53027413435837,0.651925906652795
-0.167928656942469,0.70962928421344,-1.59320555437096,0.0712522573911775,0.617669026108078
-1.27335395445846,0.560960672190677,0.875922696670045,0.60229575334442,-2.06854340961828
0.799225574459109,1.05840416052967,0.051409100780067,-1.43097120802481,-0.743500528694758
-0.560929607143803,-0.342055904726304,-0.478179694248357,0.770183719843089,0.39465718146562
0.577343966029489,-0.83398112499385,0.993656535948181,0.400016595186363,-3.69642438159647
-0.531672231616396,-0.469258169149381,-0.107931778400676,0.515205358086343,0.362343513176027
0.478781358529353,0.779889482410773,-0.19405808202392,-0.983703392539427,-0.374116962521699
-5.17165562211751,1.11520231086896,0.265718753659235,0.381836732869054,0.224058143339479
-0.327601532070442,-0.451124150871093,-1.34810197819639,0.966373116538205,0.483325536091982
0.760438817289966,-1.62507332993189,1.08124362177378,0.254876882454607,-0.928262938574635
0.783670076974167,1.0294958587606,0.186100151002248,-8.12143577821985,1.71288337828416
0.651155310037858,0.427965610036529,0.926677602369717,-1.7210579327739,-0.904661494139737
0.67225274215779,-0.723880424667075,1.00220026326979,-0.454452600999781,-1.02472137528742
-0.522012601379462,1.13714977225053,1.18678867418614,-0.602293824617882,-1.54974073245815
0.893717181326848,1.20974935010952,-6.40691262528177,0.821809660083285,-1.31913811619568
0.42683164068903,-0.860440694978906,0.280405345995998,0.647590015831724,-1.10602892902917
-1.78154344480927,-1.9044050256755,0.850554507399931,1.24082284086279,0.364632877871219
0.761536321581231,-0.532042496775924,-4.19440467124973,1.14711911520369,-0.494164599761508
1.33336429199737,0.669471850488739,-1.48821212659742,1.03943728880447,-5.05575428326465
0.452611048670911,-2.26553489707342,-0.157681558426142,0.483814370432677,0.440764139071378
-2.99626554319223,0.393055686265209,0.720152731481767,-1.46992736737491,1.14495759192369
0.914796356351662,-1.58303489846974,0.901723545598727,-0.233264397086853,-0.431773164073091
-2.88805155617213,0.508688002042247,0.727411815409419,0.636460381390097,-0.0801052431652026
1.09500993454059,-1.49648949841584,1.25522699534874,-5.01531844133617,0.755008282420319
0.378406287490581,-2.27468412467654,0.976484356274866,-0.508495555807566,0.461158762261842
-0.61511333307321,-0.0708442567488815,0.83018028151208,-0.00793429518475019,-0.400020315172033
0.433535403939775,1.39207039781742,0.293197230041771,-1.33011833394274,-2.15100362468767
-1.63606478419862,1.40617532495289,-3.61776993928068,0.880634629536017,0.808253418309241
-0.799772924878289,0.627159838964951,-0.456487241743607,0.644915218772308,-0.244683100361036
-1.81324038253695,1.22182611958985,1.03338378113153,-3.27962989869415,0.605634612801686
-0.135517986570312,-0.797167456256364,0.912206010596042,0.637372633035998,-1.66587241836727
-0.0500136084510523,0.282047947016984,0.524769961523234,-0.304246607935872,-0.718549222536117
1.19254505406929,-1.40084806594959,-2.98518334000676,-0.00511306573631526,1.32325433445002
-1.00216360906593,0.888568986227345,-4.17732999743636,0.846881812803223,1.1193785627019
0.242614189431442,-1.46195296596938,-2.01324410375344,1.21725677691992,0.695193798530178
0.866670045509237,-0.45291811547066,-1.84663005061251,0.9317549921173,-0.475213610114901
-2.99063401413463,0.822618737988097,0.739386894233235,-0.988895892914903,1.2062880306775
0.990277974248278,0.816644241540507,-7.20738956019305,-0.468368795603992,1.27491866218736
-5.56297955816994,0.326479743382353,0.495633700118011,-3.27372496629472,1.0539244051253
-0.632848254496242,1.93774198412331,1.27296437400909,1.29385651667351,-7.46052512714206
0.851037912531687,-1.0715241336667,-3.33801365286035,0.523626399160502,1.69045039636554
-2.07129820686425,-0.727184461841146,0.879721364200903,-0.644681546239311,1.40680778246277
0.519435582254623,-0.97291065089563,0.121037775567269,-0.244514463984392,0.416002530718475
1.44570489370216,-3.60943750276957,-5.13065070951231,7.59285967433243e-10,1.22199950248302
0.902051900963803,0.557912355803695,-0.913913214536943,-0.68139611653032,-0.154936749617657
0.505530143214608,0.369199344632775,-1.32035051148577,0.48674058276502,-0.464643123583738
-1.24025007640546,0.254101774936968,-0.469852036982791,0.422684572993443,0.593340844504625
-0.247314863341056,-0.574129923014669,0.750448530543533,0.400361996788765,-0.476940427768974
0.4276438275236,0.750501219118944,-4.37220405374997,-0.823690671619212,0.771712769661945
0.209252441404778,0.437529390855159,0.676150347152867,-3.91267825526896,0.510287835908557
-0.598679878949294,1.37654274350879,0.720109928780927,-0.0548163847152541,-2.34382103894178
-1.7273888150218,-1.05578993884757,0.0147821664812149,1.06279944292742,1.03942803120993
-0.706518573396002,-0.0691152591227631,0.717875303751564,-0.919257474079668,0.577448604947739
0.130140912427769,-0.84433477794841,0.289233062475628,1.23034924373216,-0.867645121944329
-0.00683246118598546,0.2644380627133,-0.0786642330538484,-1.19278663508307,0.460074632923027
-0.26137192894957,-1.46640712451859,1.0550437941801,0.336800485326961,0.305540598331088
1.30040613644231,0.672711053867751,1.48271489143585,-6.96130068362575,1.05947443532673
1.03765618706084,1.59888805577553,0.730194887392548,1.42751609136453,-7.42724790502043
1.041722263883,2.50355690552028,6.3669861586107,1.6761200205681,-0.956756111150648
0.0879328667431961,0.493230490941091,-0.24538322427984,-2.18902087204266,1.02056096882692
1.32413039719307,-0.515247230851717,0.209747293604228,1.08636047138832,-6.41447393339712
-0.487393447854851,0,-9.09494701772928e-13,-0.487849923653099,-9.09494701772928e-13
-4.17705913061588,1.13944515309622,1.02803501563563,-0.498808545100108,0.715478918881827
0.699510571675024,-5.81489428648856,1.18483161666554,0.570340888466985,0.11875626795241
0.215488548223778,-2.82312444654682,0.876301200388363,0.598541976932394,-0.289264271502204
0.090704696283975,-1.24059572581799,0.452034565141283,0.634219159957603,-0.357086830502543
