0.447780668903465,0.979675303841656
0.214809989115983,0.69543231697625
0.533094702663021,1.44025591003995
0.341267331901426,0.87890899211318
0.0529216530235571,1.3546152890566
0.728466389222553,4.26193449040143
1.47368895425508,1.58215938246012
-0.0476585741456071,0.700383876454653
0.114378858414201,0.762274935985511
-0.188894568252974,0.642344788558235
0.171398236745756,0.784863693347694
0.152854154440861,0.779746465583789
0.0645212482249133,0.693125069692586
1.33944030065394,3.3512730061124
0.935757420731765,1.44429436359403
27.3748903422002,-4.47183459843243
0.0612129849315769,0.661574211806304
0.584162647053132,1.3193286518469
0.389988426821009,0.991599669156677
0.41162395833064,1.16408549986086
0.0804058635485345,0.685913155194481
0.509938767403303,1.18507932595189
-1.08764212997455,-1.03151596730617
1.95352937246029,2.39143781488719
0.280158942611043,0.877669455140358
-1.99804281375664,-4.68197087017955
0.438607153061872,1.10806890291136
0.507359073129114,1.95948163168773
1.07577255805372,2.01358124977469
0.717821101106731,1.23272089766614
0.244340067027787,0.935794033774062
64.1074259115138,-15.8490142089055
9772.46039410201,-310.205232235088
-0.111530383060669,0.637994634836264
0.398760016432404,1.06789915917161
-0.365150521438184,10.1682193477171
-0.110845179482237,1.34528265753053
0.581685206492029,1.08777107619774
1.01393747537087,1.39762266638287
-0.262040069732777,0.741869045912883
10.9737768499974,-2.84718549398956
14.1960458782706,10.9324613030686
30.0690907078696,-2.06725848349557
153.154579787815,2.3841656105011
1.65391599589414,2.04946721704008
0.856315553138357,1.51784613563725
0.770264013148593,1.11788795302614
-0.0526375731982257,0.845896932452046
0.113306808479809,0.660955195933743
2.81653931219383,3.99955889655839
4.63273064794282,9.92790563833497
8.67965366247942,14.9429249960765
0.0757206587963442,1.40369621549989
0.300048348124997,0.797922865369898
2.34300335805567,4.0143804047205
-0.255957105168952,0.669351140200614
-21.0681042365454,12.0240176756477
-0.0660689181460075,0.759809344979769
4.0883786993884,6.94268761592281
3.70053384534382,11.4354899834119
-1.69490171252406,-2.53446396189792
0.555512733663233,1.33965935217253
0.221706591907623,0.687705576265728
-0.290737053515822,1.46833669240359
0.543781844791056,1.12595272342515
1.57329856571041,1.91785071522632
-0.121064087507249,1.40324233806552
0.094970006274945,0.938829196672788
-0.193067724995489,0.8697810958252
0.287604430473494,1.00089939721253
-0.523056220339379,0.584555228397632
0.454845381524756,1.279051077498
0.68488247613366,1.49082039745333
-0.0268737810580165,0.700103696059174
4.41101435785865,5.71826314443083
0.0961747831539049,0.694468321159891
-0.180610807638926,0.935041969860103
327998353.085479,-20736260.2528759
-0.217974249039619,0.707646799891283
-0.277355690538342,0.640959317357365
0.857503977582744,1.19974951997341
0.0205220831189307,0.734344226380392
-1.31247341242502,-4.27074636311897
12.8930273059699,15.3121212895542
2.66395534917943,2.54238197705427
-0.0245939166151067,1.1219717062214
0.191117655288893,0.819199849796715
0.305079306756679,1.03144670823912
1.92052555068684,2.40021104593223
0.231742142890866,1.29487980438197
0.652589338982624,2.53695043371308
0.824226959881562,1.15339950075883
0.401786679746273,0.824841029530382
0.135244515807698,0.731967515820113
12.7681345185469,19.3049886344592
0.182287893739363,0.849071015258712
1.32433089290933,2.64640307975488
0.430653172824111,1.83468439179038
-0.414612753897303,0.507733426344865
-0.177719807930064,0.513424864456681
0.0690632822719846,0.85097376549739
22.100855139997,-11.575414226607
-0.288760369745473,0.667555394753959
0.376110534263118,0.981361014561665
0.147239302834359,0.745696851979557
0.0123702860552818,0.746198262314349
-0.283122703278333,0.459307246231751
0.0218253463730969,1.39163007110039
31.1803657189637,-15.2108329955993
0.782759666394322,1.20667219353712
-0.164291270992144,0.822801171863284
0.114613444777461,0.914193216843422
39.6920407722811,-4.25360095662092
-0.235380169413607,1.23016342877142
1.292421792921,1.19756567091523
10.0323778524275,10.1545617658657
0.0955307974138781,0.709530405324469
0.223546456268484,0.74600346892067
-0.042388381228197,0.61417223081089
1.42777949631989,1.97053490410054
-0.223346122255264,0.996344789840178
-0.0404117749911103,0.762504351390277
-0.114897569790453,0.682884429458743
0.605755163232674,1.37109995340591
98.4839950591391,-20.1909005713031
0.0186632731166878,0.698795440450204
0.473344394976991,1.83211689339905
-0.142429793409487,0.554682115176181
0.438965443625716,1.16829496250686
0.589846415092037,0.867566207222885
0.117071816513199,0.801351284683496
0.118451131522267,0.996870832432199
0.624037170155002,1.12186218412128
0.0540429503708477,1.22797043921521
10.9253138900032,19.5211198555803
0.149208088844831,0.926078756461726
0.243231677509202,0.717305514059009
1.21716959913948,4.89253692351682
-0.096419954752766,0.556410581391528
0.17238917736061,1.06054577710954
2.91345631088667,1.97867050017544
0.0561854678423659,2.32668474638262
-1.45244694628725,-3.8281774119152
0.317889922848877,0.933111975616975
4.46180636610102,5.6070932531124
0.379550760018413,1.04145893216234
0.480707648789596,0.98956209977601
0.326939603256052,0.931623038381299
0.0988575823704965,0.815154412565078
-0.235489455931814,0.971238298078607
2.23769409288513,2.56513984311164
0.550615112895736,1.59087928800162
0.271747023520056,0.988920056304131
0.0317958970985781,1.09272858599255
1.07218949124932,1.66607919558022
12.0107071472026,-7.20303059405449
-0.141219966121989,1.00819566753935
14.8531822780467,6.32242802311431
-0.127487323164623,-5.75775868022064
0.497711051728765,1.0804340331559
0.587201521056547,1.04148798245304
-0.501046189854836,1.51440681193177
1591.45768079097,-17.6054689590013
-0.997556053516116,-0.894329635776344
1.39616288938225,1.805300740442
0.166346567158591,0.846534359263112
0.196742090387893,0.854283519169533
8.04507792815541,18.2052447979983
0.439333744797761,1.00823891615081
1.64884031042105,2.16627281148067
-0.0825157939673946,4.4881386966713
-0.0871055362765993,0.792043071032406
1.62943431133066,1.90988993060972
0.125036736779455,0.558208520197724
58.5094867244899,-12.9823646581927
0.0940384565440737,0.822331372958533
4.04338266555748,17.4516011306556
1.64241597922419,2.86220076395785
15.1892421777482,13.8020548930978
0.0434769846624438,0.725313502302731
31.4495318936497,-4.21954143229739
0.163299672004997,0.825165246292377
-0.277581767364802,0.568016297687212
3.15622181249254,2.71679702251514
-4.40004704675433,-5.95939727933196
-0.730402375965088,0.933278142376508
1.23988629226893,1.59258229608558
12.1181879697344,16.4267742915767
-0.0766734294506366,0.728666030033388
0.174453093488161,1.06534112699907
0.0375409599768128,0.856179539002561
0.284413557845556,1.01060311317396
0.41819151013162,1.46448173965495
0.0954159421344404,0.793946628517566
-0.200416935926332,0.979150137792316
-0.0967563389121966,0.865655603146195
11.0247342695474,7.43137776062093
0.0725882804608,0.910629483859069
0.237144959483137,1.08903075890592
-0.243554205927805,0.866549220579568
0.352405395945596,0.759134996323931
-0.141079458210972,0.837593372999655
-0.168354884064291,1.2033753314563
-0.334671962514495,1.46024910583812
0.00768658106097701,0.61746081577537
-0.0557217542731706,0.904195705204517
0.000369455554903989,0.936095349498165
0.95933048379394,-12.7554265460641
0.247240297131969,1.0603718371367
0.289061742598132,0.88288811775285
0.675273254356427,1.2773739825658
-1.49889268347927,-3.11342926110124
-35.6368256189231,12.4445887150113
0.51615377576731,1.36162763442923
0.420900998779124,1.04218964856594
0.33535309529299,1.26085893894645
0.0203302433049538,0.660593445383103
0.571903039288785,0.96508206688792
-0.1636259767431,0.889079583944764
2.18514241839207,2.16799438397796
-0.384037492724971,0.555269583469341
0.442067761391164,1.36456584717568
0.0479244458415704,0.853950568609324
0.234517729156508,0.939129388377971
0.721656303367063,1.87907357355833
0.220787465441255,0.967424415655014
-0.217755071571428,0.930565789149212
0.539301966362307,1.27513766303403
553.457418208372,-47.0699661207361
0.133512637595421,0.750865400106264
143.169088047337,-0.304587746068819
-0.0167449321478462,0.999021387056701
0.144695394380219,0.96831996454302
0.012339450738611,0.730869938074305
-15.2243710494696,15.4049879872676
1.48275748893027,1.75188341734844
0.189985840580444,0.967244949616706
-2.15650082727009,-6.37582254149148
-1.3354061402005,-2.36157453350841
0.0917811295287292,0.882134626329559
9.66101583269973,8.95689256686257
4.25160855398361,7.19614476110806
0.780348649071568,1.20349431995464
-0.011167876631495,1.31895274841361
0.0910675052690206,0.768058219736248
-1.87107575623791,-4.308005561648
-0.363670286436575,0.750729638512392
0.510409767544746,1.03053855607581
0.324398266118793,0.978683843929237
0.725995988793207,0.985589574298434
-0.0327474457192714,0.730501956577493
-0.220249671490056,0.775750801702421
1.06971279465195,1.71634551065885
-0.0101869462129733,0.821269427159808
102.927267511219,-28.1238765860502
0.0511606190431851,0.86417431621305
0.129352678063657,0.775184421936526
0.372250945687461,1.45134647887858
0.294986927160685,0.971317717628691
-0.167676872170911,0.576553580755155
0.0609443705771421,0.857071240846075
-0.0847039872592197,0.702821386842087
-0.0481262872196715,0.668511723531624
0.122287956863124,0.92241670489042
0.297719810024829,0.89409091261322
0.237269184888094,1.20596528705757
0.865444561531872,1.26284086625392
-0.152476834581606,1.21585338661575
3.78232807029999,3.09341951484027
-0.367019298017823,1.37830581286177
-0.360931018492773,0.971257123839644
0.547295757138899,1.29582012938169
0.362712001674746,0.865295335034695
19.1921032831562,14.6061390205378
-0.331880230204015,0.96026875426283
-1.40076048113894,-3.13717988155852
162.451322424294,22.3721253401826
-0.272306214312395,0.744783487195926
0.0124132690895424,0.681875468346417
0.118644230876412,0.822795178850344
0.222598882044919,0.920544752380974
0.266557547425071,1.17013040826698
-0.258919593193052,0.67221547674441
-0.0223633242807495,0.73596655372757
0.0869817711512984,0.728941741148441
-9.27160891455949,1.92953954119274
-0.339967673721344,0.549443008062313
-0.0598300483436761,1.07685333274095
1.19853937737409,1.93633567008881
10.2059412985281,-4.36997061223323
0.0451215506733609,0.94647304072193
0.566445148436841,1.26989465464041
-0.204949109192535,0.969732651596291
0.262772454763197,0.985827204962186
-0.56751693125033,1.26361680177168
-0.0641585042115571,1.02702714541686
4.37358544678391,4.25101904080914
0.0751128587838031,0.926749149530329
0.0274643645010928,0.703973794462007
0.267017553435456,0.786785683772232
0.0861953440628697,0.620214320077013
-0.399351447967613,0.964181560149968
-0.0143763189275372,0.631143185928637
1.02714715039794,1.91592677690993
-0.0569044421942737,1.1121729806943
-0.217010214998387,0.677180210222571
0.547913015105778,0.888750208210803
0.753612900098077,1.16345941417642
-0.0660487716216035,0.814307732772188
-0.299687624390848,0.685857442073655
8.68631503837929,12.3818621868783
46.3318000155566,-6.46246498092018
-1.63944179415612,-5.52768055652537
21.4449065033735,23.248272270365
60.4878230576306,-18.486685027709
2.12910773080214,2.87011955570743
-0.556121478960135,2.82158368556318
0.755409509353186,1.68293892516977
0.240635897661341,1.14997743381858
-0.203645047270972,0.453149359745685
0.333397635296327,0.996780015828424
0.875914347429473,1.63426477804661
0.0885315443092067,0.820402056467461
-0.149071806893921,0.940544208804613
-0.236727150163646,0.611423060576569
0.363824596500403,1.30533604318047
0.259509718450664,0.816223006906326
0.47644042499925,1.26662300977198
-7.63356887413037,5.80841869747986
1.47254531703769,1.68627424057861
-14.6336407208435,5.81146328879488
0.118040155654381,0.988246046873693
24.9370773097551,-14.3701732320134
0.146920000655661,0.778873704201446
-0.430983450109915,0.472418380705368
0.225664866951822,1.29506582904108
49.7062651500822,-10.926693864005
0.512178539944018,0.939104159859886
0.881506568152163,1.18725994993056
5.35565125693142,10.1499382011897
-0.103253699815554,0.794604835784304
0.18487326165628,1.3402670177391
0.685336569918666,1.26174139032743
-12.1342574918002,-0.36573071122114
0.203384279973367,0.93100659012592
-0.143992736666856,0.812635099043904
-0.300166183434268,0.8085770039101
-0.0927120269531222,0.875836010486685
0.271092016662347,1.06714751940767
0.0261092260225463,1.05246585859297
13.5533348710021,-1.78364947015347
0.0595895067004064,1.23617515657708
-0.118001339631001,0.811417870022618
-0.02517647747801,0.913798026442899
0.245339855010366,1.18779435495843
-0.176438922466584,0.555459348168272
1.19894106377954,1.84976838643834
-0.432180327155651,0.651497763670107
0.855983404328969,1.24728531607717
0.394834699435459,-2.15385655383046
-0.12729837191984,0.624955156757836
1.53366011867133,2.24638701840055
-0.126572594068152,0.603297185076397
0.0996130770414032,0.709155636846672
-0.150059796688601,0.54975914215576
0.0231921474697214,0.546850122625308
0.393177548232046,1.6056443375331
0.718010063285425,1.38175071693665
0.530789386129812,1.10571772661457
0.339509688990564,0.938320993354487
0.588265091930309,1.96188781095027
3.17703309954503,3.41193615214198
0.805964689271315,1.63870342687984
-2.79147767480365,6.44860011499605
-0.00367451659533991,0.701372935004692
-0.0761778144945155,0.944353613603577
0.480989898567365,0.913196468710432
0.164135804719718,1.13196358769904
4.41834307950098,5.12070029999094
-0.0117270127473421,1.25376856291622
-0.464768844219042,0.594027007887726
125.101777024898,-21.8240839281426
0.691055969602158,1.3954164233501
0.155109839899743,0.779095360157216
0.602459773370101,1.5706822886761
9.43600591239537,12.7523162804052
0.836416902657895,1.38313817339293
-0.0369801942515453,0.838893106529788
-0.117568098206334,0.703558067150478
21.5245807657489,-16.7555819311841
-0.287263472851564,0.86513753202142
0.0200732798993853,0.823320494569586
0.163956549191957,0.911513706210067
0.787542080494956,1.45148712455212
0.114853924687637,0.681246315500555
1.94398159978038,3.67012673615172
0.45123327732786,1.72088633849254
0.363330343169746,1.06749265578005
-0.228353021483942,1.06085221085476
-0.316302324576543,0.535068216351188
0.580285361019706,1.35221775329067
106.510882949583,-19.6179378599427
0.0284054477606016,0.916955381915874
-0.042704685359899,0.723465812585407
0.47593590079803,1.44049882298726
1.23391444836169,6.10809819803484
-0.257023298191181,0.729009991895859
-0.0786174430221598,0.863369213049612
-0.0418460354977901,0.841290890468153
0.421484415147838,0.918830744702863
1.43304324235422,1.54196872788764
0.32473371280872,0.992269860747888
-0.123330921470992,0.61373253776163
0.113689645427558,0.810903364733938
0.194587595364131,0.657341613684494
-0.210213856679296,0.707539793042302
1.08386162902745,1.15409348809642
-0.0683666276341727,0.705434365649313
-0.120398913657744,0.777451612531029
0.0584921621768127,0.813673901782271
0.225024481491704,0.983749653249981
0.171798376712108,0.986992832892882
0.866018042261895,1.95079210533556
0.33406755469968,1.0882649855487
0.181291875424135,1.1885536168141
0.697055437650348,1.47873806058917
0.245843476439989,1.29210959453367
-0.0709754699418717,0.747529371414925
0.180685484253993,0.797484809885264
0.232443684805466,0.956410227885054
0.32788420195885,1.43499907605474
5.34713387433266,6.33569709772237
1.28778626688787,1.98847479550543
-64.608307125357,9.9466608685401
-0.179781248221426,0.833574477117239
-0.939812758689396,9.98517188581371
0.363036260126533,0.853421124052378
-0.344164734212296,0.814452754400795
1.23160574298243,1.6391837324716
0.58217583240411,2.12855936959203
-0.418139489941829,-0.704573430386311
0.292126141406753,0.821185663863138
-1.93536965944962,-8.86180121446147
2.58476897232543,11.4499886990981
0.0501332636921325,1.00862273463504
0.636980569982663,1.74885081006036
0.0600236629908508,0.907082293288485
0.0709008247980168,1.20653928928207
0.0431880190362406,1.34494986112612
611.697919700893,-31.1655933416485
0.221029885558688,2.06015799086326
3.23168474198758,8.13221747863617
0.773162382454761,1.14998666643585
7.39010698284875,5.47126781780481
0.377476484481141,1.21003257778001
0.70666918087737,1.44243261844362
-0.249769950802007,-0.813074434058285
0.295385014634708,1.51725905200516
-23.2759024350293,9.05424973436928
0.259321237845654,1.17062296331714
-1.17448416426833,-4.33669599667936
0.46378621055672,1.10776582203034
3.97705848320274,10.1144846490913
0.342736193766908,0.823172353950447
0.187500492568584,0.81537994775592
-0.0653492873539188,0.81051492522874
0.331186236838758,1.7063121355274
0.127171591139625,0.813064635087829
7.28995865340826,6.97426442045277
0.023267269155632,0.800511691527142
0.786617408673188,2.11658572450087
74.4872839801325,-9.77259029219279
1.39430041676968,-6.2247523487013
4.59322470983347,21.446683469103
-0.191485658452512,0.582469350826889
0.149198810334513,1.20424955232025
-0.693662581236293,1.06142377625186
0.104911364315741,0.995044300960816
-2.21280112041939,-5.4869021672838
0.183781155532268,0.98406277165663
1.4374152164223,2.95737895945395
7.33064733697215,5.8208550562507
-0.315456481548701,0.619207865036197
269.481268316446,10.3996213839126
-2.11761537079765,-6.34855507332782
0.331702144659794,1.71768869471234
0.172072425802456,0.968056785261076
7.18309462661432,8.24083927914617
-0.0239988888434737,0.564565570682888
-0.102635190155212,0.792512549870689
-0.108502435998979,0.581389002621161
-0.500461322670895,0.763232474355699
-0.308961368767865,0.990133453569976
0.248156381011948,0.871507938292888
0.295741857225233,2.33086568909868
0.273096624581306,0.924607346836999
1.22188683782101,1.46153957486454
0.538089962265178,1.60936692570209
1.03680671619468,1.2541847845735
0.452148262061762,1.62230536315941
0.194113329273412,1.27786333375454
0.303207183003732,0.901765584871125
0.228882384095019,0.936636304311014
0.319326654537795,0.847245249085788
-0.276067836136394,0.963389448783844
0.189550980765597,1.03897797093101
0.0363060722824286,0.726545625122288
2.4084339030725,10.2058261113325
-0.0350492051075857,0.79857452158171
-0.230569742079683,0.570132402546395
-0.0765969621701997,0.822739809915961
0.295193373863964,1.03705277336582
0.201381978895597,1.16953465046423
-2.1089908756363,-3.87146779542954
6.12238707034544,6.07710753697139
-0.0163535186306719,1.05909176837188
0.180003044211408,1.20616998099217
0.28599566871037,1.04772207855353
-1.62493376313087,-4.98550133139095
0.041801256107928,1.07913361642898
0.600147829277335,1.29467004147792
0.11035256345422,0.728599500238682
-1.13191743149438,-2.69087195002158
148.064683794641,2.13065697078243
0.499548306883119,1.25919718674108
5.67129350193296,8.36694936081387
-0.1431274435835,0.988357456192914
0.052095457803128,0.933926171565497
0.0872282888239473,0.692963714871543
-1.0002030586387,-2.7621432734808
0.247207295891255,1.67307700908051
-0.200248888063542,1.23511349986349
-0.148400088404564,0.81841729429665
0.1936555925821,1.15002055764847
0.166709740571477,1.09436222671068
0.508788722261298,1.08694517617112
-0.0121957841661625,1.14380732925367
-14.5730050252227,1.76860473514137
0.206677243887732,1.14352511344625
0.0892291397922619,1.05502338035642
1.9623594034176,3.1439349568428
2.02030902260673,4.04137785977372
0.167801019761848,0.863842381982975
0.566185944460022,0.850025199522239
0.158247992561454,1.1724272534132
2.34626909019906,13.0820273164183
-0.0685730695377254,0.717524232488577
0.262929506728631,1.17138209429568
0.425739548159619,1.3010434127074
0.636183489318172,1.02622777013595
0.0173652329536091,0.729892132301974
-1.71348509061694,-6.29776331266759
-0.102167711586957,0.680165936922468
2.36396577678446,2.04311998074754
-16.8851892753549,10.8113388518357
-0.0704190817713235,0.74224843691036
-0.176126626491455,0.608520751575803
0.0403713124635738,0.775233831488356
0.290035521343795,1.14189554914015
-0.0823840378483785,0.619930404631274
135.397533510452,-0.195523401117054
0.573697822561055,1.80612935105813
-0.124947904444249,0.760266016340024
-9.67619565476359,-15.2993625032854
-0.222865233733253,0.80652582543809
-0.0542939095544972,0.703356891483867
0.237376630032187,0.985113257610812
0.799003035114347,0.876791998839941
1.21372297377022,1.888701817014
135.171065118802,-0.805685226833955
0.229216679627226,0.713273026680592
0.42726870980395,1.0469359863866
1.98323547426792,1.49839042543158
0.0877339673999149,0.976750572966529
0.185006158573244,1.1670296830493
0.553422175877379,1.23766538022984
0.0668487865131129,0.784579384322903
-0.162309404612945,0.637531004417119
0.624604642856867,1.03466899898412
0.0663841948754519,0.991050025336287
1.05002485917764,1.53409135841976
-0.0248829565101517,0.822662328726905
0.224098392580839,0.83422132959338
-0.344007233219329,0.892000823055256
0.448445923798224,1.3403862258482
-0.184042284496447,0.701812489316976
1.09546172098643,1.6074348702464
0.493179499601505,1.45461149878321
-0.324859518336291,0.81452798167087
0.189501182532665,0.821521500269515
0.607852900540746,1.3083275538141
0.507667985098336,0.826800700831628
0.0201402508802796,0.728975717906454
-9.44137245669542,-12.2913332850342
-0.223312979357921,0.671469658001077
-0.130824261190466,1.03646562248761
3.19475799087105,2.25893835982039
-0.0861497143509535,0.759126812661466
0.0723342062401093,0.688557234691072
1.33846172174933,-6.86598709222176
-0.533916938234549,0.689997685602428
0.507363144919084,2.30948964649194
-11.0253386141754,-17.7393537630628
0.156794807611871,1.02182232307555
0.183241931250235,0.766292980418434
-0.0342818299439624,0.806757813142321
-20.972074937978,14.0557631181855
-1.23330977116654,-2.43539807432502
0.893658974680078,1.76740385766122
0.329830943845891,1.0353450625276
1.44615948941221,1.6890103703507
0.00839880212965237,0.925948815874101
-0.244523069275709,1.74910661375822
0.652269715592609,1.55768152156652
0.207301545184173,1.35583649541513
-0.519845376258162,-1.34656994696678
-2.08676159213661,-17.7455975526303
0.039620055735849,0.886130531977632
-0.365614475609855,0.930149943005815
0.0377722968856115,0.810320895030611
0.409159234620986,1.1152399321148
0.0556611967978769,1.07473766513296
-0.203412858378472,0.862026589182809
0.121499839767352,0.95237756921888
-0.00434387003711889,0.706451198724043
0.41472364357338,1.98205361002144
-0.336916618767697,0.777447760743742
-4.80172357084824,-14.0599947968062
-0.131027759606991,0.781436958513369
-7.47200598993391,-12.8171510686852
-1.60784287619165,-3.51874797254331
-0.0163049129540496,1.17792339180882
1.31871486957596,4.346854462331
128.480341384922,-0.29436246785986
0.124298462161505,0.802699871214748
0.273836498348033,1.09309400102641
-1.7563229432242,15.7225681181063
0.178974957225863,1.1539928584025
0.0327402635799129,0.735450432127253
-0.0775991282992114,0.740831924599411
8.18144217131666,7.34308360178205
0.390323134356765,1.43897326248861
0.792081890397467,2.92345485662439
0.0169187527629039,0.821127599530947
-0.425590581938006,0.584527123577515
3.33174277769639,-1.66784806016759
-5.00601752585053,-7.0580140778088
1.02576517730611,1.20611624959589
1.11241902795106,1.72731851902959
0.435381536421449,0.79812017036131
-3.73954323552029,-7.03330734190531
0.137985486203972,1.03647992496591
0.32217190531694,0.884580703512077
-0.116183264923996,0.796911062647595
-1.28764819473192,-2.15154259567036
0.234057414807348,5.59178276758663
0.303193261417385,0.980079361520419
0.682970040297904,1.31927053926573
0.613200426423626,1.80017769922778
-0.322004865007439,0.506207426435821
-0.00968488437440962,0.830118155265659
0.193489707048138,0.9925316406178
-4.17518425046532,-6.46362015721312
0.136212995972026,0.826874900466331
-8.88731020780303,9.91184974345857
0.0510809001380404,0.798270162665264
27.1346639783977,18.0842971956256
6.34115237834332,15.2998666801772
0.273864214148706,0.923089271781541
40.8472662045677,-12.2946386683166
-0.327381259348042,0.868273179881608
1.60589427804173,3.14790387830936
63.1459836327533,-8.63067587650116
0.54716009091081,0.914127208695065
-1.29800976604258,-2.6447416433032
0.0554004906009312,1.010952498539
-0.342874140660506,0.721076367566965
-0.00486507554580615,0.78530043779793
0.156452576027874,0.75421104023482
1.53552060564298,1.5975702951723
189.661998092113,32.2619347264308
3.94831428394249,4.51170228614986
0.237869378527546,1.43355739969864
-1.54053835655099,-4.6053123920852
21.7613211299416,16.6860509552112
127.459358490041,0.313319469107824
0.140209344775864,0.896476905907587
-10.0040388687451,-14.6073133406132
0.233608214333836,0.813756469946894
2.73427843899118,7.81313375411542
-0.228907492516109,0.633173638951485
-0.180499793908763,0.652092277644005
0.283967002452461,1.03381942018388
0.453644504658643,1.27187864203262
-0.15390054610615,0.936991035934522
0.643140129390756,1.51131175295912
-1.13287703613674,-0.616357798138869
0.0515502334597601,0.846686648999932
0.437073250629331,0.915007817754084
-1.69806836520228,-4.00514937532937
-1.26234697297548,-3.35769841008854
0.984483648193732,1.94332615437805
0.659036445780273,1.44020806568256
0.233650526577744,-3.57328324455846
0.283217964452896,0.924892529605133
-0.366813157555044,1.00930050787162
4.64162671952466,5.60363387637371
-0.163354890730194,0.684283853841834
-0.263746949934192,0.71549802099596
-0.0148091157823285,0.805991697162102
-0.391801842207246,0.507530272854059
0.478653791574677,0.997275388128965
0.0350130091249956,0.733450173435352
0.234693812624954,0.849514209621481
-0.241403520871067,0.594519253160707
-0.0351097892807488,0.773859716382626
0.160261737009796,1.19799675141549
0.189586944104349,1.13970755069421
-0.038605464326753,0.857906574671442
0.853666782912274,7.05469011410931
0.541330490570178,1.40010045171763
-0.22687495649363,0.741390465982831
-0.0260493260676102,0.733047747533141
-1.81469611014952,-4.59480089595341
-0.283572389707754,1.01835901777774
0.366836235334726,0.983377223074191
0.507458616156099,1.01780043414008
-0.0683649749299451,0.750694606344192
0.902471063230986,1.28207912293157
0.699732594445377,1.06073963230163
0.460430715761625,1.40080988383094
0.472888889393639,1.51439556538731
0.185826840953211,1.05567090588568
-0.211098899906979,2.0405689118932
3.6593314976015,18.9166005241236
0.725546196703634,1.07340184335378
-0.0208607151811179,0.928568367331828
0.00550350315564196,0.711920448384163
-0.438290852696521,0.883701795982193
0.0601616206966194,0.978093826001268
0.163242838448235,1.20357309634507
0.314476662137196,1.51490107496459
-0.0364214757979535,0.79455169432917
0.871423439492684,1.39818864783863
-0.233847165477112,-0.823356614790982
0.374214312426217,1.05295676058175
1.13922084363469,2.10514107438989
-0.224866205015571,0.822369586655216
13.9889526480492,11.4326527648141
0.246181145678578,1.19624672182796
22.9422945685116,21.4476773309359
6.19503058065889,5.58969050011153
-0.175689587553883,0.726132567854978
0.0112702656443643,0.594767842315338
-10.7890741261133,7.35082272711779
0.835715150684753,3.01904603601758
2.92934610182727,3.33885764567093
0.110009041746452,0.997872025351483
0.184980761237976,0.85350186592236
1.431265482941,-0.891997109185612
-0.165418411791958,0.939181930403707
0.663723202291059,0.905494063086323
-17.4018336928967,4.66861942470577
-17.0240299333557,6.5869804927337
-0.244258771880399,0.546080009300247
0.133721578338038,0.686470375840527
0.560017816488992,1.26233360615961
0.601831534934526,1.64601198342833
0.777854255919498,1.18552521019698
0.165738353428352,-3.89660699949112
-1.90645621921036,-5.12497913012899
-0.0121608120485153,0.835478280554451
-5.56266923143589,-9.26713076213791
7.13717694344361,10.094073120591
-0.246804738003217,0.749986834252009
0.0308519147437351,0.687239430561276
-0.134531270396552,0.877108152633903
1.03934557979052,2.09639564996604
-0.250579145345113,0.818794488429093
0.704166610324117,1.58681844693896
0.433384522409534,1.49354537901229
-0.180680182823427,1.14358391267221
1.4493781525409,2.6958287745269
0.271270043285924,1.16257820963973
8.81972511959185,10.6986510813122
0.0109073772663778,0.739115976876182
15.9635659679684,-11.2664925088977
0.265878501146148,0.989616510866245
-8.21632584763032,-11.1501542774789
-0.133968990912289,0.663408379599153
0.14976854742877,1.31081891860603
0.226827097812866,-1.29865814555
-0.512369754989508,0.637015400957052
-0.0239500092871405,0.582727284620088
-0.198180759470686,0.926447431960276
0.118429664839388,1.16352723820478
0.509974480787876,1.09697915464894
3.16432973271197,11.6819078453463
0.950908553868208,2.28896697283431
10.8375890372517,-6.64143429960969
147.07092278757,-0.884986448534256
-0.260214304467439,0.571914195219786
3.69661859289903,9.91928214602419
0.484412960290296,1.27384897327917
-1.28421890864259,-5.63261896283469
-0.628380556174821,0.790470609725478
-6.40398062697353,-19.8357604013026
0.286799470257078,1.11102132166362
0.32126359793904,1.18683617112873
-0.210356275026088,0.72348338347092
0.14700268372664,1.18232770983719
0.681983676434462,1.484707580371
11.7055225181743,-1.67919639549436
0.637918807940047,1.02184014378241
0.175523979902743,0.776050522190082
-0.0932499444501391,0.583047680239501
-0.303483962892187,0.582368872425087
1.64379921507498,2.64949826302051
0.780364228036505,-1.44049002705834
0.755042309708735,1.71153219517956
-0.0656610562726944,0.904212362950096
-0.277753114059133,0.997387180289046
-0.337345468248906,0.840014838015369
0.560142944173153,1.18339392377221
-0.147552800933937,1.32331690431118
-1.44900230269343,-3.25895016024798
-0.294746187054888,0.687294361866017
0.108481888638874,0.89302458543799
-0.0565453647998291,2.78200153078718
1.68009183298854,-4.08524291485284
0.262109654247434,1.13308480116894
0.622124574723723,1.5131028439329
7.12873313158401,11.0899861324227
3.9213781900029,-10.8524305218101
64.9902603740677,-18.9410214809687
-1.83414905090122,-5.10630053679715
0.700986228720005,1.06737923345897
0.453729827367904,1.15305046875814
2.42566370599689,3.69918919330424
6.6359595004526,11.085294959587
-0.675392742428949,9.46723545601189
0.75195029173594,2.49324616695559
-0.115042337716928,0.728708138689594
0.101788413141323,0.855326519174269
0.615573644298362,1.11484188650325
0.00745776281040432,1.02824123804696
0.526609820831703,1.34318605733926
0.46368801338729,1.32519449627999
0.405304955579762,0.829623481814343
0.169886769476987,0.75412101510734
-0.14422778938933,0.922486648971486
-1.55633171659202,-5.02432226882679
-0.285993911572244,0.59627483410241
0.200316691639248,0.889972065783317
222.736339426415,-3.71567847612573
0.411735772964789,0.863746290994561
2.36719204479669,2.80287102653707
0.167894877617893,0.636371196029425
0.587214894684352,1.84316387470375
-0.290362361060127,0.94595624029434
-0.0378248831511142,0.965720086340377
-1.46798727893026,-4.73539550457466
0.0886006479946283,1.10174434773025
0.397361146463121,1.12950889573556
1.61366382277112,1.18589897488217
0.141648388196239,1.26847736400845
38.1577389419874,-9.77764932433083
-0.340471795107622,0.977455507077519
-0.0156385251106507,1.18630441347592
0.316119534384982,1.21066407615768
-1.36777817026026,-3.4569170288897
-0.521783230594991,0.874861739851933
-0.169325275078362,0.987201926690164
0.548020165661951,1.46808352615609
0.37274737375132,1.10062086959269
549.974425531359,-19.5684750721012
0.374234587667365,1.11824769413319
-1.58806226218641,-2.97367808925074
-0.0492789652640882,0.809787762010763
0.154484921614757,0.602932272741822
0.60411483819624,0.988603195821398
1.03200612301174,1.04553892536824
-0.0974265320321208,0.657647456112896
-0.195321358683796,0.88585618318368
-3.52785152605773,-9.67204156416284
-0.323290497486223,0.644731388798849
-0.414206670403872,0.975613520172487
19.1274778138705,-5.11672565377567
-1.00585867091045,-0.832934737708422
0.551928948873457,1.96305521532027
-1.51241680486181,2.73295558198056
-0.132726451042204,0.771405479688837
0.0762677260278668,0.846952242416743
1.27566577254267,1.48949463183518
-0.218481140119944,1.34367840351655
0.15789326371917,0.697207355281327
-0.00568132846194993,0.863994427679522
0.232040977674939,0.864693098513354
1.65953945586085,2.51598118722921
5.65919609313657,-1.75833028437348
0.616967382465068,1.5019727455156
0.548061716616475,1.18276590349583
0.156728239054872,0.871964226447254
-0.0195219970431014,2.52157754305866
-0.204083393925841,1.3663369902335
-0.383536947987501,0.755462647993119
0.537626981002462,1.48081059261674
-5.01990259607284,5.29927078177997
8.27749612964941,15.1868184538605
-10.5628094857324,1.29860276056581
-0.188608465343698,0.808511551921538
0.271859719746336,1.15245908122213
0.694687149294275,1.02992447929578
5.40024447547009,11.3409413746386
0.238228816461307,0.735513978001001
0.0628322544878821,0.735535129427942
28.4309958112415,-7.99020110191921
-0.102135045817732,0.973472601181065
-7.18057170560385,-5.96596221330738
0.265149600752364,1.02058724691851
0.272482650117958,0.852574926022725
1.47399924937328,5.65011807247586
-1.30710328594655,-2.65735662409228
0.443635963047674,1.33965104221166
34.2398957197115,25.2971384116537
-32.9574827210727,17.2507959317864
0.157813155006564,0.818562052985149
0.161420724657849,1.10314209655771
0.533412329753509,1.46113155953287
-0.280640220909555,0.827319017650923
-0.106576943258748,0.645350386171884
0.454682911135567,0.770344103994626
0.216478201193064,0.681741733370427
96.2241482478731,-10.5079334861795
0.291661982110553,1.07380146334631
-0.825741934863944,-0.732353978812396
-0.0186078006360336,0.766439766856458
-0.104076223196779,0.753639362098614
0.130336118943596,1.03837301437509
0.669100352916934,1.52210733216905
-0.122452232639545,0.81510678405989
0.74189929457523,6.78041142831248
0.439609091275939,1.71239577641354
0.429274263116208,1.16414285693253
-0.00975506832040451,0.928633828191864
0.154286814152345,0.811198937819058
0.129907769405611,1.07967326448378
2.68003555353601,2.95448685103938
0.0509796947102224,0.778981586268253
-0.449037155137808,0.551907968669234
0.282458790944658,0.843996714504976
-3.69476564974463,-6.16463896067122
0.4891359214291,0.862955886296112
64.275308512841,-7.84011058736876
-0.387285037759961,0.643050812559441
0.386775766334512,1.00600832236018
2.56762321279044,3.95040048100102
2.55518858278018,8.28738182726828
0.203090969829359,0.941168096737622
-0.415517638379594,0.649396163741887
-0.436256544211382,1.16801702495414
-0.959148741748931,-0.948793976136066
0.484720235671688,1.12727964261803
1.48175206884417,1.90428322412624
0.201669391461223,1.03738389149782
21.7109516372892,20.3191412566559
0.588540882908294,1.18200735627527
0.0419060625697878,0.907573905888968
0.52958445009667,1.3118786355421
-0.361878711074173,0.820463535932642
1.02568857549182,1.56910471931144
0.0624627884879708,0.665632314814944
3.67098759466422,8.38889794426464
0.173291970112242,0.686060599855003
0.442005019537498,1.02676422245634
-43.2492116880772,13.2134484336631
0.616320450725036,1.56117126807096
25.278029128471,8.48238469812541
-0.0490198946449513,0.810900146832535
0.0131525822237389,0.954721915812419
-0.226413410849931,0.670879582639845
0.815749217713877,1.60494207882971
19.5452037781214,-7.9158217268513
-1.35635422955752,-3.24101130832206
0.659505674270559,0.933557803807981
0.325345783848454,0.858251757985094
-0.0742554041865576,1.00399225604448
0.0844314919435319,0.712119940229976
0.0254856475404949,0.860953871971451
-0.0159824644226217,0.699357414561986
0.391017683248256,0.816962188660953
0.471279387339711,1.17482815345049
-7.33462483042582,2.91657091860318
0.29566491773534,1.1218702507895
0.0131931631619848,0.907380441351896
-9.96861725916794,1.25904288803242
0.0668606619529163,1.30062863320767
0.180179129523264,0.978016348041654
6.29809297020513,12.5373405915907
0.0848779195125205,0.92976438999674
