-1.35418555743495,0.246471153548122,-1.72262037774354,1.20247313932592,0.78352240943219
-1.39215025894739,0.0149902905008057,0.632162182136184,-1.31320348013548,-0.336450178372829
-1.05781192215205,-0.372441274103272,0.204987953292558,-1.22019793255091,0.0996762048460957
-0.805411583348786,-1.91054781311145,0.159550717496944,-0.291643834515982,1.24823871658968
-1.85630392221437,-3.02420916346262,-106.548295218387,-0.476866931903661,6.74947606687635
-32.9218373330346,-35.5458729741601,0.47284513756262,-56.5735690743196,-0.809266670120026
1.10849777120006,-1.60439902404893,-0.996549611150799,-0.749358470337834,-1.41317546960896
-0.590926070853639,0.82326055526965,-1.31550856266368,-0.932546064194373,0.204967394734211
-0.834452954506616,-0.726867241579063,-0.116655300364273,-0.247488380122293,0.419718188910271
-0.328288121380409,-0.126296964675735,-1.41744717231259,-0.987145064037594,0.52858249532953
-0.454525297956958,0.12082961470671,-1.38039848070669,-1.7885260297876,0.697074629638438
-1.14268474954842,1.2922794316194,-0.69389842964899,-0.217322737362248,-1.98532110757537
-0.400077032131406,-1.76657271068383,0.486311322970703,-1.05686078958252,-0.159017481344524
-2.23217613971838,0.927110364200993,1.04969323018591,0.528598310572847,-1.62617661773835
-0.663603195262232,1.24827100871865,-1.65817115003679,-0.571036829790046,-0.867425484645168
-7.25932069494999,-2.30524762109424,-18.200925300442,1.22011019580912,-13.2055240118977
-1.34093243328057,1.07224307108782,-0.22298434410641,-1.19469036266731,0.692250005769639
1.26722010262066,1.06101547283652,-2.4886573529488,-0.818188595546164,-0.970928088643059
-1.55857981922275,0.337680482741074,-0.0914036251420165,-1.24120504705688,0.694802187630542
0.56434330656015,-1.3373366916174,0.900161221253602,-1.91683370092035,-1.1983006478681
0.213589172994965,-0.742567309601128,0.670716555939302,-2.95900296493898,1.02011745154102
-2.00150013054597,0.854708665480473,0.422593006033648,-0.629174694997234,-1.55716229722563
-1.23380517539629,-1.89015559543572,-0.292088222854224,0.736616157424227,0.304278507293366
-1.87479249940637,1.2946080906496,-0.163935463318846,-1.45828212587276,0.376821854059359
0.817487155653968,-0.776228376658508,-0.743780672687829,1.01623266559706,-1.73466166556804
-8.12130718145132,-156.404269637639,-1.81368433523099,-76.0882866100774,-2.00356335397252
1.10322176299708,1.19533678498803,-1.28636680654005,-2.26589401406354,-1.60795865257236
-1.57298872735511,1.40747869029273,-0.894204914985775,-1.51114719798361,1.56678849173037
-1.44185273592158,-1.51125682794862,0.819533484771026,1.19914308873062,-1.19981818741955
-2.31421352769584,-1.12528093851978,-0.845029339610249,1.06365741464134,0.292803019345085
-1.22243501241036,-1.34207310080417,1.05037143708905,0.271224935443201,0.00798078237705483
-0.933345663311201,1.2977082689762,-2.46631007624783,0.608761732114333,0.15492841959289
-2.18834873169045,-33.9027709717381,-20.5751815282398,-1.51149940988796,-3.03824953485446
-0.308069323034822,1.3570698704117,-1.2502411985224,-0.748022302228251,-0.866159369738432
-0.37886518347052,-1.45256125461099,-1.36326695126144,-1.47569511082502,0.411244546018186
-12.8234705690991,-65.6642289990267,-42.1219061652499,-30.0112390188284,-30.4810932399226
-0.0170930679897193,0.250420753678737,0.131724792590581,-0.724785719985556,-1.08304848992927
-0.260136344694558,-1.04408280466299,0.684543558204457,0.597162987947965,-1.87528010062428
-0.291517463308602,-1.20426603095901,-0.330624791995424,-0.58390509092965,1.1015326712636
0.93258008671992,0.665078991713875,-0.970030289854933,-1.02219453299103,-0.11129310774257
-52.7769345775382,-2.30310718200477,-1.84672736030024,-77.4963673532896,-2.08001894084159
1.004168212461,-1.72223874633217,-0.090084506840437,-0.0344440909506475,-0.319315514330943
-0.0525645857633977,-1.97449923743287,-0.0725954672655866,1.02930654903278,-0.570081727733044
1.13070198063573,0.443351095626475,-2.09679700753543,0.453093038535225,-1.08380118731336
0.812815535930372,-0.634975968428554,-0.0807237753713563,-0.596788659284666,-0.725142632034543
-1.88700721480282,-0.369952103293928,-1.64787490839094,0.453801826734945,0.589798927115308
1.19564925250035,-0.392772333803645,-0.61738948595241,-1.44441669197238,-0.756667454788317
0.278009539312425,-2.88149321282168,-0.977188596616623,0.615336540641134,0.612747795290452
0.1454387565943,-0.626212549552972,-1.98782266713182,-0.154246213811411,0.435419822809897
0.235732312302313,-0.880574443253323,0.277567737320366,0.611843269061842,-2.01253463379732
0.168455236362947,-0.894222098519073,-2.15340084034925,0.610611460742745,1.78119941920916
-1.40592871452222,-0.729996018420492,1.47131768501082,0.979592735321239,-2.42526601041472
0.350184952984241,-1.64342241770068,1.56329414915165,-1.54036860372297,-0.763506033109672
1.04769675163041,-1.18699033660824,-1.87002922946557,0.374121296824028,0.0329539446007057
0.0328660204412675,-2.01215149200809,1.5579002271869,-1.08693902540693,1.50008709679839
-0.496589673733634,-0.358967846331798,0.0157324282237487,-0.811364298908616,0.102768101626462
-1.38319312462203,-2.16056584664112,0.53640592523572,0.658662902992343,-4.70183834548802e-05
-0.814892181823161,0.409616388704071,0.905488722930809,-1.07312169271523,-0.862695037026408
-2.97953974196886,0.386994652875952,-1.14742296023583,0.709237508054072,1.46114660721956
0.930709250024659,0.371190558757222,-0.735697183769417,-0.404625779199526,-2.10983735290133
-0.070716852927817,0.573834422812654,-2.41250810236445,0.688348210547555,-1.27155406926259
0.264365515554147,-0.239934022665956,-2.8768686550211,-0.709482710517411,0.853177965072281
20.3196095827156,63.259410827287,-2.24664182630962,-3.79791711566563,12.0166975200779
-1.52180880912377,-1.79162620316142,-1.24992239370753,1.18966804023537,0.0728765648502205
-1.80301014343276,-1.01778902587386,0.753663508491143,-1.42490769052737,0.814016322312408
1.04695620702966,-0.553493430582155,-0.500731901106715,-1.18948958324167,-1.5286047322706
0.641694307010954,-0.135019978413434,-1.03407565742605,-0.222819653878653,-1.31057708672104
1.04103605983105,-0.720606923984943,-0.956077790069109,0.213406785539505,-0.88040118157661
0.170319985360952,0.940518969051909,-0.369199093508306,-1.07868016460989,-1.00835504092094
-2.42867264264292,0.172387854684462,1.56645952116458,-0.509914865547227,-0.99451501677907
-0.109414031158795,-0.0119531436374405,-0.101647723919334,0.134161039031852,-0.0536427755808711
0.515805993515597,-0.278725242755162,-1.42580417482689,-0.0243908755877246,-0.949986734860356
-0.295424377767339,-0.0331420294824142,-0.148674832590887,-0.346016301390968,-1.26369400769641
0.525509819412363,-1.08835778576504,1.33619146317626,-3.0228171383205,0.442364543933697
-1.22487296601325,0.00458091659830575,-2.27733305242167,-0.225723604221279,1.14372580583475
0.255566609522914,0.0198659517074829,-0.155462870832334,-0.0935950736673194,-0.293459314144026
-1.40496825611146,0.0129545948747717,0.133038438493232,0.0527384803418297,-0.716167852450775
0.27735304382725,-0.0471874960356618,0.751463908285292,-0.949363735626097,-2.43409482263768
0.15072178889433,-0.491621527589436,-0.605848678604279,-2.85315170071486,0.0709327871147698
-0.728188728627998,0.124777529799553,-0.431075159283083,0.197946707492765,-0.228867780705988
-16.4127031990542,-11.7306841676781,0.00118573015448642,-46.3310449112243,0.410475132069117
-1.34064878090245,0.786830754313444,0.321204575925926,-1.66785658047721,0.731729980080938
-331.517854743153,-52.0028581767029,-1.02523468768171,-56.9955849870488,-0.698914874124878
1.37050931623067,1.2115505615679,-1.30664978943259,-1.92147225379097,0.46271075555779
-0.0504630759537274,-0.471774452714986,0.272829518829146,-0.794477945406978,-1.22864608784283
1.11460050618772,1.14510611796797,-1.07902190145627,-1.37487255318333,0.621535315631728
-1.85270504845228,-1.03193732080453,-1.80052761494215,-0.111838238366765,1.13738844511253
-0.680110240960519,0.524856820572007,0.982605867221638,-2.98597493378991,-0.312904513849179
-3.04135552927154,-0.162541978345754,0.659723119333178,-1.6913875996813,1.4566406310193
0.389595051715037,-0.422788718567188,-1.14512854764655,-0.839499736023955,0.653055880223179
-0.893636418212498,-1.45013162857073,0.537658433849905,1.48429087060123,-2.19230022665749
-1.26653748640152,0.33802889865514,0.849454238182593,-1.05279598952819,-1.57336866570465
-1.12033764772406,-1.77928436031951,0.87635726894909,0.715398185910888,0.367407663625741
1.35966308458375,0.741222463267204,-2.13642064395928,1.08348975527979,-1.81805608073764
-1.79784401598378,-2.31768380629163,0.218406267545128,-0.174718227635837,1.21792277026704
-1.30826875936681,0.364327469560659,1.18775894766877,0.0127621217271952,-1.27709298006736
-3.47927696776773,1.32838313426637,-23.4571137877509,305.198361216499,-2.44375812030739e-07
0.592155350776333,-0.53365266958627,-0.412696722327526,-2.29171812003218,0.741411604652313
-0.0133061701578129,0.120022489144443,-0.234244721290469,0.35809718622115,-1.02251434557929
-0.757503230835465,-0.22926794356184,-0.561485894348786,0.28510328113575,0.0966616121560745
-0.670104418840664,0.274037162879185,-1.11022102431011,-0.360093571297303,-0.00243505975916068
-1.03803800021287,0.26382673166102,-2.44946317804504,1.56113651292945,0.455490414209323
-0.325196489259813,0.936531014728998,-0.437076121413617,0.929627942864499,-1.87913662882191
-1.1649750429205,0.215220133792777,0.22116657406338,-0.836219052540831,0.132278964302719
-1.74755316109845,-0.575483561369591,-0.301984602147096,1.00872098458075,-0.172354843284983
-1.32942033524921,-0.873621455576304,-0.0289961987947059,0.37100866962844,-0.523734017147786
0.153722655959476,0.284078427080836,-1.32458980463632,0.0758718469825931,-0.430441445340816
-0.497918970125085,-0.588731267341339,-0.300014228020481,-0.303297640491102,-0.258893321236753
-3.32098490941356,0.873104204223569,1.23081632993797,2.00173770043719,-2.4118770216525
-0.924866930900244,-0.00317746872282611,-0.338455224371409,-0.0218045979505094,-0.96664092407319
0.484194255441181,0.00602327507990836,0.370549599494078,-2.7596417369983,0.0598821083920048
0.343669264740786,1.10349779272622,-1.24961552597298,-2.11342936147583,-1.10891452644088
-7.50932367955816,-206.324616352843,-3.17153619506856,3.74712661492144,-1.09653137656969
-0.919570804830508,0.666161687500161,-1.86772045169945,0.88886619468682,-0.946352953072166
0.166469866066713,-0.25145309373872,0.0375046233411482,-0.93675461494055,-0.666521063196517
-0.379184797094822,-3.09023512555308,1.79814233214268,0.800242880010359,-1.68802085764203
0.796246811465128,0.0220060267675947,0.80206029326775,-2.94651113695502,-0.0386638885347038
-1.66919352795551,0.649934900203832,0.946842135649495,0.498407187633,-1.6476305838011
-2.97803437152487,-0.14732134667146,-0.618836271672865,1.31952006444012,0.839519265668925
-1.27705075250682,-1.27742990994817,-2.02362740901448,1.65621845174499,0.706525648739463
-0.563257922944124,0.385756609762059,-0.198737784366127,-0.387027085763798,-1.20605818164024
-38.0561989005618,-1.99943462373482,-63.0690764703266,-3.44763123334877,4.55427608581067
-1.26157992626328,-0.753856764706619,0.955667725604772,-0.307714718104533,-0.261910016669638
-2.48627397297201,-0.00877224136707361,-0.986510255526011,1.27854401676495,1.6141815467443
0.0063720036033646,-2.00549606150394,1.35827027396585,-0.84954687384948,-0.147910638352049
-0.0165873867523289,0.616794922301941,-1.74726971979664,1.48558123464926,-1.47894970617766
-0.738584508510373,-0.890697112874888,-0.718607683517124,-0.412224630145075,1.05562378974752
-0.758772806141773,-0.681826196244955,0.465400312328288,-1.54988937294464,0.0891079293722336
-0.932738673051259,-0.903261287073471,-1.51437677111773,-1.42834754478218,1.41857663006786
0.996807057138705,-0.469798513870617,0.024323497905285,-1.80906157157972,-1.6874248191452
-0.784805749476071,-0.693733705978419,0.898176152189027,-0.11379936110885,-0.318961960694022
0.438320554448504,-0.823499174238299,-0.124961737883402,0.953684814367185,-1.26040336177743
-0.310016746322053,-0.20447075528319,-1.7317967628879,-0.367618621311565,0.23079317034658
-1.29230726692954,0.953435839117972,0.890025337848196,-0.2890409279115,-1.58258353416009
-0.449342914387252,-0.758980888485724,0.0796754048591594,1.00287615852,-1.61064795761384
-1.14538059033419,-0.730127909019801,-0.707075686758112,1.26253589171784,-1.84784906949034
-0.583408869566845,1.18144733175144,-1.42899668626438,1.04261964581463,-0.855910891046195
-0.456987767015864,0.548533910217429,-1.8405977945653,0.665445299697538,-1.48154364348467
1.27247036628085,0.250294732834744,-1.37554544142174,-1.27189009799112,0.826524911267288
0.312167538457924,-1.12094838794223,-0.50561532362607,-0.756389345951215,0.205530086158637
0.158936812937431,-0.571421768944278,-0.496149463429164,-1.22182769289302,0.213803343313399
1.21549019504545,0.660746005014187,-0.0721883403687606,-1.754255094456,-1.41630362641704
1.17542436327606,0.80710430765699,-2.18103733342137,-0.446011222355495,-0.261220738888478
-1.55063798055582,1.16087451398562,0.153753327877375,-1.67200503151998,-1.06233480404106
-0.727698568281091,-0.00776140915654147,-1.12154381334899,0.0435110224409144,-0.506027763306929
-0.568431458000564,-0.269244647046741,0.452437928332851,-3.08446433071211,1.73082768912194
-0.101559738358462,-0.452699034117148,-1.28023099889842,1.26931812313764,-1.21587386109032
-2.43977439143804,-1.47902748457364,1.33217198439465,1.74975416908373,-1.13801928840484
1.08780817072618,-0.941182842688419,-0.213877894311715,-0.670698754243745,-1.60700917326642
-1.62450295449449,0.557929379793968,-0.397698544575522,0.213258753249691,0.562516706840226
-0.605346221380153,0.852565350240984,-0.733903567707878,-0.62253126030438,-1.01980607831804
0.912653715424878,-1.02627968430621,0.0730377336460828,-1.4121498865343,-1.66208479587813
1.37086745523153,-1.26590585852716,1.52326102026029,-3.01443315975451,-1.15030501014585
0.623012166051214,-2.95614116720726,0.629178804841157,1.0137961214224,-1.09272622074204
0.0234760808117662,-0.165791901562295,-0.895416541127435,0.171804316979235,-0.901339760268521
-2.56506816339479,-1.294218969375,0.62443995446149,-0.00680595758373007,1.77477768350014
-1.2127062304259,-1.2014423137164,-0.802782320499157,0.764238439985453,0.0194800690751152
1.1036571771217,0.0977834886761354,-0.481891120069628,-1.47513920126568,0.7134619244412
-0.674761226616056,0.659720043672576,-1.78246986350516,-0.174276440403392,0.870977661749681
0.474875134191422,-1.46956016469655,0.553420040884953,0.0349194115671858,-1.47050637784237
-1.03677401283512,1.71353393649227,-3.17407505566938,1.3626539541323,-0.963303160123369
1.14361860572391,-0.0794942915828871,-0.574058033113663,-1.93437490200495,0.0474217933520725
-0.668061941130649,0.0576030581765467,0.623479025553665,-1.71813755733977,-0.193570155123464
-1.1665762369363,1.26141053042004,1.93394065906095,-2.54914060694521,-0.273688682243737
-2.50230974892761,0.357077584844497,-0.78540472148899,-0.710821482201129,0.329328379236815
-1.7493430714994,-0.7502129467183,0.622142561472025,-1.11620967662772,0.647379678909083
-0.86487197118004,-0.342932431143086,0.155301159397939,-0.101867019661676,0.0707793668805114
-1.47393498819987,0.136781372983119,0.517818341254545,-1.1154805509585,0.821044952093557
-1.65955330533568,1.60076175750723,0.376857450076764,-0.0940000589102096,-3.07500831778692
1.30982185656109,0.171803334019463,-0.686622315660613,-3.05335351045142,-0.754256887263174
-1.80583778275252,0.0940621464395375,1.20300942657114,-1.66664389784607,1.82534164479205
-0.240897550310902,0.101141204566258,0.796724195366473,-1.53843363843233,0.607303474784579
0.0642023716184427,-1.4129530185144,0.568220014663984,-1.50560550264521,-0.279752704058556
0.680368990871976,-0.259390920252189,1.50896272944856,-3.04430069532611,-0.303618881678427
0.0164209178831227,-0.206823500785529,0.986402306664329,-1.70896199777268,-0.0951121523264891
-1.83444256545119,-0.0479758810673215,0.423174607047664,-1.49869865705852,0.937936418079057
-1.64065202828296,1.45750883897414,-0.0802347198181015,-1.57365772242052,0.5264080940023
1.00891614142545,-0.369974596060105,-2.01766057201037,0.537062020169875,-1.1401989369643
0.60590408222778,0.193270009786959,-1.35504290775216,-1.94788802373057,0.46477106233784
-1.04182905071473,0.84443952121584,0.602362007779276,-0.463384864838605,-0.790243182152487
-2.05926343408522,-0.754169479880524,-0.190378316246487,1.62289022921606,-0.175145493830599
0.973840270996808,-1.68274175812472,-1.01517219927081,-0.639600402974448,-0.370021769677534
0.503773875572939,-0.260519886518403,-0.951268741520801,-0.432363128527797,0.501343435341938
-1.31727998942748,-0.475271020125785,0.659985675308943,-1.00188710203067,0.395600037976627
2.90892168811683,-33.5936366572487,-24.8711962031217,-2.23657973337336,-1.95959564971309
-1.95282573202457,-0.951708734067691,1.32361336756898,-1.16391751524578,0.403083100225727
-0.807053397440745,0.985065386891031,0.322990779529488,-0.343319585126789,-1.41477910188117
-1.45558729902064,1.65587036978402,-7.23521111630679,1.20363367481827,1.76028649860592
1.04449932035121,0.0624296790978189,-0.762767649476092,-0.46511871555327,-0.139703097394699
0.838197721272621,-2.14801666159701,0.347628510141476,1.49697106875599,-1.5808250503736
-1.06140946112424,0.0693272028686566,0.664280775898399,-0.752894810953095,-0.522530278526237
1.49144020612479,0.491211103898026,1.22510386298175,-1.09897257814864,-1.30189747162146
-0.340240929957194,-1.06656925536627,0.872719990918954,-0.974819420020063,0.546910077090223
-0.712835575319411,-0.0216810924260879,-3.05336103465238,1.6848182268686,0.328255272195149
-1.32959179913373,0.875423548344526,0.228278927485591,-1.57919620139553,0.275667735617819
-0.450973479157722,-0.677552475823949,1.63597894867351,2.11539184538085,-3.19785070398632
-1.98403906869348,-8.51913865792099,-23.6846192068401,-2.14212301510542,-3.12350925221477
1.41700178405018,-0.296311243034062,-1.58435414660116,-1.19268857609178,-0.126845018871077
-1.92148886137974,1.23015428954369,-2.44975975936475,1.8320671616019,-0.33763501026019
-0.256702708129926,-0.183095798572206,-0.011980763449153,0.0203139104972678,0.255026739623143
0.233167628471051,-0.123766843052739,0.984883651379401,-1.92802731580799,-1.44304948045652
-1.00605858660539,-0.431970899572472,0.412091704461469,-0.815908730297163,0.419430064486317
-0.99570172822555,-0.0999491052555688,-0.0975220260990523,0.744543562944591,-1.20050571126765
0.214400946439147,-2.92622620588435,1.62401345238182,1.01376458359876,-0.00698729785208871
1.0688802962596,-0.47951389170343,-0.401150042303456,-2.8215975564818,0.352115728797741
1.56548194539554,1.76478417173609,-3.15547225306298,-0.409586216209064,-0.450812531315395
0.136494210905976,1.21423784854154,-1.77738616888069,-0.682215155801181,0.123164380115733
-50.1704650584298,-48.0845525480429,-55.9922011587278,10.0490735795416,-2.89311280167558
1.08686674301527,-0.404485525411532,-1.24292472470568,-1.42879752433653,-0.421361975680067
-0.415140300765207,0.614140971194034,-1.28465384908581,-1.07790794937371,-0.791896154249099
-1.48659709005411,2.12238558039126,-1.13120719470386,-2.56552915402561,0.488244303920424
-1.98098297347228,0,-3.17614636402266,-36.8877509859272,-2.11061232657941
-255.919949544626,-0.864398995948507,-13.3077748428307,-13.7326174167919,-0.927650114736675
-1.55578351624342,-0.90266410243,0.41329449679384,0.655043969096095,-0.883732482927493
0.2244413802389,-2.11819657528708,1.27748490893908,0.366623881515667,-1.43847512708953
1.13613718348989,0.216990155515249,-1.38089477223928,-1.61842600742009,-0.755711454918891
-0.462497726710392,-0.691907459842465,-1.84848686996596,0.782976868447602,1.00405917388408
-5.03051256780922,-6.59071183646092,-0.708735516928293,4.27406411975023,-13.1693767429809
-0.133775223851837,-1.73675920799612,-0.476566241019438,1.40343279251073,-0.297285746174987
-1.22615630998814,0.126986592043745,-2.23793885291004,0.440242683434521,-0.74037715146016
0.808711769023162,0.0570348058284481,-0.274643666948343,-1.28697859238379,0.193404676387158
0.572699109213129,-0.826917073599347,0.375777633813255,-1.84845591842741,-0.840389293528005
0.601808978106802,-1.48380416959658,-0.532784970650778,0.129686584524822,-0.0291594449040472
0.335819185703837,-0.894726875509307,0.127837343324682,-1.1832417876933,-0.271989973423363
-1.92853409569857,1.22213793954289,-0.786853037379883,1.11603085641412,-1.02428868145192
-1.1765513883594,-0.172107127676855,-0.0528743105207693,0.955880230968734,-0.768541596821376
-0.0822499732798812,-1.39018542348624,-0.85472762415437,0.030286277825743,0.331108509133277
-1.37419712727404,1.18969888963706,-0.146313553013141,-0.458395171401702,-0.88115982626973
-0.311548012588596,-0.703202086545865,-0.474756665034539,15.1856165269812,0.343698954484874
-1.17545356386677,-0.454267212806961,-0.323313070593043,0.0392113427344897,0.288600422447824
-0.100211600631673,-10.259914102561,-0.637736294331614,1.04874322961633,-0.0881545951713344
0.330214443968429,-1.87390251400716,-0.317063074921607,0.0629286089816574,-0.75052065757359
0.491898595265404,1.15112449399428,-0.472696268063039,-1.48030033129147,-0.859091896324369
-2.23378517507294,-3.84297486208254,-41.5590631143092,-25.7705750189392,-52.1058229782526
1.21254582675658,-0.689787313143054,-2.04191002394108,1.00432130143648,-1.17743984260419
-0.446566654820111,-1.18979026354219,-0.780543309028653,1.16535505595681,-0.382939712008159
-0.295872007154557,-0.30214792947475,-0.181385591658459,-0.312991535567611,0.327125934110526
1.18973078131038,0.188746597230897,-2.47815153300004,-1.65893470558401,1.71333970578705
0.0657882950091092,-0.438243619558368,-0.492016569496243,1.22102179230669,-2.1669189943249
0.465594973538161,0.532964809931434,-0.621946380841147,-3.03063490778495,1.45769899505289
0.0431927937812089,-1.65742679053571,-0.255886840550272,0.0412589150042827,0.257717317149538
-128.277589657612,-0.971718976331125,2.75428824909823,-0.586601919024183,-19.8857999510886
-0.208732097709612,-0.65436590407581,0.766021729797011,-1.45472702676895,-0.208141301904496
-0.85643481426746,-0.96232771918775,-1.06122268819777,1.1135674343152,1.14306257274172
1.23640095346111,-0.89096046330337,-2.0830396759015,1.70723006798631,-1.95575731264002
-33.0130235520663,-97.5656170700911,-29.9101488269282,-1.78073485168179,-38.9727019766274
-0.518069025733708,-291.336936996498,-2.43493758941767,-0.276917151941183,14.4526386371508
-0.365019003772819,-1.18402052590771,-1.78536903111268,-0.03836204111127,0.930855818171956
-1.9259432884748,-1.94821280960255,0.0742811630138499,1.71610806481518,-0.0648667392575423
-1.06757498844981,-1.43656132553123,0.195905696833696,0.628163146131873,-0.60634721184839
-0.533462069499628,0.880325711078859,-0.173880190500612,-3.02356816483159,1.56733339480365
0.979135529990894,-0.957965354685365,0.249093977115858,-0.293466709066858,-1.29679307785745
0.263405150028344,-0.348772271060351,-1.1812698414322,-0.773348615833305,0.289838442694195
-1.07941934550531,0.99601945421428,-0.481156900054056,-1.70647195872311,0.483687070995562
-2.06276752233751,-3.87946604700663,-2.28379897444437,-21.9291179672687,-1.68858434791059
-0.0151000896011092,-1.11287408467125,-0.985401294366825,0.871063983243444,-1.06157795642112
0.0407155654568342,0.775702318954451,-1.42421522575489,-2.85079080317631,1.05020069817435
0.296066862715745,-1.09049904571265,0.248662711259774,0.247221242133166,-0.979058316534261
-0.627584822937795,-0.244613238100521,-0.748024681047395,-1.69457704019106,1.11145876941101
0.559670646889822,-1.27264304915014,0.581654417753731,-0.986989017844788,0.130450710560372
0.133934101124361,0.360534325853218,-0.817653284949982,-1.17401655301625,-0.779905323653202
-0.34204863095201,0.561984188015013,-1.36656839892372,-1.03835368405009,0.835011944201965
-0.143696856747988,-0.526207058194659,-1.49208334540314,0.917974595738797,0.487044692886208
1.49710616774519,-1.91770649010648,-1.42376149154321,0.57046517618486,-1.73883404538929
0.392370374453607,-0.680565499659575,-1.95390952569451,0.628363965542703,-0.0419470950228853
-0.206888601574794,0.705815403286017,-2.16360667458825,1.2452080095434,-1.01846449052455
-1.19953482764013,-0.573402130208875,-1.51740140397692,-1.29677651668641,1.19495743371504
0.27151645485832,-0.223438135739401,0.24956518315589,-0.258157061604169,-0.878130072578508
-3.0685939869779,-1.30466563850548,0.869674270776401,-0.823998732352594,1.40576442390487
-0.180631452301926,-1.82942896750322,0.505321124375948,-1.18201179560161,0.730188260249063
-1.10366479157282,-0.397954003304004,-0.810990393329408,-0.865094178669804,0.876577782607233
0.444088508876223,-1.50968624133794,0.439811211752756,0.927525332087629,-1.56544937789903
-0.991457932160284,-1.50892917569964,0.846847735605364,-0.140111736082521,-0.964351395792216
0.233404263540301,-0.457650438368657,-0.635517529077472,0.296388339675129,-2.41600906603808
-0.671435658816296,-0.45732052240274,0.548353356617274,-0.402831699714968,-0.475496204086621
-7.19837085418376,-1.76431374323344,-2.22269877557879,-18.610746163584,-1.90093331341914
2.80352268742965,-3.40355748055151,-2.52717590589939,6.16394118468882,-3.51203179431669
0.0257647288518446,-1.31007846990762,0.279160672502521,-1.02793910893469,-0.0161309519238696
-1.44498405750783,-1.19914446379238,0.785512064135737,0.257392661486376,1.44839990392673
-0.468341556911026,0.0298840247934189,0.0468327014368088,-1.37670223176675,0.0234108139299354
-0.054357485640945,-0.278869007000077,1.31149135335754,0.511992999175028,-2.87345564940703
-0.39272423461949,-0.687723566432328,0.591399375136221,-0.976754442470551,-0.180618961384385
0.773359454273459,0.444718272033128,-0.890775373378817,0.0800696019279877,-1.53582535026722
-0.825158536345064,-0.843683152071681,0.27455050030437,1.00831214730394,-1.41644025055389
0.432423147742765,0.276220544563702,0.745560780519354,-2.97135884674858,1.35860483803543
-1.54815539621799,-0.0807350055595078,-0.425002222720429,0.850238511848241,-1.15066041030481
1.15073496071609,-2.15669665493387,-0.872593264006755,-0.295749497127663,0.51422617255102
-0.985402052207645,-0.905533392644477,-0.566611596413528,0.546802463735483,0.0712790217113135
-1.00008670363221,-0.724677438075554,0.457787349764131,-0.237914078949355,-0.482352030550782
-0.104080099464245,-1.76885580996545,1.03874040356169,-2.51212409893329,1.94201721916098
-3.0857301930402,-1.53099202236498,-0.0691684546355561,1.26535776551971,-0.342133606824956
-0.884284383779827,-1.00182188432965,0.279791683054718,-1.45649469096036,0.983995108237869
0.774176521805799,-3.05673600986382,-0.0291051383412433,-1.4474212735498,1.73825062067254
-1.16952059041098,0.497640174669183,0.990054135655082,-1.2649665025512,-0.927510201911479
-4.08717932171671,5.15294340089819,-2.07996090182698,1.13686837721616e-13,-3.72618938635767
0.188175900943333,-1.27551546149824,0.237326485195174,0.159492042700147,-0.417225941753768
-5.40666307010214,-2.36229422452512,-3.2092406256197,33.6626860792564,-4.10983258558648
-0.0422006918059174,-0.588560501874386,1.0440236851237,-2.86483235245296,0.901482959615917
-0.892438328622227,-1.41114624461402,1.36967920691813,1.53499080283391,-1.76688088230658
1.01393154718852,0.0544885301328394,-0.415934640230971,0.211169471037157,-1.53885417634772
0.771027034199034,-2.79995276470257,0.311198281043834,0.238384186776747,-0.0107853382796873
-0.650651407256722,-0.507043714328237,-1.18848968480726,1.06995113597193,0.13200800696396
-0.67135477566334,-0.0579103174249541,0.363573826589584,-0.0581064351202698,-0.772270497217635
1.73126857595762,-3.09894645203156,0.457071924881171,0.473949056379208,-1.56507918387305
1.10235161468041,-0.90793750229011,-1.40860598681363,-0.623597655220044,0.182655715203695
-1.18799429144131,0.479652749869035,0.176739179845197,0.670867432720927,-0.621073607764008
2.87546165593608,-8.72786771035583,-3.45698806676736,-3.80935794297884,3.9020406624872
0.80027443398139,-0.386830610777359,-2.25481077355018,1.30070119952796,-1.09455758293326
0.452122409294671,-0.884582809219116,0.470071115706688,0.0647025305774466,-0.309603081468686
-2.72362364853282,0.488900607403343,-0.567290815700375,0.597726879857305,0.30910589435109
1.1215472395931,1.08545459464516,-0.396660777743993,-2.48058516227396,-0.198826817474234
-1.73434492172459,-1.4623696428381,-32.0999449317245,14.8561608629556,-2.74801407984445
-0.784406729134013,0.0196241443613121,0.773568337029515,14.4028106597831,0.0140839439235783
-1.4484337598503,0.645103516239088,-0.932034571661185,-1.16933775422301,0.0161293447674804
-0.378868463006309,-64.3152385860256,-6.42318997293517,-3.50768217720458,-60.9177233743519
-0.0843520972837875,-0.690940249091708,-0.930904770831696,-1.09919710008066,0.99403439961436
0.254123250975243,0.504929173126489,-0.00851139498978393,-1.76699233208262,-0.444652650866124
-1.0892485114168,-0.337811391809284,-0.0236164788926717,-2.09846627196773,0.401709829869906
0.346802880228359,-0.115596634539117,-1.47719270083343,-0.2822321552342,-0.256468187959494
-1.86011744020823,-0.764572253426622,-0.348677917687567,0.885234415127058,0.298854793295678
1.45224828038282,-1.58000836453041,-0.97152489684663,-0.631231350621203,-0.702047170079944
-0.145004034888487,-0.772961555516807,-1.79895599763475,0.949536844155107,-0.909237440784285
-1.71036139122193,1.31602691428449,-0.126040231429614,-1.08073256480942,0.504084536530659
-0.117662811367931,-0.369141545874054,-0.0537568292329173,0.0948809631286228,-1.26767920242347
-0.269951931372402,-0.255053048659886,-1.43319224859165,-0.094493914219117,1.16721747091612
-0.804890388608787,-1.33921924956208,0.27969912232906,-0.819185240830361,-0.0984077231213571
0.236075795803368,-1.15539936814718,1.083170531519,-2.08616039463818,-1.60656838820057
0.375308137820592,-1.67778139885297,-0.794401761277579,-1.75384106172546,0.483011845135624
0.632431536731841,1.11442227712165,1.54535433888276,-1.43308499607291,-1.78988094307843
1.51709230124289,0.949600845123388,-1.38421030129872,-1.07517763200838,-0.805584310278273
0.791297049749994,-0.640162398942322,-2.14906861067638,0.34884419808028,0.0015894693863288
-0.593014822002011,-0.673673688285335,0.529677482341837,-0.817924128698703,0.354092456696137
-0.285343866452704,0.644750423211747,-2.12495725537403,0.524559778155238,-1.90690902332781
1.78563925840918,-3.32530956420374,1.3063935003921,0.201077470275873,-3.50506011295346
-0.865693919975838,0.627040570676933,-1.52134142823275,0.171946315798732,0.658454323442058
0.862916286316317,-0.365123033560063,0.833173065700932,-1.0342695747101,-1.3290982941401
0.59839633910067,-1.63500009781872,-2.98686161026825,0.599351504512739,-0.15356512725883
-1.80707289667912,-0.639357205118308,1.03527832455216,-1.50562590658667,-0.199845904189254
1.50801422103223,-1.27677892076306,-1.0491182463287,0.00620416967095157,-2.2541496203329
-0.0899339123495652,-1.80714766597537,-1.06872476220018,0.862923915777594,1.35162832295783
-1.71201768268854,-0.550697955108905,0.850636696124833,-1.3098000581505,0.779236223827987
-1.36449999178234,-1.38800588681263,0.691937185804195,-0.329488614153091,0.99777944129538
-1.53446379303931,0.923339361030874,0.65535191205599,-1.16231679029649,-0.465210539199448
-0.668016270705794,1.67912826444461,-2.4595685882291,0.00097627209116427,-0.917935053093385
-0.846218418953614,-0.444714692606873,0.49528956195208,-0.174944784607559,0.130304058649447
0.238368270612394,-0.409572145772725,0.418683758744773,0.180581161666968,-1.73538620519588
0.17951352431349,-1.34295165224833,-1.85866467622279,-0.207784610831058,0.694275713576837
0.198740560103468,1.35454707446568,1.78646188863697,-3.10989418005503,-0.9203964678274
-0.879892014062223,-0.0295871083001644,-0.767287059508442,-0.219186960939626,0.713211939881148
-2.90213988274937,0.441694022938037,-0.089450043319307,-1.55499010325433,0.559528165583812
0.14465960631057,-2.35662211270586,0.229815669360002,-0.752700907948094,0.670810722654801
1.23118650502292,-3.02440365582524,-0.981306025356851,0.668425390669293,-0.708946493523532
-0.586341537918983,-1.12979436085226,-0.101108941063848,0.831024647795593,-0.863846573367897
0.0149683604913932,-0.137842553713557,-1.13301908354767,1.09750294873363,-2.42873076870619
-1.41636099238507,1.30612968780224,-3.05288865245939,-0.375625822497776,0.592843229841656
0.497650023085881,-1.65953634271947,-0.408875421084648,-0.976429541199855,0.960160280583828
-1.9281312317326,-1.5347881753151,-0.454449986177101,0.949229130110716,0.0222179196271053
0.411130527199525,-0.541564620673381,-0.401833971732745,-0.63683247160483,-0.105629388785034
0.527645289422206,-0.256578426440173,-1.12225549908129,-2.15689905840261,0.483176972179451
0.98330777648929,0.147331653969719,-0.720816317321566,-1.72259543375398,-0.454853127584958
0.113774956110097,0.573224149954786,-1.23885660977877,-0.471538483362856,-0.651832792610287
0.0274195664107331,-0.6737652197755,-0.792634022843495,-1.10247387521793,1.05562215935793
2.18255223658695,0.192104521103294,-3.03625818141391,-0.708932854587382,0.142398755240088
-0.0672309425005181,-0.621784375579265,1.291296583911,-1.66398875959046,-0.396396626405445
0.940341040393794,-1.41253581453632,-0.326872530548797,-0.37663802855891,0.0650177545549873
-0.737885623467929,0.518796584637831,0.731582201164499,-0.104216851265966,-1.62066100305172
-2.31579795875185,1.14982121710083,0.812463638925118,-0.0788609895945817,-0.856832889876247
1.06439474969715,-0.936770028554955,-0.85153173522911,-1.36870476880289,-0.630346448530307
-1.31119084476148,1.17991868697003,0.667352106525056,0.519546833532209,-0.940935297844167
-0.790161746280539,-1.69746472245427,0.299561942509668,-0.770796805698302,-0.217419102640659
-1.65983366253928,-0.978953901757099,1.07822255601326,0.898512952237449,-0.658043284579464
-0.564043783056499,0.708546150688144,1.71709892175468,-2.00743075060837,-1.40853013809738
0.45535673649693,-0.907108703184698,1.56381516386204,-2.08331109905378,-1.27682105082247
-2.15292257143242,-0.144080212087961,0.0324986796456439,-0.386234863006519,0.604470618286103
1.10409795783907,-0.109840585683978,-1.41888466594331,-0.141693580799186,-1.29289087386005
0.433706673465526,-1.81711601592019,-0.666223001363499,0.486690197880873,-0.57574193109831
0.834664286283078,1.07706050029485,-1.71254242068449,-2.09758291647752,0.264464955209571
-124.905135220631,-207.680089101145,-221.554814321083,-1.81932429623778,-64.8083891506658
-1.40757767408613,0.306359204838869,0.492401962412788,-0.0931300160851501,-0.100032304711966
-0.28006179489665,-0.432462163414494,-1.26838386239512,0.686432113020178,-1.91118508115138
-0.400791833413398,-1.31043576045981,1.71431420061702,-0.225602360096184,-1.67822919833283
-2.48169385353189,-1.3181787319879,1.41296743872791,-0.352894801678426,1.01628936142919
-1.14695699199466,0.328279369278139,-0.549429727767866,0.433038699371385,-1.37904397284509
0.983910356734263,-1.03668750206298,-0.76405036697319,-1.34085397471362,-0.101781581941276
0.814352046488999,1.41592389861322,-0.848949800030042,-1.30230012205289,-1.44278102851109
1.14875987983688,-0.668705017141935,0.219401503848788,-2.93973086030623,0.513900253357272
-3.14079671203227,-0.345910757244502,-0.0914152197899692,1.70851573866337,0.37650739424172
-0.468690401266404,-0.146154674013144,-0.818915005044896,0.512142418855081,-1.29809053659961
0.635315763230997,-0.171522541530882,0.0702099772088915,-2.8593687473685,0.340380078646001
0.293822960673906,0.914729117582944,-1.93959537409476,-1.82209335046885,0.510348534085404
0.144597408999722,-0.686576582558368,1.2098726384848,-0.774940289704554,-1.17637976945811
-0.468369185872264,0.833036853485517,0.478173108080264,-2.79501125873997,0.0107408046052772
-0.46517055441864,-0.185799972858957,0.38807422865304,-1.00188035132701,-0.631939428430605
-0.302844428474192,-0.00369872140805608,-0.615709308247338,-0.889108627186586,0.0137562902293788
-1.60962479745436,-0.429740558625498,-1.47271485468797,0.697821184055427,0.659560883539076
-54.7694985542543,-171.392753120788,-1.6926910586942,-53.2914400553021,-73.9654573687577
-1.15394112953977,0.219720151689418,0.1080428431909,0.347201334281756,-0.797954506396396
-1.54866560355018,1.04026470658229,-1.69898721876747,0.395199032933476,-0.733008230583045
-0.179145942065664,-0.389429714750031,-0.147763943701173,0.68419647067384,-1.01784637904805
-1.7504150824127,0.786058175955931,0.763057540070445,-0.820158705989275,-0.819609445349122
-1.33466429956525,0.866253150620457,0.880738350758485,-1.65267186507942,-0.0614559088955027
1.7416814437683,-2.39199092354481,-1.36927060730415,-0.732716579109444,0.549499128442207
0.0341699973361681,-0.506528665402631,-0.879765482901612,0.528538944736947,-1.20463947129101
1.173830168917,-0.199717050200074,-0.0413343858624481,-0.90373473296619,-1.67063011120491
0.511423773059374,0.153066111594327,-1.81799873648731,-1.32006494965189,0.605293786943459
1.29130297070792,0.613198801102706,-0.640506426386387,-2.51632729492449,1.47551892281672
0.464266710502498,0.867712576597795,-1.40175397381265,-0.0160442641052296,-0.757879763395387
-3.14523951510617,2.26529787197824,-0.598636721627842,1.14869228629295,-0.745003550760056
-0.958221581562869,0.117618309183107,-0.746361852943278,1.11093836635655,-0.185671837216129
0.197435327228439,-0.659657134332131,-1.23217401931637,0.132603494163396,0.247229798574053
1.06652295027456,-0.911042799381649,1.29814024358932,-2.01813885551205,-0.770983201541105
-0.556131141818632,0.601009694961798,-1.04993707728221,-3.08411451689871,1.94759426978766
-1.04707579467878,0.0599128172948021,0.132372414163481,-1.20790703218645,0.280884057775283
0.114829472340965,1.89988470708577,-0.636391085692913,-3.07642276593429,0.0486705152688573
-1.28984446608232,-2.32362367960405,1.38724708945833,-1.26658608216912,0.399399317510468
-0.331223463420444,-0.581871505430194,0.953322169467039,-1.54975710069537,-1.0801682097783
0.217513053564521,-0.976078793470837,-1.85473237539888,0.665165197058286,-2.17148339529468
0.919411051419099,-2.85940403379509,-0.116718167838725,0.672074957991194,-0.261483319712698
1.12749845647353,0.46157696869394,-1.49223071164707,-0.123935970270918,-2.11230136616977
0.0658535900570515,-1.38705348046312,0.928660507966928,-0.573826222160288,-0.234786696242879
-0.392581197729944,-0.645836253956792,0.127712616046882,0.573630438416527,-1.20923054477561
-0.409151760019046,1.2543681361585,-2.07492044777727,0.323313811309854,-2.68319933571152
-1.73868508392083,1.14419443044881,-0.985339012569857,0.218344068789768,-1.58464137974919
0.703320701854144,-1.50725926193806,-1.15944000226938,-0.579181194620127,-0.0656283738794525
0.128212176282874,-0.279800161237797,0.0990130359746658,-1.23475353393116,0.342582699939402
-0.221170218751611,0.743654350913345,-1.18969230682032,-1.6658689644488,-0.478826520368523
-1.65635532507441,-1.57120970711521,1.40783617323644,1.06858019823504,-1.06644989028684
1.62931319546482,-1.1888841205703,-0.404522655451695,1.81519912472132,-3.19094151277388
0.495465980152861,-0.101797989540539,-1.63233160383362,1.20376104658714,-1.87037300359552
-1.92436669955126,-1.4849103153424,1.07127405654041,0.114017704600542,-0.174731855169823
1.0256144191984,1.25086585526099,-0.0594350091494888,-1.04943736139954,-1.47482883005499
-1.78165960575057,0.387620779333535,-0.148926984836275,-0.199303773817907,-0.569213849510007
-0.774493083521123,-0.524135552977634,0.0180012871872363,0.599971694674316,-1.58069258757782
0.0410798578408237,0.5274580546461,-2.77538572949532,0.0572913874032828,0.614778150055525
1.22785158325446,-1.58506470514292,-1.66412027893016,1.36065654359764,-0.15592799630949
-2.4500474429934,-5.81110370898326,-41.3558469437444,16.0613606170937,-31.6004540820699
0.601510873386275,0.0294186542267741,-2.98813923731988,0.998740185235049,-0.720463824850478
-0.00340725101035651,-1.70160239737792,0.421596005845057,-0.0588826236542767,-0.722773194305352
0.335026276508716,0.940733920518615,-2.1436560744214,-0.474351770210884,-0.779271460665635
1.02059034627552,-2.50718226801503,-0.63778135781645,-0.64953699487394,0.153367175519046
-7.34827309528518,5.66247116733245,-11.2751962708023,-2.27877572846812,-3.18843587427819
-0.531506095625191,-3.18560460550851,1.03729601195194,1.90893344706976,-1.06480020149235
-0.212065038422505,-0.263011591161283,-1.78636717325512,-121.257155297038,0.512267046893437
-1.3870069348158,0.108568547235429,-1.88175119279027,0.0656401519738907,1.43008849993922
1.1536448416823,-1.53098812287372,0.388096309420322,-0.585712370966157,-0.489600948457572
0.930672068250923,-1.99892639893123,1.35717954794621,0.241063859460063,-3.09925922777231
-0.570184340268224,0.396624553705202,0.414889398780656,-1.01025162252663,-1.63677322119683
-0.757968416514013,-2.98017596645451,-0.315855183458695,1.20438379193547,0.799029736159115
-0.536187187884694,1.16132113575961,-1.14939319819715,0.112976472940808,-1.42121110670284
-227.045328021629,-66.1055872563581,-2.49735068541908,-96.9542715543936,-30.9412075121557
-3.17876687407585,-1.00160102612978,2.05440245864407,-0.616835071050269,1.28180333955017
-3.04697676098294,-1.07353918367998,1.62178182892705,1.78841834341019,-0.939518027125402
-2.42651724886325,-0.728468169431019,1.09827118663566,0.202816839578592,-1.44400515544496
-1.14583480605918,-2.31107212827359,0.184016375847312,0.697953746591618,1.15130894013385
0.455986381260663,-1.8780685619835,0.813868617488687,-1.42101439578101,-0.854439618040746
-1.41605366003016,0.761876912786321,0.501339685427365,-1.39778940968637,-0.864626566117224
-0.748107632608917,-1.88274309814239,1.38373275544688,-0.435735834081134,-0.942438575510882
-1.60070360884052,-0.853700139385037,0.578719686197882,-1.14908013534009,0.461672270654755
-0.711405058526238,0.442858490027556,-0.234503047983968,-2.44004538520797,-0.0067285548313687
-1.09904647884471,-2.19474469655464,-0.364713278010885,-0.305316694682002,0.750346185009419
0.119843597207887,-1.3700323208642,-10.9877942509229,2.01751645531083,-0.318548772179516
1.91960617547432,0.173717552048431,-3.04001627369019,0.999659389034726,-0.537562386931339
-1.10960372308851,-2.48053760986178,0.268594357226833,1.47974089602573,0.329606906160789
-0.0323291292676249,-0.457764526271193,0.408417317801299,0.424098420914085,-1.23087307538705
-0.343046387563252,0.150562347218566,0.485772853830509,-2.87775499769661,-0.286690509736728
0.124964078286042,-1.53756796590631,-1.86891094455708,1.26313741992949,-0.355342255459874
-1.13022827460745,-0.936405713267096,-0.279326170544953,1.05848941295251,-1.18915141051148
0.732400210169945,0.0250897457624533,-1.63158022332333,0.410881699427321,-0.972453575282388
-0.371800991686871,0.5396566994424,-0.184659425480317,-1.2020231328867,-1.80018247171445
-0.159265368677462,-0.180715673493699,0.0638317612972673,-0.566036950201009,0.116634061567084
-2.41664762156386,0.271815922539995,0.5660316283779,-1.00604268295337,1.24855573365194
1.49558195167627,0.808378441610449,-0.578341926910098,-1.21317047096217,-2.22886735457644
0.497137950530356,-0.26716660274855,0.302682491860906,0.0175055267217248,-2.19219868388442
-0.105001366647868,0.526843467839917,-0.412641127913026,0.399183603760456,-1.74955691076979
0.603737423167142,-1.58537452417242,-0.697546909849459,0.374801943015047,0.0666936854845669
0.386629438009362,-0.403376831779329,0.0385845200168069,-0.409447312822962,-0.664451745671162
-0.290757412182647,-0.731318890651584,0.413864684316465,-1.95249473477174,-0.153220831381444
0.556633993451354,-0.881356256619265,-0.497745083186781,1.01443651515615,-1.44671286842226
-165.083841646253,16.5127988228992,-1.78258094865553,-0.842453237358202,-1.12888061062842
0.737882921577134,1.51125429809232,1.34324316220564,0.22637748037916,-3.05003265328076
-1.8900467026864,-0.240944715853945,-0.208760925957795,1.46758459657799,-2.21618466865908
-1.30151329292792,-1.27933965851844,-0.418181310171728,-0.13629589772084,1.21187055914051
-1.10691829188747,-1.28830649231219,0.456684110459938,0.686237766070615,0.48185263176097
-3.80849531717172,40.262757659172,-2.31550671827076,-2.10298576465489,-136.790240425791
34.7897538688501,90.4691436269266,6.51829287730034,279.331544039895,-157.515760265289
-0.971220443348412,-0.462181058587933,0.194308388199505,0.231257487695037,-0.395481204208108
-0.220277048483636,0.331985670064179,-1.98919406086167,1.34475970833498,-1.66742170926717
-0.252620289033557,9.75168986772385,-20.2592253306904,-307.583746348211,-53.9088141472442
0.951043719623676,0.10400872754376,-2.89179258767936,0.123745115993769,-0.407277259998199
0.527797622891466,-0.721301230055335,-1.59289140070151,-0.220089891957689,-0.304571920938611
0.00876955485687037,-0.161226680730375,0.103537924802758,-0.166614669717879,-0.0353982787601149
0.137751819510347,-0.425498239119712,-0.625634524673924,0.266628705604792,-1.02911551331528
-0.774546791885142,-1.51890713884756,-1.21036210317577,1.36082115566678,1.26476774685049
-2.94324245849276,-0.436582625547339,-1.04038533443065,-0.917291100743978,1.02233051544334
-1.07525044520027,-1.73807209894756,-0.560163868341737,0.980575182709416,-0.0520205067222353
-1.22274468670686,0.507802358081365,-0.185995141674703,-0.823856107419791,-0.461542932092305
0.640478744642023,-1.1935911898378,0.652519804047598,-1.52935417639659,0.295906379139126
-0.516665314886602,-1.17354217588782,0.780779337847947,-0.952009195195035,1.10541728768647
-0.810419273274131,-0.648480409457874,1.1133465295135,-0.383384278001606,-1.45528530080347
-0.190097994756944,0.61281069685702,-0.31844533060984,-1.814354306998,-0.373029098904502
0.294312578133195,0.0937463013114713,-0.16986761774333,-0.211431956014462,-1.47260957675303
0.667440459861968,-3.06667386403783,1.24367260174285,-1.03760115804338,-1.06215529141124
-0.293162675258718,-1.75062199608661,-1.72171917981823,1.28590922526166,0.0504777810073904
-1.59842731308615,0.717748796087517,0.227758044962321,-1.05128720331436,-1.56122163539457
-0.173734473322985,-0.450261018084611,-1.24841465707826,-0.160602774946895,0.312907675827033
-0.456316664895019,-2.89939214081007,0.911975509800298,-0.13190117440879,0.141211943858604
0.489296051647443,0.808942341702378,0.412498554885418,-1.94863320441956,-1.2606232409673
-1.1886169485095,-0.64234169863172,-200.859159489543,11.8734136419218,-11.1197875348835
0.695777149957271,-2.8701008245002,-0.399100622214438,-0.911529364838504,0.84674457328779
0.918091446710841,-0.767821265455831,-1.08526874068306,-0.552768878597433,-1.72371986113064
-0.0619863176126274,0.828086087359229,-0.673395349491722,-0.460443035135625,-0.854493252847918
-0.73234705154185,-0.803353860610503,-0.0775670021876039,1.14675010337322,-2.22400685435306
0.454639886407412,-0.638420416878127,0.643147845106632,-1.423141897842,-0.649882909003562
-0.670702763263828,-3.72540169204693,0.116593423641009,-6.7291153234365,0.30715827738252
-2.0493459509512,-0.653344968748632,-2.73210778187024,-0.653344968748632,-0.781643524958177
-0.777913681109966,-0.745911984572943,-1.36981079294849,0.434007377088473,0.836785553659273
0.600522248875103,-0.338059185561095,-2.92057898310841,0.200056477068597,-0.112618062866905
-1.26868958391418,0.749182917310859,0.437257273534159,-1.05870329100204,-1.14851503276981
-0.841625468595891,1.37507105377313,-0.207162099295157,-2.43691646086481,0.432883034088758
-0.325115311549952,-0.73476553437326,-0.914216349701938,0.874311574623695,-0.0359015540218997
1.57731356922674,-3.02105452621067,0.636215421462887,0.238407784360997,-0.508690393714203
0.664302176140298,0.811524041320984,-1.14473962731943,-0.777988742927317,-0.444122870813937
-1.90102438994681,1.56243996185246,0.147777046070432,-0.0507445362759097,0.0323944989341498
-2.73458042890243e-09,-3.41562631966712e-09,-2.60123611823247e-09,-2.29283766648925e-09,-2.58168895670872e-09
0.321231228049474,-1.10721559944581,-1.94550708757543,0.452396274439442,-0.0449340936733117
-0.795417888646621,-2.69157767979348,1.07132086480317,-0.342211848344544,1.00071521991001
-0.78035216286087,-0.257375682467898,0.43452865336734,-1.80090369637846,0.709940405732185
0.132307615639921,-1.3901164568701,0.876919863835072,-0.491475390194303,-0.216498640618115
-1.27733600280454,0.329472641483453,-0.454103098973883,-1.61991810503767,0.299477128136239
-0.232592118924198,-0.416345339680657,-0.091718614734962,0.22610061362188,-16.6697992089852
-3.06046383887248,0.488845162896246,-0.526500061124166,1.68957690871923,0.727271153503456
1.16115405386393,-2.13492312012845,-1.99931662953759,-0.453966697775981,-0.933826412128979
1.25889545021952,-0.671773970731156,-0.883526878863349,0.143931848941825,-1.41926582548412
-0.525998185424972,0.153970752671672,-0.236251079561548,-0.566327364632866,-0.738285106744024
-2.09916377047413,0.859924392260762,-0.447349854849941,-0.9437823026976,0.157629487783228
-0.0719293825298982,2.01545654932877,-1.14453567840246,0.445932637543964,-3.11621164080339
0.306864338542489,-0.462243626411847,-1.646713983102,0.45155061237164,-0.212961111114331
-13.1199932473268,0,11.1751201325024,0,-13.0933046962652
-0.958973754569759,1.01861346328019,-1.29900803261967,-0.0298602181347779,0.233682245633053
-3.05992878912107,0.11740297705921,1.50447750860491,-0.19708764414191,1.12927410006045
1.59939930428634,0.762650824465395,-2.16622201362695,-2.54751443691715,-1.17100444567204
0.965008931725139,0.792916705167081,-0.964548397523973,-1.32663603070644,-2.25938107993474
0.747915813926413,-0.132412313573203,-0.0757917051768285,-0.744555265131789,-1.70354654122288
-0.24923759482085,-3.07562833429691,0.708698528148949,1.77461149780667,-0.490020325144579
0.389490623777943,0.364738417342283,-0.751825830788388,-1.28113381881069,-0.68303414489487
-0.574746368371816,-0.981646108136654,1.21083015288288,-1.12110805548367,-1.51568523683084
-0.463952388132453,0.135407419367751,-1.21411456889533,-0.926205620329778,1.15901896093982
-0.891253089579026,0.397197169899974,-1.41907564111395,1.26398388383906,-0.76554718109336
-0.706904542552548,-1.04551505529452,-0.0352711556549575,-1.42423823071583,1.00176356667644
-0.447942019626686,1.05419650942248,-0.0270842831611376,-0.596369165129655,-1.78521648855583
1.47689311425097,-0.111291245456319,0.999308713535603,-2.41190048777345,-0.670209693585157
-1.57066483180839,-38.1877441984026,-14.9302186218544,-7.27976621558054,-23.1095920240453
0.0617721287825075,0.750165667575478,-0.305445282859907,-0.551987535445184,-0.937063988656639
1.32507452845027,-0.935583467703622,0.185069188705,-2.19139067507976,-0.494737708715586
-1.16226480494684,0.869417208411526,-0.131340890314005,1.20767088391748,-2.25788885200023
0.0517519923596387,-1.05629555416107,-1.56927558474447,0.490630437620595,-0.0493799783659542
-0.391532713492935,0.435533935970278,-1.02235024638268,-0.141513988038174,-0.239567177757016
0.184932945332522,-1.56651047844815,1.03602512899515,0.520726380982435,-1.48465398027563
0.822531162141595,-1.24113193329664,-0.229926842865354,-1.05681654017877,-0.296700129715071
-0.527968903147423,0.312849162416967,-0.438198442372765,-0.366876071336238,0.179123731212712
-0.601510612830437,9.25233862712821,-2.75004374924181,-54.8909469262091,0.0657695649024475
-0.522773274039197,-1.79394163252353,-0.148332259438845,0.87216677428799,-0.603166293619076
0.367273261652046,-1.61184838938458,-0.317761276197588,0.127988982961161,-0.424706984473254
-74.9277866661751,-2.19574255291368,-2.02851295876946,-299.327829565973,-58.0284507133777
-0.0359724939421557,-0.160631989626941,0.698929634596326,-1.18645790020075,-0.0803303028941003
-1.72769479660378,1.54737803888185,-0.991812830777492,0.386703854981984,-0.164431098269442
1.33797173290551,0.0960466588494541,-1.11781857179623,-2.1140624837827,1.67186058186598
-0.49722751173795,1.45856833180082,0.0378993164946103,-0.936052600527425,-2.910983575882
-3.05771182429217,0.083766868583222,-0.833790625917639,1.18961696412609,1.55220408631565
-1.45749646364043,-1.87998917981122,0.769033615168434,0.254163158911368,1.49725852173673
-1.52055697832715,-3.12704071188398,0.454626194444862,1.58154583404241,0.905828009932645
0.375635020462678,-0.753218800949032,-1.36485109626415,-1.05230837046954,0.787718017956447
-1.46701330927829,-2.4521204300344,1.07903488188962,0.353438706716548,0.780709593600191
0.605914491500709,-0.0669094533572864,-0.444762689353235,-0.780802177723005,-2.46045024289353
0.524833899384283,-1.73271265772167,0.505744723952356,-1.00318625125222,0.445309789081058
-0.218762621770035,-0.826570061604396,-1.22076311179575,-0.894690999511171,0.218267377230225
-0.677408365103328,-2.12575807489631,1.47433745082278,-1.0958712394139,0.975665967524024
-0.379946108591986,0.241980861016068,-0.724230563253651,0.697131428797528,-0.367616307806795
-2.303414470067,0.293856728441996,0.774490084218316,-1.67018121744278,-0.0621271840654509
0.888953434051899,0.949344889426835,-0.447195878422916,-1.32724102327365,-2.00761350675742
-0.859259570659618,-2.25353312679707,0.998163868012917,0.939616856529195,0.406262816038163
1.33008497637485,-1.61758107578463,0.596300438144833,0.192449600741961,-1.02163900545994
-1.88610019778927,-0.495339815758016,1.52570702974183,0.663332502254505,-1.87818625666156
1.07365832087804,-0.630513816323958,-0.320528600765812,-1.00741283784514,-0.761383496975861
-0.0478422834536783,1.5069186613715,-1.55709832331214,-0.0687994295634842,-1.98531632106408
-2.40783273041396,0.140951117424216,0.047732390248253,0.966197146399736,-0.592353631785777
-1.8083403181075,-0.953946217228691,1.24818577676567,0.372882717084881,-0.659172650716988
-0.466426032989633,0.306555857309093,0.976695181418167,-1.88486480753965,-2.1060607344828
0.144382776365849,-1.07181944998212,0.057078000055951,-0.41299494064208,0.0383671607524984
-1.4511000825451,0.56794109784891,-0.544268989320883,0.876592535377197,-0.921831776779667
-0.0568861332447857,0.185368193653684,-0.630393623726279,0.193669600493111,-2.89289498738156
1.06417094307066,-1.35859074934115,-0.974307256083322,1.2193340747894,-1.77841845923206
1.4587737495714,0.453550020501408,-1.53934726569641,0.332544167044809,-1.19423028677787
-1.96878534055538,1.17187446206846,1.05528239914801,0.690960669689058,-1.4226467393034
-1.40252284166668,0.523297626290919,-0.0136635401908525,-0.110755911492776,-1.02194405992325
-1.65266262200292,0.724362355197984,-0.453547344930379,1.19685921294401,-1.36921680787845
1.23612828595626,0.276117870389255,-2.03068545736587,-0.307033244883174,-1.34611952368788
-2.04454781518339,-1.38187585737972,0.195713917796544,1.34903736918525,-0.212778359921544
-1.28994460333531,0.5437211781269,-0.879453011114012,0.370925905242349,-0.730837626462189
-2.39411164824085,0.512684986223779,0.593304916626047,-0.385565680833551,-0.374286641567731
0.64509730331789,0.703752240013851,-0.531363465963579,-0.823821840951209,-0.89308032719335
-1.30794686176742,0.512379731475582,-0.53882817185836,-0.787379834131855,-0.306372528257086
0.768621705407057,-1.3160289103013,-1.10413502372798,0.710695747977107,-0.895008281500412
-2.9902862499089,0.954850562180844,-1.01297864882074,0.332940038179191,0.428270660050513
-0.402484911023555,-2.37709533930906,-1.48938817670545,-0.0520690802882573,0.382242958671815
0.224725594335765,-0.465887984979959,-0.994109836635698,-0.24700230352865,-0.55497889745351
-1.87494062830454,0.768732169006842,0.434460308342839,0.770104584598963,-1.57623879766977
-1.00891184504382,0.423936415117235,-19.7482872037995,11.1992638346847,-0.175279738975157
-2.56267627875006,-4.61365678998797,-154.752154111151,-2.97522287956057,-9.59232693276135e-14
0.579764537874623,-0.428416785706633,-0.20228716092925,0.430439061104479,-0.514306030974132
-0.567710119739657,0.832189683129201,0.202583139232816,-0.483748749746519,-1.22180706764015
0.319023536067886,-1.16695269970946,-1.70187230840587,-0.499380129026801,0.980432818737409
1.48581622126057,-1.69481949039207,-0.643051367020934,0.422310228004736,-1.32801524906796
0.512505959197969,0.445246597517233,1.95289719921447,-3.20621670124445,-1.84244559000649
0.667478273213152,-1.3846794298226,-0.145503598767253,-2.04340069552793,1.28033954666587
0.731174940644955,-0.551003340327952,-1.47429513950063,0.195523828808425,-2.03285390355236
-0.41719236952115,1.80376769147395,0.601116150775478,27.1118137525549,3.43558717752832
-3.23603582969387,-2.07464595266674,1.24632097316544,1.38171321681289,1.78638231624784
0.21934976384817,0.438901972484908,-0.688319682422715,-1.24456935206717,-0.179944175597857
-0.5861855575349,-0.189027994788123,-0.137936733231873,-0.120716285731056,-0.838765967127422
0.193805533238597,-1.33031160399224,0.696278535431878,-0.519309686390197,-1.86284896659666
-0.441908588254246,0.0985048976246249,0.372926806491039,-1.36887565318439,-0.465439330935673
0.41233631498395,-0.264656364552086,-0.677872135288144,-0.663482423030844,0.299190935182151
1.2325685639381,-2.87289772680865,-0.993158036296077,0.881121898166368,0.194996526779338
-0.809619719310332,0.261739439871575,-0.836605347512543,-0.707400505787942,-0.0646174604743499
0.69266021499079,-0.023060557602409,0.278424187083157,-2.88412068277697,0.576304881552185
-0.560504460844531,-1.07908049748542,0.181219538840301,1.05801047793104,-0.92460568205628
-0.151712133930393,1.31628218971442,0.335669537975161,-0.450473456816968,-1.53272955332994
-1.14846996817471,0.958293292346339,-0.874879793213021,-0.353548281796169,0.432673430848191
-108.961813677253,-62.6606632866891,-2.40852359111024,1.5251665095329,-83.8329931570273
-2.8235202552283,-274.628997912049,-1.18845858593274,-1.34380085479593,-76.0716410149398
1.26611410404321,-0.750868227122598,-0.233223972132969,-0.857180331233965,-0.828208709702679
0.00558046696785006,-1.68556758785489,-1.90669754760513,-0.918146131624701,1.07531869938577
-1.2174492895729,-0.699054255634163,0.48878220133854,-2.46882140459175,1.26087678591217
-1.67557710707006,-1.48084345095602,-0.163088761454082,-0.34630803791659,1.37556066398756
-3.20411341601978,0.877065275220529,1.63838473015963,-0.635362463953575,1.69724066914326
-2.91761087474514,-0.651368316375433,-0.77410211693624,-101.501570085744,-0.765184349719997
-0.721214750024189,0.945167220896928,-0.472753653796879,-0.947103979687859,-0.769038346458131
1.55626596449477,-0.828167652420437,-1.04923409213942,1.14863175180733,-3.09203484520649
-1.10434007143177,0.725460072380401,-1.22129432544906,-0.641683092116732,-0.0767453484582401
0.838731081032627,0.40325739777194,-0.954923426769354,-0.633735403599415,-2.28760617265293
-0.0015556621667232,-0.819454737105189,-1.3789335674109,-0.629658488703159,0.509196871294726
1.27976454341593,1.27343623654118,-1.68465447865107,-0.635790217468227,-1.65839586231771
-1.59167496016469,1.43479106134565,-1.27142407487172,-0.721957306980199,0.552711922334573
0.139243966248518,-0.0260008295985817,-0.319911769798523,-1.19037733277105,0.658277480666272
-1.95700670931177,0.677054685055573,-5.11203033145559,0.701488255715744,-7.30399940084733
3.27739472600881e-10,-3.84070805846943e-09,2.44123218260628e-10,1.85612189026154e-10,3.10157507231158e-10
0.870996817335833,0.962673245627422,-2.5627927022319,-0.620955714960647,-0.780122955213785
-0.271496846844723,-0.164142902046541,0.306156107270058,-2.0086366454963,-0.535467964485641
-0.574268905252824,-0.521976994678364,0.511118582489652,0.885411573928302,-2.97059401160777
-29.5404319615018,0.207039988657086,-0.49721982277204,-0.416056343571003,-0.693346789714155
-1.72928596784156,1.02618112363162,-0.571210133332797,-1.80627179822123,1.35422641605313
0.342907265335639,-1.43743421201194,0.318188263547156,0.596765428908823,-1.01355157890981
-1.13150475621356,-0.958142772182056,1.1369395752691,-0.528811692036433,-0.427523667367834
-64.8127658336912,0.226217272421811,-58.163562590374,-2.40162031875485,-1.20671349055544
-98.9520408607146,-62.1736518911244,-243.162536632065,-174.760279454355,-66.7718860931548
1.35614269707084,-0.867395232554102,1.99680198975002,-3.21945460303058,1.60573364867801
-2.03695860684514,-1.09333950434379,-0.728454851877474,0.0280164087456364,1.37970702579159
-0.528621207035349,-0.0277586107723098,-0.0433261972533223,-0.185290104895808,-0.717081237399678
-0.00148827856401434,0.418448543894907,-0.281069737631038,-0.522328745365179,-0.23030956862616
-0.553036479061234,0.51730607530968,-0.733799990509848,0.441048581129768,-1.2176569576306
0.12212984476769,0.0437836907695625,-1.67672984682232,-0.224065595113048,-0.473998291120288
0.10843491061482,0.584442122392067,-123.52486030186,1.32383103910899,0.559638516433525
0.248696283108305,-1.29388264434486,-0.253489054500257,0.77241683584265,0.105751169477697
-2.19288470433276,-0.227004972845056,-1.36649842345099,1.01027786396563,0.471755808257366
0.35262772942784,1.54374398138966,-1.61293716376578,1.71451906288684,-3.22068750608348
-2.51627418714394,0.355612198742087,0.384942848545049,-0.610479030253391,-1.40182497390639
-2.36660196813056,0.206428257184738,-0.901053615328692,0.501640577379966,0.451123711221986
-1.65969655425453,1.06920689375686,-0.342370888439764,-0.198129962313719,-1.46437182579865
-1.94269898958039,-32.1277935391156,-7.38295533114488,-15.2691978359235,3.89153225230018
-0.594218337709726,-2.05139361944573,0.662634497389445,-0.208078754346688,-0.310289532299949
0.0071027253247422,-0.859837584798665,0.400227210810212,-0.000792661810216595,-1.18540078511382
0.219686616153358,1.02158142053564,-2.52357005421458,0.303660786079246,-1.36308620548032
0.0160054901906086,-1.73348182328767,1.17665260170657,-2.11255796028253,-0.0948965430834645
1.06197103535234,-1.42268198222961,-0.448447545404007,0.384729288777986,0.251655558332469
-1.69791739575032,1.44430327677708,-2.17167374508568,-0.173025649486773,0.798295236918799
-1.00523236095042,0.844200952097871,-0.717008947753447,-0.0752334046107215,-0.211629255138667
-0.250032743443882,1.11204527414916,0.473463874610216,-1.02567729784834,-2.40833108978403
-1.48030059610132,-0.0266500090764556,0.477348769691499,-1.50760274192068,0.835063512642838
-100.733961608113,-207.599737687453,-3.50505376025148,-100.614798060891,-127.534265499711
-2.18131777085719,-1.31924123596904,-2.2102730662794,1.86708667261598,1.23957175706803
0.769866305052641,-1.65463199456173,-1.95485230202865,-0.632593966477589,0.87273118642481
0.820044698718435,-0.691998154142406,-0.776576603938962,-1.89171579710212,0.909765741572626
-3.07670306755025,-0.986487621093884,-0.141098304908106,-66.2065893861854,-0.749107845567434
-1.17976932297134,-0.642436100905024,1.09825582047995,1.62367072916195,-1.65168099830102
-75.048498873248,-2.20238247796337,-182.369545023013,-236.902498295972,-5.25531042484724
-0.635377142705975,-0.29631389299787,-0.556333258605495,0.00460611878523167,0.260937027871777
-0.960909647534644,-2.02424614296068,-0.00117366443616937,0.866277889299454,0.149378538097147
0.907608061518541,-2.91923796852938,0.113355684647487,-0.187581830876447,0.814428705369064
-0.269487818043204,-0.359900525654576,-2.05621675410988,0.553522985335128,0.59501551689769
1.07249419014027,-2.47301801205922,0.418409012774853,-1.30480756150309,1.63132038448271
-1.49251010868355,0.254897653007228,0.427225044003331,-0.000449252008767707,-0.592498451610067
0.150683136705754,-0.559846933275063,-1.33052433830537,0.348479792517456,0.315221095834278
-0.72881689595019,0.359330080020459,-0.00445685801610426,-0.545499815339547,-0.4288996322872
-0.162905569353521,-0.113919562137378,0.365359860512304,-0.550286213855901,-0.577914123637108
-0.0555939439038555,-2.24904570573631,0.676594235603892,-0.791922301851858,1.16291465612512
-0.918330696186873,0.226303406049729,0.075598963299646,-1.87371905087439,-0.3780776702589
-1.61649728680432,0.763770028756273,-0.169237584206767,1.16833181723185,-1.12320208765287
-1.38772455708049,1.14338749914349,-1.67995523902799,-2.59959616391757,1.75197705328935
-0.372779987281948,-0.438605458612384,0.00742684767840554,-2.06641724178726,1.09919268281957
0.597467619411003,0.0339779858344489,0.308283738258934,-1.57929434946486,0.708010502579585
1.86207510524804,-0.85591113074298,-1.47555546331336,1.1679702682104,-3.1751306184249
-1.4186921717118,1.36393370170208,-1.12187110400036,1.03628079514463,-1.5531489274754
0.451540641334761,0.719675696464014,-0.293370765193757,-2.92019087088707,0.081461432822659
-1.10325167784286,-0.435784740008536,0.739733242019844,0.225760668255707,-1.88736089210905
-0.824909673488614,-1.17944369621824,-0.698300756724629,-0.622750956530547,0.927378544158438
-1.42593009141595,-1.0018546330972,0.528535970451883,0.591525987098335,-1.16001359454352
-0.817001717279485,0.092767329315847,-0.437412124006029,0.136482776952,-0.503784283667293
-0.66864953126449,0.0875401388035765,0.0289381830698121,-1.24471024206316,-0.49952132027894
-1.06616842404218,-0.553375065158576,0.959103314681833,-0.819700741867544,-0.0742263414068475
-0.523081667709543,-0.603209324525786,0.287096010073524,-0.578942145046464,0.402639885205366
-1.75822488491973,0.887623238817931,1.7142662686348,-1.47879314474966,-0.309164636108198
-1.40963238120376,1.34053054409218,-0.482474988486742,-1.03182328878478,1.01955701622921
-1.26476038518028,-0.613292342359594,-0.366987125163179,0.704593008086275,-0.393031592898166
-0.858949074430448,0.827964451395224,-0.77584741363981,-0.210456524551532,-0.95246342519305
-1.09606236346729,0.800003045732991,-0.109059093329415,-3.01230726070754,1.68640401121489
0.710974376442535,-0.214384821401428,-0.847416850888797,-1.23250419090237,-0.371461497762738
0.594997498848739,0.263737122543772,-1.26692330967732,0.777845812547459,-1.79457358867403
0.164481604283951,-1.44436046983834,-0.216273290483803,-1.89581128211926,0.997820350258022
-0.41078234342546,-0.660772573841449,1.495648307364,0.676898370811005,-2.1073558465205
-1.10960726684089,-1.26155082113054,1.52506118059529,-1.77674918150244,-0.0498884594916416
0.398561344372577,-1.60681119037242,0.0161253239052417,0.437463783854288,-0.699089220088405
0.273090658386529,0.190847948690111,-0.270149860165366,0.209655328522064,-1.61053989596047
-11.8244152703384,-10.6822102972853,-1.7849641083503,-3.03751316024372,-3.93885279095083
-0.394660491722283,-0.129045443204655,-0.343755889542437,0.638479009953387,-0.102151160440112
-0.0561403744078574,-1.95730491506739,0.521743619609998,-1.18507159970373,0.691474064018791
0.321137145570396,-0.767534010530696,-1.31318662673332,0.48718179288394,-0.35315323028981
1.22329474905207,0.80058951168476,-0.708947796515484,-2.98358776177737,-0.158764187649391
-1.62709625749826,-0.693662296245269,0.30560512345341,1.46914324268691,-1.58664772767206
-1.99794747991211,-1.31278376306806,-0.631974741445819,1.11168665801803,1.01338308072782
0.405133890523954,-1.89059861912104,-0.389270612102535,0.368669827866236,-0.461524348577675
-0.964412475987078,1.45493049199371,-1.94566729170773,-2.14762126545454,1.46988159791378
-1.6212345031537,0.162169432025706,-1.54057509027097,-0.91445417359335,0.597776315705225
0.101155069036062,-0.637550833181896,-1.66063806269752,0.492806673225304,0.547450053351276
0.151021498311959,-0.584861388049944,-2.39247971294028,0.961967660818432,0.49601342312759
-1.61506715570655,1.30128345212245,-1.74523390031004,0.644242993042576,-1.7411123717235
-0.748768227546918,-1.50351913697359,-1.33880345895816,0.449039297455206,1.15890811118983
0.314661914613895,-0.76473454814487,-1.35250616822991,0.140451008309718,0.660248823934646
0.773017149315478,0.113877559063029,0.0980774331867094,-1.59347537019499,-0.212014577496613
0.213172495091465,1.00583949710996,-0.998193390336146,-0.980423699413154,-0.351848271260471
1.10238474346315,0.0197892985106928,-1.68621773618929,0.152923194739091,-1.03790894828728
-0.0138199525542087,-1.52641005487112,-0.39661824567288,-1.64068853018314,1.03469521493561
-1.02661362200238,0.845738347301844,1.16328951165576,-0.975164017032548,-0.874293246636712
-1.24044798032627,-0.0199176396180407,-1.75352726363766,-0.0541916285600094,0.0680109767339118
0.109292874736225,-2.26584642486619,0.51896933214341,1.2346864149714,-1.12709220610004
-0.736698197883735,0.303285394090029,-0.912982995453803,-0.489784837377567,-0.522233355289945
-0.729361807775427,0.821021854634711,-0.0789732642890182,-0.646916841602152,-1.26242363786339
-0.0657391084789493,-1.00582595500766,-0.0755042032381566,0.0169090106035567,0.00650276292992708
-0.249130303309435,0.962156605479116,-0.720330736620494,-2.08129905080913,0.544177802001091
0.225757667192864,-0.753878358219537,-0.265110444809161,0.216901554399814,-1.47217885232966
-2.56595345349236,-1.10406311729149,-1.32028336333182,-0.934086794886993,-1.16281350594828
-1.071421865208,0.658643864181437,-0.898151121100469,-0.891428179455643,-0.0357406189303055
-0.160856795633813,0.260379682217429,-0.715504113374594,-0.218172237594068,-0.42107640112003
-1.2470245490178,0.732729857680331,-0.815924034375035,0.751037326830683,-1.07158270971809
0.328348013561267,1.32274995318336,-2.09184431312465,-1.59222387427619,0.0892566021194904
-2.16793545126551,0.623478672805617,0.420825157855711,-1.67963853430559,0.100188115348872
-1.44359179212732,-1.21317021869858,-1.11394632782337,0.225957848003157,-0.419178653723686
0.991730919629574,-0.793989591118361,-0.123824499303515,-1.37405993699801,-0.346422212663443
-1.02775498990503,-0.910004047186967,-1.51498546193868,0.171167068216214,0.62105369552645
0.522866226314363,1.38992255860967,-1.31428098943756,-0.4720878142954,-1.83537652185
0.482043889281722,1.00988457711619,-1.3824310842412,-1.18401393304745,-0.162522496810587
-1.23545171843929,-1.73324188780028,-0.966049826061466,0.831826852096948,-0.703371368254442
0.867201028961091,-1.12944602832015,0.277303276918133,-2.5289607395457,0.291123093742462
-1.75471180208911,1.52335340706896,0.607350486039912,-1.50859846019502,-2.49830850213645
-0.568197041344562,0.00787756409523898,-0.077775134527437,0.744503076307927,-0.755051639437981
0.0247306664310704,0.52744736607134,-0.459405002489118,-0.312152720860846,-0.944946621544738
1.12820134397285,-2.19388927761914,-0.978476370119657,-1.5629275652035,1.13056656687462
-0.898061830542345,0.120405760742381,-1.38207889358961,0.0827963995895988,-0.0369899608794118
1.12018664903538,0.39948631414215,-1.22491068324863,-0.633417486897927,-1.40967141625563
-1.91326011044981,0.00934470127883071,-0.757882678117607,0.840052397613063,0.464045135458304
-96.4900010249649,-34.3320670258932,-112.423903297728,-2.39698611662342,-3.87087753437077
-1.06315690493797,-1.21563038217194,0.423995210171289,-0.0452327612520099,0.294656106100244
-6.86512120729165,-17.1255015506828,-20.0248802367209,-28.8831804367337,-54.1901680324455
-0.647043161916679,1.50508432035479,-2.22799310475495,0.120587092222115,-0.628794186275738
0.80924991574032,-0.0908895155500705,-1.16074951627288,0.997663140751233,-1.0608190508176
0.156521204899109,-2.9705586049455,-0.0278572239824873,1.74855906797356,-0.0146823084439345
-0.0527251893303766,-1.3363116700037,0.0467051810890424,-1.27549702502138,1.08054447572307
1.80801219954707,-1.24337401601811,1.5697844766152,-0.457597117315532,-3.14178054087033
-1.4843823793904,0.406893034486995,0.574251664571904,-0.771615003898982,-0.230331744037255
-2.40422404371516,-1.55772452002006,0.302106734266135,-0.967127299089686,1.18672119096008
-0.106037021571887,0.37269780529336,-0.845351221550824,-0.415437286267556,-1.23392671860351
-1.17140035413411,-0.481978425611195,-0.074699808320723,-0.40152052900829,0.53801454985764
0.358400327501339,-1.82589619887541,0.645922227297966,-1.07579206220703,0.0135385514738595
-1.69229907083103,0.612278465594008,1.09935142257415,-0.32868188985555,-1.93639616903637
0.498085337020896,-2.4809034838028,-1.85938806845822,-0.152537269658379,1.20273267189902
0.357640600862921,-1.12067424992916,-1.11450587424223,-2.44086019692986,0.662248395341164
-0.421948153198162,-1.12314435585545,1.2066155350202,1.37990450736087,-2.24658077259144
-1.8561766893027,-0.0928741665743669,-0.594890760709724,1.39575214671464,-1.93018295218444
-45.182407676005,-16.6893513352948,-17.6620315132075,-75.9859740157725,-2.78708721834437
-0.719695528556296,-1.65789825022769,0.947542424080391,-0.560901294741195,1.06168720950203
-0.254536957374707,-0.653895729480558,0.34173463253828,0.326294631951115,-0.0211481345404643
-3.15440447235813,-2.2466784642728,1.01085845110508,1.16087552782094,0.718977956282487
-0.304017991890115,0.659068441720337,-0.464314726795319,-0.862164741584645,-0.423066085253357
0.266979103422155,0.241760010326298,-1.08521069410071,-0.791930976329743,0.430334188687101
1.37973812038189,0.851256259802166,-0.473188960768799,-1.0797102315266,-1.58834275950726
1.56127947629743,-3.09465407795115,-0.313047928005566,0.0686337960374855,-1.57237588286023
-36.1753341374878,-5.78357407272599,-2.95958349704589,0.118314453060792,0.540244545149782
-281.295270448393,0.316195883032247,0.809499833171269,-1.46796601480336,-0.507349350875933
-2.00381996688573,0.670586969367428,1.00607284585665,0.699145777635792,-2.23184052784925
0.292595614842366,-0.247289402376003,-2.60691426738353,0.597067224316408,-1.99707903404244
0.255219521007826,-0.0509403017835494,-0.18871530901001,-1.98063743667191,1.23387577139249
0.994383069980629,-0.294766958827712,0.0521908148757129,0.221742084018826,-0.51866447508363
-0.374703259802912,1.48096035547489,-1.19220546409727,0.372415363986439,-3.01546289854446
-2.4363329427452,-0.214050115345682,1.32991045598081,0.682248368685283,-1.09536009920176
-27.5776329175021,-2.0447297993261,3.02825032480956,-15.39611721156,-4.45357625845606
-0.869272736450338,-1.12474041304839,0.803547815196204,-0.635904801751008,0.387123357048946
-2.11437973051163,0.181441219030537,-0.504785331209184,-0.503518018386851,0.997206164620344
1.08324946454643,-0.774248520434682,1.90248318883448,-3.13411316894303,-1.45328752968954
-1.58881043842248,-1.33979258379026,-1.70043968376437,0.502662046854828,0.926871306078537
0.555009492111594,-0.272156602137595,-0.306661194983294,-1.43678357382009,-0.133107299674173
-0.574625476970418,1.50335814989477,1.08570799059617,-1.62342021424154,-1.99143682222937
-2.36847587477323,1.2513274686677,-0.293882050420363,-0.387087847789453,-0.168027008952658
-55.7651857020335,-2.55556928640975,3.70659798882184,-45.9733583037172,-333.753356644316
-1.17719982947102,-2.16179513746305,-0.978462689203155,1.22892646980993,-0.0832898319061538
-1.43173323533348,-1.00062324744672,-0.186616630969724,1.40569125269651,-0.862954244316726
0.696695574967265,-0.191503177017713,-1.40529344568719,-3.16220267100974,2.00213389962449
-0.0234447385165123,0.465215066114294,-2.94627816239292,0.98393524414791,0.892817780315215
-1.33142677170991,-0.589322771029254,-0.486324654888869,1.18803153829814,-1.10687811114952
-1.79560378259637,-1.79015652706463,0.51416888286796,1.77635017947041,0.4835578639162
1.25921309205052,0.0141065416358183,-1.51780074762667,-1.09649889307036,-0.925884550608876
0.0937057960180255,0.0988875088877649,0.107620250360664,-1.77067669409371,0.119173398582913
-1.60923497022364,0.555694242787911,-1.18760224263559,1.09311930974853,-1.76080394777551
-1.34314800408908,-0.397731436661603,-1.12726260019999,1.58809788561203,-0.625774466493595
0.561556984346788,-0.420906220637033,-0.713249965941842,-0.552254041633238,-0.0567368173919773
1.15054543323627,-0.732377536966656,-0.938214775570063,-1.00121763514152,0.0992711789828483
-4.39089185114752,-1.66218672555437,-3.19330463618256,6.71164552727846,-2.52903348425445
-0.198713619746058,-0.0397226599792346,-0.0866110848921948,0.0312426429504001,0.0125632964303536
0.487468488524196,0.412883113776064,-1.20940697198592,-0.97627772321198,-0.190239054264781
-2.20247413646245,-1.80532522122666,1.24058194686596,0.546836497663831,1.51121283657336
-0.527466903496567,0.72124780243432,-2.29647174943553,-0.184369334602764,0.173590501847585
-0.348364230180669,-2.97158200592563,1.64975835651834,-0.258105148360594,-0.277139863703666
-2.53502792239412,-0.60811502510096,1.71769510555872,-0.428056255034801,1.48217910006863
0.580960030153869,0.785004553591754,0.953431025198627,-1.08483115331357,-1.87061220389589
0.215716100225315,1.05250170771043,-1.50661313406039,1.4755061800812,-1.69939135627866
12.6716301284906,-21.5342954824877,-29.9391705617739,0.975560369149237,-79.0660330359108
-2.85130924937999,-11.0641385126325,-3.33986979314965,-2.28478109330087,-4.2748262705257
0.556994583064401,0.726543286676458,-1.00152284360059,0.074064534922138,-2.85439798334606
0.675840732818611,-0.384708921390918,-0.619285838478072,0.280675056820932,-1.2161709194224
-0.632957640205121,-1.08248694945516,-0.870837954232957,1.1370961734506,-1.08371191691764
-2.44845260342677,0.663181867711756,1.40588392292608,-0.107035901947091,-2.4260228346316
0.368468743668615,-0.461911537504631,1.53699318581151,-0.51721136565717,-1.80721750208983
0.526211391986837,-1.11407845904731,-0.141999317953721,-0.333639436180145,-0.772761882547644
-1.0407732184301,-0.416636634022908,1.46782945509391,1.62515355045474,-1.08627377628623
1.0311725681636,-0.375535882513911,-1.57160252185585,-2.17992013590214,0.44065571215031
-0.92026655968885,-0.773607729303788,-1.37590308086435,1.45665423665015,0.891606665943069
-1.42189589306068,1.04236598792822,-1.41004314101111,0.16412454267947,-1.11245319747093
1.17241945442649,0.0237979575281563,-0.387692119900861,-1.45271771985599,-1.63767840443799
-0.0500983710414751,-1.90996105272705,0.97849572625276,-1.45540251697223,0.566478208688015
-0.384546437593718,-1.1620356838776,-1.86103518361639,1.00161507351818,-0.284533507892275
-0.183478074872401,1.40377338404675,-0.276140438518926,-0.890892310940433,-2.40846786971823
1.16365748477644,-2.66119174373836,0.270312620085239,-1.35422348003334,0.948662556782775
-1.11079128634897,10.3800631304702,-1.81932429623778,11.1519010546993,-80.2784621091325
-0.0236216159974076,0.44215449534697,-1.67976766242398,-0.644183778062483,-0.445627334449339
0.404671469426426,-1.69455743079993,-0.793196473626282,0.750940564062831,0.256949546518886
-1.65272301151307,-1.85075322162138,0.859159200379532,1.18740890468775,-0.476415415713695
-0.168312743086627,-0.161687429121063,0.221087636618406,-0.248771043461999,-0.556212051267365
-1.78921273852248,0.450021299627043,-0.0336380151521729,0.0319324568297192,-1.37443578881558
-1.74713301454754,-1.21142774339545,0.364537314662411,0.43763104387845,1.14919482773231
0.0371277176474126,-1.86456121007488,0.434544875580779,-1.84871638704237,0.523049257003976
-2.78238711193534,-0.090817950726723,-0.0857331703787774,0.695784761769682,-0.300612339843221
0.00237217228328701,-0.906166852759076,0.207669376118514,0.576509401397477,-0.494170509487457
-20.6890000803954,-0.737825012983125,-0.0469688731427109,-0.347189693074872,-5.70299807914871
1.2606475646329,0.453264693439745,-2.93474479661383,0.757879471405757,-0.680985724295996
0.75323749663851,1.0947993183865,-2.96941268535157,1.10236558173693,0.0503567991967049
-0.0657401785337468,-0.989650818666294,-1.29383597392213,-1.99138937303759,1.39338438378089
1.22722864397625,-0.742495949817073,-1.35040029025013,-0.86242270505465,-0.801468177007642
0.345048788180783,0.595874916447056,-2.45089276334885,0.4069354363183,-0.728848623477467
0.792592020295789,-0.547320622917561,-0.218223253477281,-1.5484275291142,0.237172256051664
-0.856279656892432,0.390617691641462,-1.6635586452257,0.777611310695662,-1.12669150879866
-0.754199395399515,-1.46614387263554,0.835199807608575,-0.741793060237238,0.365096403774467
1.67194095935339,0.0681531632621701,-6.08580896486525,-0.161709211253695,-0.0508646122660355
-0.59555252057487,-0.210700936742945,-0.680000258876984,0.234411211760186,0.294933292267114
0.27056203081857,-1.17708610196676,0.704958503644706,0.016897950423369,-2.21840015803054
0.601913026482915,-0.223102331006185,-1.50155828728318,-0.638543858823584,0.570343275076319
-0.237088179577185,0.0991411490161469,0.436512100790067,-1.82780191146121,-0.549223151258654
-0.152310308840702,0.401397514335194,-1.8346807682482,-0.399905861167376,0.0746497916712406
0.487891621112796,-0.258093485396993,-1.65103499576654,-0.910746887504143,-0.115663727397048
-1.73889427863692,-0.523021293551108,0.268389939652172,-0.217298342545059,0.750835333856679
0.597223149635458,1.04882147322963,-0.22590617368558,-2.25451707389336,-1.30396675822499
-1.76625930728449,-0.613093701890916,0.480630064664569,-1.23302221490788,0.185024444245904
2.37721787563159,1.39635029206157,-1.7984643651237,-3.38659474684022,1.28428843394924
-0.575846998024317,-3.10470255438077,0.53422120082031,1.73331171663548,-0.839137620225592
0.425959800824147,-0.48046619682537,-0.229715865550805,-1.49166209658468,-1.2214289485392
-0.777535002767647,-1.37848278220668,1.19344159860709,0.127306462136482,-0.206527056006706
-0.906924815646761,-1.22590258673574,-1.12364252487338,-44.6926730036549,-1.01152094403412
-0.504458118453764,-0.0258124199681535,-1.45468116279608,0.542296777981976,-0.0651408803784477
0.409772250297598,-0.979664063667734,-1.23557772165612,0.626869309841865,-0.790424050361251
-2.55092431999135,-1.13365534622506,1.62271094370434,0.755208008905816,-1.27053946147825
-1.24019934944732,-0.341492210902876,0.804927374842686,-2.1533916360127,1.35075278055243
-2.93609258148483,-0.091372146715859,-0.119135308853072,-0.654580222965112,0.909272974693935
1.37153872548304,-2.20794658867529,0.670525173464524,-2.3993000880968,0.688401011087424
-1.5301591297698,-0.626815361159718,0.476545883074088,-0.339928835216274,0.984820372433114
-1.31915869682274,-0.801359443627725,-2.44346619563181,1.18835382146932,0.581164147370196
-0.193322086839913,0.521615154074318,-2.41652109857643,0.0504765289121274,-0.788045879448774
-1.64896445495233,-0.23395998834342,-1.51932122756605,1.22253050146207,-0.257039110055232
0.251545548458499,0.0260187669314279,0.0814806218379041,0.046600692320985,-1.35224625701371
-0.990369617036419,0.130034349695934,-1.25030722988526,-0.398751680838169,0.729637346873923
-0.948627118545071,-0.395598271024107,-0.0496045688246412,-0.470638675136471,-0.0080821551073294
-1.69983561657074,0.728995964680256,0.513514186690018,-1.85854756619596,0.85275840687523
0.520196521691258,-1.21610555302659,0.2953567362848,-1.72149442786561,0.441641608447732
0.178165883372964,-0.674638863767509,-0.836774885892556,1.12563579728114,-2.5192310841535
1.38521119347213,-0.544051914713194,-1.47350849144328,-1.38841089613025,1.00439372600725
-1.36245523562253,0.537888330639528,-0.15629494642373,-0.441580282235233,-1.43256958631713
1.26112911425271,-1.44967917425586,-0.620430007528669,0.239520105278926,-0.988212575254523
1.33933466588757,-1.6351039731415,-0.0220666562035825,-0.553936766180439,-1.93824304610153
1.26881713630751,0.543133303813135,-0.447768056757304,-0.921563786882335,-1.61145085725309
-0.684292149867717,-0.180825574376372,0.189811606306282,-1.74682100322545,0.346935934275357
1.22521131053813,0.287429523598831,0.36723538492313,-1.44608684326208,-1.88734937239374
-2.06200564017594,-1.7019427828013,0.544199147829106,0.173323075273174,0.486343224544322
0.230745986184291,-2.50904195202165,1.68779843160879,-1.84210990351212,-0.165150859743749
-1.71631496145879,0.480114473047378,-1.02271639312521,0.501084188701442,-0.778926916183491
0.372682831112043,-1.38374167014579,-0.914303719715077,1.08209836528532,-0.567024227604677
0.446022729168476,-1.27897676584363,-0.45793757646277,-0.794299386917287,-0.0867393647497107
-2.24542826959817,1.95262328859597,-1.83236951616666,-0.462438370529099,1.32745610031113
-0.729307116923038,-0.56511940077632,-0.372181038571339,-0.0378960634696672,-0.356619245497331
-0.0235125786344872,-0.319035153140235,0.022367764778316,0.386107088351957,-0.847434054130797
-112.965583744513,-12.881721601806,-90.6842133843258,-6.76667148928951,-5.15795277148726
-1.16061164128279,1.34011690044692,-0.962576094718885,-0.79287469061572,0.553651942882158
-12.6394660261931,4.70326238958595,1.50063727290862,-1.8884097202208,-2.79443299008844
-0.0729666396314623,0.102219899507876,-1.07711156927783,0.0554941356680954,-1.89364949003083
1.02851984030126,-1.11761684112664,-0.138676782984952,-1.84847440748723,1.03175546657778
0.420050796704752,-0.0408221477077797,0.621210612643804,-1.81852372164176,0.00520529146519768
-6.42776446603963,-13.0342212669186,-258.195275439393,-36.8419093733922,-4.7019974038424
0.243826633156295,0.111867957350345,-0.203441158992192,-1.00059362714451,-1.69157180882964
-0.869993812297497,-1.61467630818325,0.159061793528194,1.02398357287639,-1.67711629341405
0.951452937860611,-0.213793926533587,-2.08085346623557,0.784485952104657,-1.10684618666913
1.20336495576518,-2.98644257639167,-0.986874406600131,0.954103367524976,-0.489014532653481
-1.28457500103917,1.16273676984995,-0.788741378648446,0.27868196030736,-1.18449046300481
1.64468201892165,-1.1596673073614,-3.20119232738591,1.63352831274645,0.68083340491605
0.194787528691643,-0.225023035355483,0.134689364640979,-0.00956337606751464,-1.22926798962799
-0.527528445749595,-0.166275495633635,1.0662303507347,0.20305150739022,-2.40750894866012
-1.01815283785688,-1.08540656746817,-1.61722184182667,1.1576595409653,0.184866671813367
-1.91246014147753,0.0632414892941853,0.802684285246059,-0.0744377214972576,-0.243121401453456
-0.0957248807958123,0.267169601251185,-1.95362633815141,-0.408759280899884,1.07001480936316
-0.52844706800762,0.418994865278925,-1.35599870039258,-0.332073016003194,0.84392694798545
-1.21126787811796,0.237805296182808,0.688787831181696,0.684049872367968,-1.40449118640182
0.1773723885071,0.966054155175314,-0.742566479914878,-1.65920627089552,-1.37087189680864
-0.837653425434142,-0.661414592665625,-0.861729977378339,0.790136164915576,-0.148128036626368
-0.0014986290780729,-1.02286388488403,1.63213382363613,0.958843983755427,-2.2660943852771
-0.986675037927931,-0.904873553745843,-0.628930361010584,0.797317572636999,0.828103947428759
-0.277171642562857,1.07335319474716,-0.927590976786268,-1.34367676180686,-0.977085006811893
-94.5899114119649,0.649840727861604,0.0288118163346476,-0.226046902402196,0.114510990383413
-0.496757972278765,-0.842788692366035,-1.18710138712845,0.983199410409408,0.205726288835085
-0.283377318967386,-1.72787002363766,1.00921234265264,-0.68134728860892,-1.27516160967722
0.099882903184986,0.0110406106634751,-0.534522732347644,-2.86348190816224,1.02689295268786
0.056629224367748,-0.30635725881826,0.733583485507879,-1.39359385141466,-1.13078250677
1.06962408889508,-1.31544214794296,0.443509659887031,-1.12031939221604,-1.38094522070092
-1.1722957908387,1.50325640642303,0.175321534546203,-1.32523514600255,-1.66076970392875
0.0895477578047228,1.36592674370681,-2.9676851374569,0.775589225860277,-1.44510354181888
0.45633474998789,-1.01759406569067,0.674955020398661,0.710633734349848,-0.969112926228598
-1.91617174680947,-1.67629078732159,0.555915148377693,1.51838486688291,-0.366535125969979
0.668632104578651,-0.788633620813009,-2.17235675796755,1.58124727433496,-0.712933703312949
0.927905386021005,-0.440551669693683,-1.65989799988742,1.23141111424482,-3.18958582459042
0.349852315737406,-1.26363768206137,-0.433316456302732,0.476589907806335,0.0726584594186411
-2.25218350026972,-0.228198753327793,0.169587136742374,-1.46263800560707,0.944360562016044
0.879038338563734,-1.51822647100392,1.17496784958689,-0.605322773299622,-0.657153654358176
-1.90487541348777,-0.148656022858911,0.36222807280554,0.403374645053657,-0.64285641975358
-8.77757463842599,-2.02970900407785,-25.6092704829335,7.66619357786819,-0.163648254782584
-0.0397987706751773,-1.523432783997,0.773964568864557,-0.726255891705115,0.287469917329898
-1.06880810588143,-0.342464642247665,0.804270889051365,-0.359024733732136,-0.894986474944648
-0.326087394738408,1.32441997811191,-0.114898284043953,-1.48030500320428,-1.69783448149918
-1.4011594819761,1.43017345427647,-2.58925875238661,0.420667209903036,0.18067464436433
-1.3299057313628,0.234187286710568,-0.965425555099734,0.00857710615517663,-0.815260233050236
-1.36353666485498,1.15092922797222,0.607980802290402,-1.80669255478114,0.418834725339845
-0.578812118868583,-1.09006072246258,1.09937721184977,0.265761266286552,-1.53413466171958
-0.454547119970855,0.28413920934625,0.363611672576269,-0.667008767510573,-1.03265768801163
1.44606116173066,-1.51844130981512,-2.19447312583438,-0.708810983725065,1.86606113535266
-1.2608923889395,0.211273266314063,-2.43552559630336,0.0629174079168866,1.36168701605741
0.00195517249355803,-1.19501121361106,-1.58205023769631,0.719024237646725,0.625114391693376
0.503338498325237,-0.856415319030913,-1.72544660160738,0.930505647799086,-0.819832904245421
-2.18620668952889,-0.280136090323548,-0.242755987926108,-1.34711311681622,1.28560572394558
0.543682687384989,0.642688175388859,-2.95632084200999,-0.535235246387554,1.79295072857135
-168.616893780718,-268.946069173875,-309.119621378046,-3.13478948948735,-2.22546495287399
-1.38505790837145,0.976203358874553,0.956418978979762,0.449223468604778,-3.00463492534059
1.33073930997562,-1.34520560490569,-2.42761502966191,-0.444592857629314,1.62648393463807
-1.78127817754197,-1.04861738354849,0.397916625407567,-1.16875812156843,1.91187420055867
-0.0996368934421891,-1.17112566778672,-0.369817017921249,-0.61115618552482,-0.0805015790254242
4.19978726057483,-2.44437819166956,-1.36363011063177,-20.1922060530335,4.2480546519811
0.620014377132269,0.129387413055841,-1.04828916938228,-0.981996945947014,-0.49908565072093
0.37267053788505,0.0325520132389177,-1.29866812121416,-0.175928642696834,-0.860700927524249
-1.26595364928632,0.0359453660492809,-0.770839905314915,0.210360832466062,0.305305955937176
-0.854075752545127,-1.06900893344386,0.515244966522584,-0.231062665039403,-1.11912246521904
-0.0552773203039669,0.315931101877955,-1.91565461850442,-1.02521072307151,0.439749375204159
-0.145035793879809,0.00733446731468667,0.803839297668805,-1.72738896469066,0.00723463585956688
-0.956551432399444,1.7767633579725,0.461543705412566,-0.574943688416129,-1.78059256631875
-1.57385483231497,-1.20837266158111,-0.537606910957276,1.11811954383654,1.14469427763815
-0.745280010807163,-0.477695793750731,0.356862930668112,-0.974082626778669,0.623878752633248
-0.0505739720813982,-1.17914263742792,-0.540246885590874,0.738137731829876,-1.13433408295103
0.0793648157789735,0.147697762593519,-0.27740744136987,-1.1339198889338,0.37020878865605
-0.881624780633544,-1.49657364514697,0.441251748788094,0.0301216245739934,-0.318196484757039
0.85321932769064,-0.386304732746532,1.02593825551884,-2.88630502990231,0.252274312608895
-0.00949899733123298,0.928050258766532,-0.288363200267333,0.389222246336194,-2.91509251784425
1.49245735365135,0.244237873758877,-2.56927971180769,1.1840558573701,-3.23595213381457
-0.608749908321178,-0.0500450019282524,-0.423271195835249,-1.57350137838524,0.646715200362907
1.86021893160475,-0.992320484425227,-0.446001437978938,0.467406477049726,-3.17995539025328
-4.09348215011925,0.0031455983118498,0.000717460404800363,-3.83480917512491,5.24209561044783
-309.832956862483,0.253806052007624,0.0225753879178999,-1.23055151297355,-0.489802536484497
0.0336995034354568,-2.79041883027972,0.967489913606626,-0.0655706353011437,-0.541882420889002
-0.469806525949925,-1.87412684889909,0.955785663575539,-0.0139694987372116,-0.670614286904064
-0.339177664867617,-1.18800882108636,0.0189563006207008,0.59044468212596,-0.726810446508964
