0.0574601220127688,0.865375394893431,-0.475436482338541,0.987765009665917,0.946208268897638
-1.66183590254517,-0.375713183989658,0.218994605269419,-1.75028328239534,0.231860026302583
-1.48372518806802,-0.311720079155491,-0.393862426922904,-1.99541171946957,-0.282958070037184
-0.652467649032587,-1.82158622998197,-0.53567971833889,-0.52027988827427,0.458033922844354
-0.381966488763836,-5.74499104515739,-0.649925417676068,0.56997285238594,-260.073725873315
0.488240820143751,-1.2014324075797,0.81054956857569,-214.93879638698,0.359633245455721
0.865542712895512,-1.62043691364575,-0.450620175122373,-0.348097253313335,-1.07359129761278
-1.29657332046614,-0.242816550197279,-2.0146138229643,-1.38487522585083,-0.265679708415147
-2.02002307141713,-2.14640492935587,-0.761690871285237,-1.5149381125817,-0.308372889392485
-0.470433735918625,-0.169728896794382,-1.75082609593292,-1.34974613272535,0.0935154442456772
0.379256030259925,0.727194197673793,7.6715933952009e-27,-0.347261744461041,0.841053177275903
-0.818526391326085,0.691657904883582,-0.213097220808334,-0.241377944982209,-1.92251808678655
-0.000605397258902516,-1.89812896927222,0.232284344184281,-0.72823074644267,-0.190230302184312
-0.761797079245096,0.868320628764662,0.789266913389237,1.0340976349661,-0.28286809648381
-0.51152745668573,0.134639989484025,-1.72596083613492,-0.256591670288079,-0.918135431096607
0.934199156418603,0.922649807242418,-325.852895069835,-36.6671851342151,-63.4266669360924
-1.72536919609348,0.196947437914196,-0.456205688652753,-1.79772065754722,0.221276169664686
-25.8853621438721,-4.36735035050862,-1.21780421589743,0.397387590991149,0.212356647416543
-0.195270818041737,0.853472331252494,0.892832655198148,0.0563576061275185,0.661339565185885
0.802641441992242,0.0551957285895547,0.802641441992242,-0.439952717235435,-9.32447001663945e-28
0.850721109699019,0.357630288763109,-75.5408651266952,-1.24603491127597,-294.405580646542
-0.668393489147957,-150.695288523452,0.648928599006646,0.402316144521564,-0.300539925441476
-0.980379416350993,-1.81960668543011,0.0883667923452655,0.229807975501595,0.369048794756749
-0.52802633712107,-18.1662048831999,0.653125826721869,-0.135966857741315,0.937921293217308
0.806116373840846,0.205775945804004,0.380932555042783,0.806116373840846,-0.350541757580015
-0.430599390762206,-327.353450972635,0.690021894000835,0.869151091475542,0.487567681609698
-54.2212545874626,-17.4772609996545,0.0449291192361199,-0.859547809306745,-0.225946662794616
-0.216951814370666,1.07822120087031,0.28106853560708,-0.0735703538127425,-52.4030129662765
-1.2632775641069,-1.73461920615529,0.701786023152235,0.321363088538331,-0.877596191169281
-0.700406516177923,0.470421743363419,0.787357520239076,-60.9094893384197,1.40384549875666
-2.18608695267507,-1.7383244993913,0.0790047737658381,0.141018366357867,-0.423356649120668
0.393627794027634,0.870787351877475,-1.00513087009509,0.826097136957874,0.920880061140063
0.673275205067159,0.673275205067159,1.12492012822204,0.673275205067159,-0.765586594397712
-0.777173598178162,0.380512964163377,-1.66711919279165,-1.14929306286774,-1.19592205576136
0.451694224814978,-0.707367409480831,-0.685446498529629,-0.734225944841431,0.415714649104029
0.79563101132876,0.756242163283489,0.835332329968274,1.08802537637432,-1.02037162246085
-0.319053023369662,-1.1385514629469,-0.310929807225053,-2.2168679805972,-1.73777123526137
0.704971755265418,0.257199767016873,0.940481530545709,0.860302635400572,-0.467676488243903
-1.34425459005339,-1.52656368014885,-0.918507972000014,-1.29019590283066,-0.215956701392433
-0.396485149560165,-0.378447084660617,-2.48649355256871,-1.94875919911979,-0.720121946250977
-0.479634947718205,0.515354200875499,1.12306987476023,0.868055101028118,0.789030488163646
0.893580630126222,-0.359927542900205,0.50707741317636,0.73830415939324,0.546296357510377
0.703359809884097,-0.582531910263953,0.780320275840768,0.780320275840768,0.429002054925751
-12.1393668469101,0.836996681208648,-0.865932712866617,0.968154243791748,12.7732213531088
0.226834043793691,-2.09103401974496,-0.208565245831547,-2.00253779619841,-2.37777469263223
-0.45082136552584,0.581405196723257,-0.193238390514656,0.771787247651781,0.771787247651781
0.456963642603463,-0.00247282829811863,-0.358727114118436,-1.61297061126804,-0.557078406412095
0.880355469398012,-1.48666486852619,0.216351555985581,0.963169184214794,0.760337517301621
0.784251114565876,0.431292651590729,-0.592490150116709,0.668304047114817,0.98453223420561
0.823113516233222,0.34698546759771,0.590714860623383,1.02661620492033,-0.59208672537196
0.647661291454554,0.159226865558781,-0.852374046310238,0.931609216603003,-153.629230548626
-0.0046869535156668,0.442863674883819,-169.203391100263,-201.79515546082,-1.21285961586528
0.705232483906149,-0.2775567166052,1.30893478700903,-0.0609507837172068,0.346158743828952
0.97869630707279,0.0567609825799515,-0.46398786415802,0.818696667664629,0.626195793672099
0.733168534395245,-0.682620475954978,-113.476069133882,0.116807425590432,0.773318505595979
-1.44969385451863,-1.67757002826888,-0.974639656336607,-1.79422364901814,-1.2600226184569
-0.0616026031908722,-0.754326928908887,0.947328378455754,0.709805204023956,0.947328378455754
-1.38351466058698,0.0886008163612423,0.25648221995931,-1.84393596290956,-1.42877613053281
-1.63541896079615,0.570000002237098,-0.558084150286212,0.541140578952453,0.621859134761084
1.2263895544943,0.912685546073235,0.436205070687389,0.714424932157825,-0.777133191886368
0.987040513008436,-114.72372852472,-1.22294226576695,1.24247560423116,0.175075104488003
0.963164403092936,0.681570338658684,-1.48656025865927,0.398112784264816,0.880351256172185
-433.726110706074,3.2617155284038,-158.066362954171,-0.307568208572097,-145.033271847344
-0.119468617467472,-0.338539019021139,0.0543494877263229,0.869666637145438,0.607340326532097
-1.66081447611026,-0.499318011347534,0.587143560538372,-0.956918691054796,0.355453121493681
0.285045369834454,-0.0920238945290718,-0.224882792547596,-0.730372272645391,-1.46811333848267
-0.459897938130043,-0.585440393883548,-1.79876733736637,-1.05778892619467,-1.83706338245945
0.242659312763692,-1.42845677435485,-1.88618332055039,-0.588329845164175,-1.6724917150806
-0.116667891241299,-0.335993188596238,-0.815208357075923,-2.33367252477983,-2.24530319129649
-1.20591010523481,0.685620367724325,-126.696208017517,0.523998748656932,0.211771030972855
-2.25739043101215,-2.0895070562471,-1.50298616031048,-0.754336028299398,-1.27407283534346
-0.255615797913222,-0.183134960550221,-1.68856619963432,0.0505313419983232,-1.35865898635123
-0.443310648037018,-1.23697726558435,-0.683118612873498,-0.438836590251946,-1.64474536054159
0.679874380458047,0.113758842857965,0.797952180179888,-1.43419923487696,0.797952180179888
9.17689518315045e-22,0.788913363610532,-0.760263164383746,0.828215281535065,1.07752378680506
-0.265162232143527,-0.69910532940651,-1.19933214641181,-1.88467439737487,-1.67716524994082
-1.80383007743799,-0.162688129686096,-0.0426136524619917,-0.565591925462977,-2.15906363812759
0.751478562084098,0.790588561478036,0.910166867802053,0.350175312562852,-0.978065523574236
0.600698938653665,0.48024546221766,0.600698938653665,-1.4198208389897,0.797347701384511
-1.98688516321021,-0.851347213537989,-1.31127207581345,-0.535984833002224,-0.907093503196445
-0.994121326916583,0.953753305899819,0.636315017892136,0.912549538133623,0.557626481366102
-0.125262100184893,0.854978770712216,0.777370767489807,-0.273737387442043,0.815998896555993
-1.04403822800943,0.838018058062293,0.838018058062293,0.758634804565704,1.34672237339924
0.993765832618556,1.17382150434286,-0.129197467140087,-0.483287475100044,0.910745668072434
-0.870488668667983,-0.654586890419246,0.0746068406078481,-1.56094523124104,-2.1112578883267
1.01986743912692,0.779406586130873,0.110204519824797,7.95263065225564e-24,0.740906756080965
-0.685104455182982,0.0721698531533005,-0.635385646691629,0.49095764407435,0.924982719471115
0.389944999995902,-3.34619669727826,-9.19404148881412,-0.00601283311959744,-0.425746553137158
0.0226750011525541,-1.02354124490982,-5.12623989524598,1.25153015110257,-4.04044131197888
-0.24471306860234,-1.37750176822474,-1.76299420621147,-1.61345157611485,0.105496565936817
0.226822249534681,-0.149253697452163,0.713541559076317,0.844921392027898,-1.26174156770158
-0.980978224363352,0.475262374178376,0.175407920658669,-0.895836060397634,-1.46846140575603
0.212212645510754,-0.372285755564461,1.12047290652206,0.906459775388475,0.826698459307386
0.998298263238101,1.04157430697871,-0.785108075614472,1.04157430697871,-0.489372807674798
-0.392880903869733,-1.24218172674849,-1.33644268557748,-0.249832855632751,-7.33384896722252
-1.9655170815873,0.139704242641927,0.267195677737609,-0.800971080024755,-1.73378715086716
-1.7520813506261,0.523159519448337,0.155525807091841,0.504631663237618,-1.77878066130412
0.753378627997348,0.597126989432476,0.792599553933678,-0.994250947865255,0.953773270505636
-1.57815693284737,-0.686417847272657,-1.57849647637288,-1.69758932223738,-1.71619117888909
-1.32859795937046,-1.12321928571426,-1.45127954754766,-0.0615720850489221,-0.772662285126124
-1.46654593462963,-0.175056326606648,-2.01084725189389,-0.762921403487249,-0.131910385258738
0.219425015257359,0.650104364272361,-1.19196637651429,-36.6025908234321,0.610109289005002
0.665055602977206,0.780412502910828,0.548974230503163,0.74185823297322,-0.582761270985352
-1.76021304684469,-0.213605336841735,-0.0542025693797272,-1.31396416568152,-0.345360905254173
-1.87589528592779,-0.874782891918499,-0.263152389080008,-0.208077672979263,-0.213886619825393
-1.81591366435888,-1.35700137925685,0.0689771223319633,-0.183730112799118,-0.314684173691351
-0.211249494102819,-0.0084025342418962,-1.66827914755803,-0.838463717133288,-0.792197085004607
-2.25275111379161,-2.32105775745661,-1.94826694284575,-2.31094976010482,-1.66549609583785
-3.23398339555829,0.880080165572701,0.693523622722277,0.818763292945598,-1.3028094906449
-2.12999026267215,-0.576881924590225,-1.08018654204915,-0.236682254011227,-1.92961946218164
0.801164303969481,0.801164303969481,0.841198794839013,-1.52172415794644,0.881702773900788
1.0465877041427,-9.57287062378465,-0.0196808495351443,-0.89332626087732,0.100729407080896
0.862229193781806,0.822843550601059,0.706508499175098,-0.739122500816198,0.0571680548741346
0.253878232223919,0.735404529714887,-0.453680864981852,1.01153779574303,0.109097146229349
-0.180066386153596,-0.833271096072223,-0.424914990039386,-1.74172486225954,-1.50165905554652
-0.165555999712096,0.212068047519721,-17.8761437751262,-6.66807472405618,0.250077820549541
-91.0811816207974,0.773318505595979,-116.132015377446,-9.20153417121907,0.57256615215034
-0.275650074004422,0.702990878842408,0.937683236051822,0.857821258213837,-0.275650074004422
-9.24843230576928,0.612975855521122,0.316261279371028,-354.315794358887,-10.483473965245
0.224065961773805,0.180083422773437,-0.639447997651938,1.63425619598641,1.35007046059338
-1.81677255141591,-0.695383401411447,-0.619168655354408,-1.18655367809877,-1.7015708688292
0.831422792992394,0.058013716475148,0.911782274708756,0.911782274708756,-0.988861054471975
-1.88388650332967,-1.08238479014508,-0.0877501030198312,-0.798381608278087,-1.02325686605218
-0.994949961519045,0.792684058480166,0.164540165660225,0.91266923617391,0.995952881414363
0.771073964576604,-0.560497136018211,0.733021788724455,0.252898135137032,0.42360354610193
0.630068570640327,1.11593071661051,-0.369116411862301,0.903219740546732,-0.0612495004325332
-2.08790093317861,-1.99345485165657,-1.87587300478839,-1.39537595732601,0.0231362191878674
-0.56849584816309,-0.460552149706519,0.440816069288424,-1.52535204439556,0.0842421621940473
-0.654316242245333,-0.519539481061342,-1.86585800872358,-1.4653074374577,0.597288499276972
0.896780802343482,0.224026461399348,0.343012608152032,-1.74150469619501,-1.35353382009824
-2.26576010847206,-2.25829265589354,-0.610640122045857,-1.56892311956337,-1.74260192252906
-0.696950708623906,-1.62895204332809,-1.50383792238289,-0.0147854062965227,-1.8601078461908
-0.846487489487879,-0.706260423832256,-1.62202840406271,-0.493357491175806,0.344985606178235
-0.123208060698636,0.618287555959604,0.92526947144913,0.618287555959604,-0.268323646978474
-0.0834099743981632,-0.727241497400375,-0.245044388529214,-0.203243114952404,-1.59845018777699
-1.08342788341872,-0.737321801427954,-0.582814426386331,0.198107373392924,-1.94882754770744
-0.894190243735134,0.192143479798936,-1.97169373847132,0.00862814164282189,-1.36136280887646
0.528018681628522,0.808344055829981,-0.518262410498327,-119.873681592672,-0.135116671332314
0.218861428153986,-0.249062440692766,-1.58970134113122,-1.59885163525674,-0.149851997814557
-0.0654229820470399,-1.92119183996727,-1.17589065913048,-1.35947854211242,-0.566697607534723
0.0687873889513664,-0.717015790609158,-0.39782546362874,-1.58591146231021,0.0624258714127599
0.77729897201317,0.894344644176318,0.662418657986624,-0.459665122001527,-0.125241784115289
0.909350896050662,1.17169231330031,-0.764586298080431,0.515937679397632,0.349839694874993
-1.44146387691324,0.286178987919043,0.391712486450126,-1.79289705076811,-0.742660875054348
-0.948172106856504,-0.198424452680697,-1.73773623797563,-0.188321902416538,-0.469281328482049
0.383001951855111,0.552843721119164,1.87594124051512,-0.697711984696509,-5.31294006212502
-0.192460016890989,-0.244140730030503,-1.78616953866207,0.470041333472882,-1.70565641003752
-0.952377708661739,-0.061557373737185,0.74825089334695,1.07481838270406,0.0575153618400364
0.180901300260623,-1.05090441631298,-0.348026460901082,-1.18012669728134,-1.58081109518629
-0.272884769203795,0.776231859498961,0.584771220231132,0.623240932409209,0.776231859498961
-1.39518796164156,0.172859168099448,-1.55043542435758,-1.39022771975792,-1.91525007590029
0.224040114911421,-0.601495204681047,0.408012739438325,-1.18746952285862,-1.50377014128774
13.9629214424003,0.127219722622679,11.0714955421442,-1.65665886014281,0.293424960859282
-3.2587230698832,-0.0138991100575057,-4.79571653183841,-5.88012385741462,0.181232606424059
-0.927183545741144,-1.43142060347,-1.72222483469652,-0.289421919352375,-1.74696493819836
-0.933337032925438,-0.127281674182168,0.823492972145295,0.512296875094342,0.70705721311909
-1.4344998969308,-1.6522407222917,-1.13906449021373,0.0578106074505855,0.134071701784393
0.859243637371751,0.781177131590108,0.588511092268101,-0.197774356645566,0.781177131590109
0.253525698337268,0.772685875434219,-0.452241508107875,0.582086109851136,0.772685875434219
1.02367667057216,-0.0609053690215875,0.899998177417239,0.743411983906659,-3.55401238272609e-24
0.265414877913644,-18.2761531623198,-0.0266424869972033,-18.2377748924984,0.205819630554311
-0.156127802675691,-0.440642332657089,-1.51070239151501,-1.4849108973404,-0.726847706750946
0.427946581035633,0.625066448580536,0.976799435749053,-0.461653044346943,0.625066448580536
0.21438799694168,0.87369111643648,1.22908336996559,-1.00643783959994,0.637480909452476
-1.833932312942,0.735671644008593,-0.241860802167217,-0.243154414048125,0.715578236504344
-1.79730699540385,-0.355865048809131,0.592985151601284,-0.622129286145877,0.517797058994188
-1.66441010456387,-1.27867904752796,-1.55401425471043,-1.31995891343971,-1.23605117170649
-0.126231850136532,0.780785028543316,0.898487249480763,0.0568506269413608,0.938791405063629
0.82852694330462,-5.55107176135742,-1.52897478198163,-2.3518032331245,0.135819567735011
-7.71706317384033,-4.98180723428458,0.345662878690059,-0.0207667318371314,0.325419121168677
-0.478278022514876,0.788263627453944,1.0326433916862,-0.478278022514876,0.948263296054696
0.546231391655474,0.62350745478332,0.815146090888485,-0.273133386223704,0.776564459677306
0.468157998571491,-1.34206880545089,0.226965433412455,-1.87537712210419,-0.0591305562115727
2.4195139519838,1.3117813064289,3.07468222464768,-97.9448156135867,1.06650628125762
-0.357098203148051,0.0425408394597949,-0.121171636118421,-1.5491279821314,-0.0958336543735291
-1.78212758371002,-0.231383395953161,0.430671231337763,-1.51014614992733,0.330680397896506
-0.280136642944478,1.16418777882583,0.708230254028378,-0.280136642944478,0.864389301182421
0.863416574884896,0.707455092487212,-0.743404154408855,0.863416574884896,0.162467552982096
0.859159164376133,0.742510149222141,-0.0607844733878052,-0.584481807201017,0.819946014792766
-1.91642857920363,0.0809520797773622,-0.198766645715145,-1.21844725765721,-1.41114456940273
-0.597962477175548,0.432513625557159,0.631336657550362,1.21381832561262,0.592415670741277
0.415195701326356,-1.65448972873223,-1.34821551943028,-0.541953647110007,-0.0255498121273708
-0.55462426816244,-1.63288920954054,-2.03819643189729,-1.69974026729606,-0.628521456645589
-1.66206995798902,-0.630470800643169,-0.0245157644483525,-1.45869431629363,-0.473810264681296
-0.88046375202926,-170.857122106718,0.703320784917896,0.610621473007709,0.0596916981910511
7.58564190950595,1.93170237038071,19.0333814766569,2.62297662039212,2.50504274929935
-0.952728607178383,0.465893016952086,-0.229576108828789,-0.36827636261159,-1.89652046772342
-0.0681515225365183,0.768268919987908,-0.201378908348515,-6.64314173362452,-4.98870896209598
-0.11229610092579,-1.74610653469055,-2.11860631606161,-2.54418625651326,-2.17444764538101
0.901765632712441,-0.737924108076601,0.629092024806787,0.822526938240327,-0.127019698598888
-2.05623203700038,-0.575313408119224,-0.429738684187026,-1.46511215165001,-0.865610023111312
1.0236469375793,0.666428751182437,0.940371425322344,0.161706496348937,-0.0609027491936425
-0.881901536848503,-2.03525123633376,0.099885347127341,-1.80674543995085,-0.544786221320541
0.522290992874026,0.641781487867494,-1.47229393126078,0.839374610623227,0.879765400976448
-1.78642166117648,-0.122873608672622,-0.225029999624259,-2.11462993806308,0.0534377067576151
0.445900355288784,0.312472409612487,-6.86021444919299,-3.07562809698436,-0.636069165455178
0.556421610198121,-0.980405607763501,0.951593896122588,0.751759473953715,0.634960242910457
0.456043812221208,-0.220232282668961,-1.81857304311456,-1.52385832330337,-0.798446185639537
-0.404556891499203,-1.59991480272675,-1.51281714884325,-5.67222073793406,0.489835249645948
-2.38259097376774,-1.46070335279386,-1.83613105085647,-2.21645055341695,-1.29445434005226
0.862842930065482,0.82342268216241,0.984715461939594,-0.47153243572725,-0.0612017297450071
-1.84865952762572,-0.747686887118236,0.102259639319787,-1.93186857509138,-0.407175173980854
-1.8192993469183,-0.347035115985454,-0.642239036634849,0.305196170813113,-1.99047539367084
1.76934122217982,-18.643137943145,3.14571508553445,2.62306536548378,1.43131805764965
0.294272055003644,-0.19646278503871,-0.160234728142642,-1.75929376929066,0.2183652433077
1.14227962830352,0.84035999478382,-1.49817489400843,0.602972053375607,0.310375414582636
0.621330981108112,0.890250504677406,-0.454092426293205,0.505195702354289,0.46555017796962
0.711184858423535,1.06205273474141,0.850422105450398,-0.757887200973162,0.16336893678285
0.324049632294418,-0.036878233896351,-1.30459715847935,-1.40890652515968,-0.261385646923013
-0.252454789955434,0.181939230833857,-1.32860418468351,-1.07669143820339,-0.396997669536948
15.151214181291,17.7332192769928,7.02391454239779,7.50046101799862,15.8103352837981
0.476283920782926,0.910651110120673,-0.981262956503606,0.830419256155031,0.674003308906648
-0.24134307413271,-8.3317707738209,-0.99122713067346,-2.89178011917472,-17.8299930311863
-1.7295873291154,-0.879234780896433,0.151033398796847,-0.150281480370803,-0.856533928963845
0.788493572785697,-0.758452635567424,1.07687054213586,0.788493572785697,-0.128447633453793
0.385937827027163,-0.0394610812624803,-1.33775361002134,-1.90954690428642,-0.59015654100268
-0.292380520706207,-1.3071036859545,-1.87347232201694,0.14207170376657,-0.0974385430618807
1.12239031695608,-0.604036796294017,0.392031095964136,0.94872249334284,-0.604036796294017
-0.887536234487131,-1.52213426034406,-0.918312854540622,0.0905488645572899,-1.0349478870856
-0.781277436606616,0.457282333192681,-1.9145155147576,0.71766720223859,-0.0268805044930675
-0.356312672554665,-0.998539171188541,-1.18350916085313,-1.63640867534489,-0.35746375996605
0.172826577000805,-0.430680455358294,0.200460474695114,-1.81863147854477,-1.30280475845411
-0.0264268295430678,-1.6164841409432,-1.62746349660067,0.107358677281503,-0.279531805646985
0.0313422200434502,-1.93086823899158,-0.390724391379377,-2.0078391551126,-0.257338861064054
-0.468714357734854,1.25693148353172,0.257438545089582,0.705520346153854,0.257438545089582
-1.72295847664302,-1.05226965618182,-0.264675043647639,0.238532857242744,-1.12543638507517
-1.32847762476227,-1.72482916350252,-2.01833503327815,-1.16686152199755,-0.453155881595257
-1.85241415448908,0.460058673216515,-0.804681848156943,-0.512866331037885,-1.75412971339693
0.746087070607315,0.51258508861324,0.668839710880524,-0.743348152281541,0.86340115826202
-1.62696561228658,-0.582656508908063,-0.565555486228159,-0.349935693147165,-0.663301263126999
0.952170634620116,-0.483767351547991,0.516894608173506,1.22368447546759,0.752188141283151
0.814075882582212,-0.456827921087397,0.545509515831461,0.775552505627439,0.426220145619632
0.0863476228978463,0.335571869280145,-0.245030173684064,-1.94191110259631,-1.25064603291155
0.704771005850477,-1.6344797620598,-1.13136895455065,0.947761972902861,0.844546240323376
0.893273543921853,0.467148940877512,-0.572955839118962,0.776396887493916,0.160210075723828
-1.10383396950325,-2.00355523188722,-1.34774599885278,0.00919940213908695,-1.05626128490868
-1.76007282296378,-2.23714459600783,-1.76199448333176,-2.31708630184227,-1.16061527088449
-2.1961424708442,-0.0261246136815934,-1.7908105961443,2.01978747334413,-2.04556367893405
0.735315476334914,0.597619562177155,0.586353187731674,-165.804675745,-0.829114038290909
4.75945861765824,12.1382429116544,0.920629705502801,-0.746295118913668,10.7016248940857
-0.264658617469635,-1.62739459466615,-0.570635317259249,-0.0700520111225765,-0.0667729831777795
0.597178544820883,0.557686186494488,0.792668031621856,1.08338211855476,-0.994817267451917
-0.735691639122043,-0.79890814395948,0.169211167682191,-1.88846187340401,-0.21225425974898
-2.25268414209785,-1.70181885732455,-2.27286959276299,0.189260257008567,0.0346866119654565
-95.8257373283992,0.358123807164393,-0.869599616339459,-187.100257436802,-0.671867664598266
0.828928704396952,0.789586982553284,0.789586982553284,-0.763192977654292,0.789586982553284
0.593945487148644,0.827647033086911,-0.961188834431798,0.433693762869637,0.78837678275451
0.70362193873328,-7.68870637960974e-25,-0.465141998208741,0.665225506080248,1.06467105282968
-0.468804405480705,-0.468804405480705,0.782788057699063,0.982558293625309,0.667066269273973
-0.927010984124658,-1.81409980295109,0.128090893326936,0.323487062686609,-0.786147047100079
0.446901408050797,-2.80222144323649,0.527401493941365,-0.0403980199161866,-2.98432874514357
0.422353655957124,-1.50687387240137,0.287286687761801,-0.584133277562746,-1.90965961387094
-0.211952228135556,-1.06609736512992,-1.82524808152425,-2.02935401420234,-0.289974829050157
-1.32184970963347,0.418293519889452,-0.336475055717362,-1.81357437192413,-0.204797194833913
0.776675325300558,0.895881587946263,0.818804394697305,-256.331871441204,1.0074519206389
0.137681313489038,-1.21146802391317,-1.30523372419738,0.431513229117876,-1.00737082902025
-1.55782725645313,-8.20330175547126,1.29949664508341,0.0588728870458901,-8.03722839304977
-0.00512643708205119,-1.97271187182588,-0.211967990749558,-0.248139894055792,-1.92865658618879
0.291209511949025,0.532282224484295,0.375008460237436,-0.339169935916063,0.794543730377484
-0.176159734824122,-1.96456394325473,0.133436053244773,-1.63292572596619,-0.249218454861277
-0.240575299335932,-0.112814897666802,-0.811295600691203,-1.92011251188822,-1.18446783822216
-0.730937226888259,-0.011865638126935,-1.80459840629102,-1.65154683389329,0.0753118128608197
-0.536313840639148,-0.924076739827188,-1.83325896585936,-0.24531663323142,-0.0424059786701147
-45.7444478245736,-0.313525560325613,0.195729660765727,16.1351991952815,-0.102392218049506
0.702616700271158,0.344720914269293,-0.580475999920914,0.937155146785912,0.587235814805682
0.631299977756555,0.905055047122713,-0.749186692894871,0.945775573499822,0.211822282337357
-1.39071289573842,-0.197164315718677,-1.39080193213909,-1.12736325164407,0.322108664676588
-1.23790760009174,-2.23429328352035,-0.788626800331023,-2.33812412081381,-1.30100059049896
-1.48586772358996,-0.00410506297808597,-196.421810727538,0.265400110566816,-306.442872906012
0.657821657357843,-0.45096177361305,0.771876327548865,8.78157869760811e-25,0.733781298909786
-2.06532307637912,-0.29218222000555,-1.67409557458843,-1.7861605588829,-0.0673331108155072
0.737464914030985,-0.195146928715844,0.77576857993397,0.892527727290034,-0.12480946690097
-0.974692045621754,-1.78526102829697,0.37704970101886,-0.398532654697241,-0.71955562518643
0.830342473688383,0.634988871771806,0.51661598058393,0.910564575275258,-0.980689182056484
-1.88033743897057,-1.75888730443988,-0.543031978840795,-1.66791326506637,-1.85069201153659
0.808706747282196,-181.497187786343,-0.328228642925782,0.975814008023769,0.40005274701491
1.08554818978247,0.754750430079476,-0.488713467417985,0.873697707262488,-1.00648822012257
-0.570969031015912,-1.81749519234936,-0.642817861423374,-2.03629797220556,-0.57773080124209
-0.128208129532693,0.0575668177825628,1.03177856707182,0.906680942056584,1.03177856707182
-1.60364267308955,-0.545260526418423,-0.371129333017341,-1.58603912793652,-0.792180812334471
0.545761884543937,0.632799560282044,-2.44873454391474,0.307982868006357,-0.0584597260550632
-0.942481397007494,-1.28028198931206,-0.0831354183466838,-2.17579205661312,-0.885895078311378
0.0785209703799269,-0.215960396808348,-1.8558196352357,0.0750001267331419,-1.85649167110891
-0.926504746190832,-0.986990971335992,0.13747089237952,0.155248474032517,-1.77980499244366
0.224558010248376,0.393740819845179,0.554733058565158,-1.40151910075539,0.629801230228605
-1.73093339519995,0.271562216141497,-0.184361379233373,0.317046259879601,-0.831820915328501
0.898874594837895,-0.728373087258458,0.210103344601535,0.588460929319356,0.704067178252095
-1.87501747826273,-1.81526570797492,-0.81579637672639,-0.467360781355548,-0.682099982035547
-1.7509754393469,-1.37574379434067,-0.117729004426513,-0.846423949770901,-1.31620107555956
0.935010233629661,-0.272108221299112,-263.511501167051,-0.777705634482124,-69.6358167759165
0.0481176211271386,0.545138969862254,-1.07686841417403,-5.20593551673971,-0.0194351652354694
-0.641958064920731,-0.984236430221926,0.324647982596144,-1.77949010669035,0.323977176053979
-4.12717930394012,0.110136071066625,-0.222173080806506,0.771963865033985,-6.22419249259212
-1.62370336215765,-0.153446611364666,0.0503607877387757,-2.19861215934687,-1.31016698391355
2.38397427661475,7.06203877514767,1.90342378368915,2.09910747076923,-29877.3253217741
-0.245354396703965,-1.88210757878493,-0.725503013803354,-0.309693426668267,-1.17722455066959
-2.23954963248605,-0.222733608434946,-7.38052971287432,-1.4569153277928,-1.06285776400178
0.643180838195856,0.482644502325596,1.09680618991235,-1.5229023141459,0.964747349861333
-0.933036093751963,-1.43120734099012,0.547491522750987,0.184086445441107,-1.87624771710569
0.585484494654077,-0.283486611730029,-0.730314045284248,-0.335098782044692,-1.86516958743872
1.00879188405751,-1.55158272741843,1.00879188405751,0.802097704824342,0.722811980775904
-1.29537117223738,-1.18903004070312,-1.84620115735251,0.179053019313226,-0.267134234186308
-2.02561143182719,-0.694910459013024,-0.992830818359978,-1.47144072645352,-1.9698093597028
0.787038739182087,-2.2198218696067,0.560359095220212,0.764903846557776,-0.807045488771245
0.0621786102191706,-1.39593191968542,-1.70892887591077,-0.848467330322554,-0.298201140230255
-0.384431187337676,0.47583062886199,0.406586584088697,0.696604809384321,0.0896099530732017
0.928442439692328,0.401261611139656,-1.70367111262103,-1.70367111262103,0.928442439692328
0.862982619608591,0.591029364934834,-0.741831928796534,0.94350598895163,1.98719913557813e-23
-1.07325672539518,-1.67687266794898,-0.649414489501368,-1.24947496221691,-0.833148263263864
-1.21820997232637,-262.367183513396,0.446092141795276,-1.94716298960396,0.636518628264293
0.953798839901852,0.912592290138238,0.394175788201453,-0.994417035735495,0.753397613475206
0.792971214229826,1.08385640753162,0.792971214229826,-0.997337157989398,0.307106671893503
0.352560992355048,0.835142106516713,1.23190172073581,-1.01876204898181,0.835142106516712
-1.90334952810217,0.276398456048512,-1.36595253351758,-1.80777499967098,0.0881710900220925
0.740367181784276,0.741751910161837,0.715166533691668,-1.59162164834065,-1.08672270095218
-0.47159608126847,-1.22313945051297,-1.68913147719617,-2.05993593983683,-0.0439180790481207
3.85335255927023e-10,2.48350391971858e-10,-3.72674961977184e-10,-2.08678523376101e-09,-2.14436197368963e-10
0.206934294473351,0.619469886835124,0.657527061654628,-0.5615395584147,0.733452567551916
-0.365639586251316,-1.3037764112379,-1.61087312067171,-0.429932781503625,-0.927251426849223
-1.76773592575891,-0.452795689339266,-0.51625823675377,0.48112040889665,0.429922030757251
0.708115317431885,-1.82351802604744,-0.573904253961457,-0.560040670646308,-0.50183500306507
0.244893816354797,-0.795362276010604,-1.865926071859,0.48353205603331,-0.436624568407286
-0.366166823986235,1.02387943569792,0.705038317935244,0.257228737611328,0.821104091412671
-0.910361924567776,-1.48918632884148,-0.677347084756675,-0.509616133320957,-1.73195733131244
-0.528548918202011,-0.778424352412027,-1.54548261603294,-0.983615693854491,-0.159408877771253
-1.32203188432932,-1.83737380591573,-0.0592108674998532,-1.07700723410724,-0.383692324627103
0.779236249060543,4.40459872321377e-24,0.977775154783684,-0.721218553704507,-0.125791072981064
0.972445514530312,-0.272165834868014,0.384841758431123,-0.358391727252042,0.813774734843567
0.889270786525825,0.766127557049018,-2.47692462342874,-0.206120575879277,-0.51417138679344
0.364969376870514,0.315867175477905,-2.06201613474706,-1.49669815600664,-1.19377730466122
0.7804688478976,0.429088681261011,-0.725902741305494,0.741911526002578,0.549014366880305
-1.52343203332713,-1.65850211674288,-0.356049351260648,-1.98223307466874,0.0235344178627055
0.807276429976921,-6.44216699602296,-0.682684454894881,0.927648508736294,-0.68490909941142
2.23145395609689,-2.55485140677964,2.18718974800027,1.78674499287775,-2.00210361375346
-0.058143964638454,0.835455540553535,-0.261046834353154,0.610129130983246,0.456777958362098
0.850282706662795,0.620790838612648,0.850282706662795,0.109018138525759,-0.0597866686418453
-14.9387426751455,0.367892870649095,-0.0277514937500767,-15.2785872515737,-2.65713533492146
-1.77033070643031,0.136353147728692,0.652314344089151,-1.59284542151902,0.163801828690799
12.4782956698052,0.197897409757764,0.669488200716148,1.43364835725396,-1.28456074231755
0.744420080652843,-0.469370650187531,0.110913749716912,0.983007833752169,0.861423559889975
-0.35328576974037,0.463499527114796,0.808823462830595,-0.123355440604064,0.847384174737834
-2.19407308772778,-1.7457267938543,0.138788410374938,-0.608959323397896,0.201588316592196
-1.95418984000543,0.33958738708141,0.530140912856096,-1.81468402931897,-0.177478438238054
0.312151650611411,-198.222394595304,-1.01729485793947,0.64822171746857,0.216981176258181
-1.83537626345448,-1.78325842593187,-0.444032452575077,-1.14532487125292,-0.882228029175287
0.137318778598317,-0.33440856178292,-0.146940740069,0.0610831065494393,-1.46654327678617
0.0754597741422035,-1.87281589854192,-1.84682549948446,-0.273665913603041,0.282331609616144
-0.343391814406992,-1.67898274801802,-4.99286566505189,-0.0241682170270199,0.116879176497606
-2.19805707651306,-0.407350300885958,-1.91761254133577,-1.41357557613544,-0.346338355588769
-2.01304582214023,-352.8193327223,0.757430205687979,-0.214125586210753,0.871273783122964
0.915431227984416,-1.01470451426868,1.08702702015524,0.395449971336969,0.874758443502655
0.877031668068246,-1.41215290514261,0.113578538218193,0.718279261251618,0.480038574542681
-0.693696192687401,-2.18521490577509,-0.962554571489439,-0.0981773658651531,-1.94575202983124
0.2668329815328,0.106714642109164,-1.41489510790632,-0.00350238628547295,-1.83302565247225
-0.206145151208355,0.960483499082643,-1.43209574141774,0.439203588306548,0.758352058932568
0.362056183838367,-1.65442855047845,-0.269638098022407,-0.79584387279,0.35798454672536
-0.46822417826944,-0.198396506292234,0.628216251599266,1.02423883172159,0.860665837081639
-0.698482928177727,-1.7581218646569,-1.44447482554916,-1.61634439788138,-1.26058723355717
0.947443111138202,0.748670504998631,0.163190854506783,-0.75471032555341,0.906622256531669
0.936185582296195,0.856492515877853,0.344343118723354,-0.36223435123173,0.547769797318818
-0.180941710452613,-0.218834078476653,-1.79841542621855,-0.972659584919506,-1.4691505083542
-0.41146415955891,-1.21099441912892,-1.57237559750442,-1.93539305233323,0.031034126725779
-12.9337318610611,0.556525380369451,-0.0577808303006622,0.252941730403572,0.597112772420221
-0.0778918881079146,-0.693110202323127,0.465779909681162,-1.73394509168538,-0.416564910914752
-0.308461981958698,-1.70386391248001,-0.508323732088019,-0.966152521344535,-0.58505062205538
-0.559620898774148,-0.0800335358936982,0.192489610937163,-0.282375597564746,-1.70519383746369
-0.955116049626104,0.748607873805631,0.787551021181682,0.671094275965282,0.348683792750233
0.197971249032695,-0.880125594939851,-0.77290161900895,-1.70639695154388,-0.795172669358177
-0.0613505225024979,1.07230612230526,0.591816416383657,1.07230612230526,0.258536267169528
-0.422246283100972,-1.61122664213203,0.647964894507222,-0.460555160765065,0.0377469140996767
-0.27291993353197,0.208504674102746,0.776278927571315,1.01538182429896,0.506824976675409
0.672932239017443,1.11821973495729,-57.1045311784671,-0.498941256514815,0.171901392943716
0.621923232952031,0.207945457286282,1.05542181912957,-0.568655355588849,1.79431124982164e-24
-0.735705373487771,0.705742568657795,0.667231555629992,0.471276288006426,0.821937232797703
0.177702482770343,-0.111969136541502,-2.00757618005861,-0.0501332640693129,-1.52863977175527
0.639778664491853,-0.419600051705874,0.288366658972096,0.527677715117196,0.371535946009377
1.07496227787701,0.74833846387319,-0.281302793052216,-0.600393424074585,0.86607389539386
-3.15931098098413,-7.54511944473195,-1.42768000562936,2.35826526012979,-8.98241378121657
-1.47550300690603,-0.334772051968912,-0.760591745327371,-1.19459108621276,-1.42640443587697
-0.370468423179699,-0.514077504867884,-1.55115189931876,-0.0500365428094174,-1.86143731275978
-1.03679924629226,-1.35055395477081,0.0864931611054587,-0.299322541263827,-1.78270076911812
-1.05748021455174,-0.00147006428720187,-241.622866976383,0.728630105032529,-249.723791058194
-1.33943215029042,-0.0206235365257252,-0.0294052615914695,0.477141295115036,-1.18374313269952
0.206292692704812,-1.15974634035092,-0.963963410866472,-1.84355417358389,-0.462850545386489
0.104303164016186,0.22109672197753,-0.836072765997093,-1.57902904584763,-1.92293567767705
0.759326712604878,0.397541448882289,0.641346322885915,-1.45787501902375,0.920101623731411
-19.3972498168571,1.39186015333075,1.6012790068917,4.79405481202002,2.20641419120023
-0.263255508394431,-0.189015369796719,-0.957150338795899,0.390251098916104,-1.81256585579655
0.965254838815852,0.722367684694225,0.923339548914922,-1.53534297355676,0.801599337824581
0.94776441518228,0.94776441518228,-0.602007330552418,-0.372743485372259,0.827110917314924
-0.0841979938630822,-1.46874574609323,-0.138679062184634,-1.88075543585312,-1.87269343601886
0.446615842040937,-658.801516678424,-553.260570575241,-1.17302886283452,-6.43821493640874
-1.38812057672157,-1.1654011294547,-0.501237414012414,-1.96418937919197,-1.54839472171992
-1.03217349701105,-0.468027922975243,-1.14207449497086,-1.62906360441744,-0.549331708859697
-1.88653003829999,0.0515641960690591,-1.95791800734654,0.286334866152785,0.292952777798783
-0.8641698293106,0.868846123976942,-337.591707376291,1.13679877805753,0.91198197117369
-1.75126510442343,-0.400873656646677,-0.833229225319043,-0.465050298438064,-1.97210404697803
-1.2670209933663,0.184586828672727,-1.49470006023825,0.5412489725346,-0.103857013241905
-0.52023380202002,-1.99694741944051,-1.02252563904141,-0.710400418695688,-1.66436264639268
-1.80616219812483,0.291559403991313,0.286057764601823,-0.935007801925575,-0.921357211080717
-0.060397099626487,0.70131564268392,0.976162343255563,-0.274237491907585,0.778036532814593
0.904495933014727,-1.4101733246746,0.00687932600808634,0.523793348849203,0.817726652873844
-0.155512070200432,-0.546660332977679,-1.3220426853203,0.0285396824030366,-1.60553344969795
0.246543224210765,-0.189762959002138,-0.494525839130959,-0.956015075742505,-1.81042768863597
1.02576134534815,0.590267362011105,-0.590563149470154,-0.127008662666562,0.861850515879102
0.593796636732091,0.749201765540293,0.474525911683219,-0.959726107744565,0.827437966567222
0.175899552718084,0.523112008562747,-0.726368424341694,0.438830268373785,-0.281619975948858
-0.167003890550922,-6.31695680358199,0.377339886145862,-3.99076651394729,0.270281134176692
-1.70154371943649,-1.28405997896551,-1.98479609717783,-0.342580934829377,-1.27819372464704
-0.343676209091909,-1.32528200826189,-1.68255714488195,-0.572876354117411,-0.496866380654478
0.897713684845692,0.387463981337407,0.897713684845692,-0.582070288962273,0.34503796076609
0.423346277074837,-8.06950601899656,0.261512936048292,-0.0821176350183999,-19.8171459462889
-1.35470887406842,-0.415524196317402,-0.359715067404393,-1.76079978788807,-0.327443517426826
0.0312055456176941,-5.76224737448801,0.49769106123663,-0.0526077457662879,-0.447555458060702
-0.13431537321742,-0.766239470630434,0.915771202284533,0.0772867566320521,0.946634405698214
0.0469530718650322,-0.294048961575386,0.377724276975727,-1.74946296072978,-0.989671730253728
0,-0.911824846709488,-2.82174949367551,-1.4210854715202e-14,-2.23885699152479
1.19028031626999,-9.24662196618251,0.954393042450613,1.24885984341687,0.722776413007756
0.904850367773803,0.945557819135235,-0.200216722338192,0.631162710682716,-0.748473006580127
-0.477750511426959,-1.76407409229168,0.0406116754329804,-1.84126205447715,-0.485985815208926
-0.493210053852458,-1.35778890608671,-0.0720459570501873,-0.0719620035892956,-1.69979974908815
0.278470311026487,-4.45500380616068,-0.675072344237968,-0.94471720216143,-0.773088650346637
-1.54883876611051,0.405363431428451,-0.653271814515611,0.356626015187033,-1.71576762981009
0.201294262937893,-2.01361515475211,-1.23290374244342,-0.72151778882187,-0.087144821352815
-0.594663677849744,-1.43339297061431,-1.73506535206238,-1.3755537906598,-0.931513332162472
-0.0794103240861689,0.513423191932595,-1.42517804851373,-2.10630248888714,-0.270754618013193
-0.748274635447273,-0.918318289687212,-3.85993678574437,-2.51376089628254,0.122964610079406
0.919810411691336,9.01409559095708e-22,0.397411212930757,0.961490884447123,-1.45163814468371
1.07429459390618,0.592783562206231,-0.280968030340799,1.03057663072912,-0.475772077048574
-0.466299495596786,-0.197836527798599,1.02259530724856,0.742701508918102,0.704240190279634
0.193561667416113,0.357457978487348,0.212072818254801,-0.224410854863731,-0.426421043432743
-1.58949453071448,-0.349567517503062,-0.176622169440003,0.204240356634017,-0.488549954514455
-0.486881470054178,-0.0998452913738131,-0.25037645018658,0.234172875213947,-1.48060601965148
1.39209645646368,1.7555283281081,-9.65017467965797,1.56944810141858,2.07358773809797
1.05953550541344,-0.195873725056282,-0.360614295493114,0.662396680407832,0.585559079294161
0.375178995085799,-1.76271432957706,-2.00349937793446,0.764940956740519,0.656580774361507
-13.2113652020181,-2.87694165504632,-1.17794803388457,-450.819319067242,0.404067406014267
-0.114961183702008,-1.745411683782,0.278263453378648,0.00561238329500097,-1.23884804900683
0.290199090604978,0.382958212192083,-1.74640534202923,-0.0221649312534916,-0.457235192794769
1.0368411124258,-0.982554605768783,0.516772817532003,0.435309963274251,0.830591587440909
-68.2700908463891,-1.94969108506352,-20.3783389634507,2.82800314992733,-0.0189260659587545
0.46989658356013,-0.0946537720854241,-2.81168590446367,-9.16368458270066,0.0905244655445189
-1.13760443897209,-1.77130245314169,0.697660116107294,-2.72905323322472,-9.83249976282989
-0.273596531876588,0.546672476405519,-0.459475612367948,0.662320360747209,1.01667699854988
0.729380727822892,-0.266269822288906,0.729380727822892,0.338681551393847,0.577947977532196
0.360417221494794,-1.80389090543116,0.388318635977334,0.532037777283652,-2.0031740888643
-0.308885667689145,-0.0605535686466529,0.27378668818238,-1.32628815320033,-1.84940502002085
0.280014120681491,-0.00598211241402158,0.0905958905930155,-10.0536914046312,-4.4323404268134
-0.606253502955503,0.236359485429163,-1.52099553295327,0.0463072525264077,-2.01408037879845
0.734684010362278,0.620513592027711,0.620513592027711,-0.355719448950887,0.620513592027711
-0.069185591814982,0.173779225475841,-6.41843038795253,0.30394800091091,-4.74994068498342
-9.13598248144756,0.170162902968159,-204.097832756169,-251.197373175797,0.316261279371029
-1.25276296846341,0.448373067899641,-85.4815661692287,0.733168534395245,-0.0650265641238786
0.164905026749317,-0.395126247610187,0.807399285228148,0.974269399403923,-1.80954501065708
0.640967756218589,-1.9307692032395,0.266655150779996,-1.51855573614216,-0.506861321289627
-1.54785102295204,0.522281868016156,-0.125339036563851,-1.56789735308248,-0.80207036894441
-0.92168823733005,-1.84456251996671,0.418493117186846,-0.000861924819238385,-0.854127490637913
-1.85472643402177,-0.487632572400648,0.768990257499029,-1.04503099053977,0.251222613707837
0.557820078958478,0.996187598408354,0.714566992718062,-0.99638374913845,0.832392504826496
-1.23599873347733,-1.78203795915096,0.146648304981829,-0.0584192540624537,0.417394515092387
0.866113535400939,-0.128102511548128,-0.753373005860121,1.07501712812368,0.593134502552179
4.60510830551813,1.71583974202415,-10.5990608025293,2.83912007535861,1.18431300587071
0.21286566258581,-0.969279775709447,0.868528694170369,0.750404685537801,0.78945216474856
0.897968208919988,0.548928638059152,0.819148982199496,0.703385068101861,-0.0606891023822134
0.60287306174599,0.80024153378787,1.00625251633586,-1.4943912107966,0.642416157696703
0.0269189011486723,-1.16433240018965,-1.7195537832364,0.761601018165084,0.132317351650982
-1.79520642652708,-1.58310415941843,-0.317076245080138,0.163211138653281,-1.88379782836682
0.777364196754629,0.854971411731105,-0.360715867133559,0.700713690341303,0.343674813806851
0.43614763745389,0.453456164008256,0.333639976648209,-0.679673266071244,-1.60636646340098
-0.924396606591636,-1.99985970203689,-1.83698781825212,-1.7186570861871,-1.34180484600335
-1.21096365237359,0.804718956215239,0.854536033053822,11.4644859934159,-156.009494723424
-154.781642190989,0.87892895877433,0.331187760945826,0.0805466649484087,-0.863649550380522
0.748012352876698,0.513945799030092,0.946559888374757,0.709263651102514,-0.751771746761695
0.587230179793996,0.779482520440582,0.548311665925112,0.857344433548557,-0.46325960917734
0.85725736594918,-0.275269263472666,0.344679016196768,0.740905081868592,0.85725736594918
-0.000539226748316955,-2.03241377511648,-1.66204074629158,-2.3847514333247,-2.35604641723962
-0.476213205790756,-1.04783235028784,-0.035407223867983,-1.78468511702958,-0.253316647258744
-0.0276773555314651,-1.42359348248171,-0.75531821475544,-0.0391034177323972,-2.0968317217137
-346.764415608456,-0.322085857305046,-0.217421012664656,-264.204175023086,0.995945938707855
0.567627421576075,0.533354086209935,0.0330396287419958,0.303860737656619,-1.3369584735397
-0.506951944556846,0.608326646424211,0.768016253028446,-143.723327529235,-0.863922612361262
-1.75607729966098,-1.63154593998261,0.0213274289651158,-0.279802502510635,0.527855871625898
-0.197662837686115,-0.126278675094492,0.85898820843268,0.85898820843268,0.898682543345314
-0.744883126198384,0.944454444774833,0.211477065554769,0.746442219105027,0.746442219105028
0.445771216025289,-0.835483278001277,0.72967337915309,-202.234379153926,0.729661918107788
-1.54284472379753,-1.25842001816838,-1.0793361418405,-1.18971364914778,-1.86149315578069
0.921101243318822,0.895879734627253,-0.517036883857069,-59.2969410708902,-0.37129100521677
-0.281476743973406,-3.68326228011775,-16.5787482646345,-1.84954238858851,-1.62057761174932
-2.90159919664339,0.891067575094123,-1.28597210251528,0.726154448667303,0.526213970319019
-0.218956923118633,-1.29479798487074,-1.69802643516184,-0.808091116395112,-0.680088134367594
-0.934469918898714,-2.06719947303449,-1.61438020214287,-2.35794393385661,-1.56510252980873
-0.967919596815344,-1.49045801870809,-1.45818866573046,-0.891539711868633,-2.06644178632346
-0.896295501797469,-1.87294209299311,-1.24213118050672,0.45947680716963,0.527480349796642
-1.8604584978741,0.392706279860954,-0.25647182757215,0.0560658344165963,0.744265157537593
-1.95253572862133,-1.6175703519972,-0.642620892687912,-0.295033160835177,-0.222694284576137
-1.92041982231956,0.125439113190387,0.0595676355219619,-1.65379755961803,-1.15974762444554
1.02900825506128,0.0573671001951436,1.02900825506128,-0.12765517181794,0.785751339823096
-1.26212567208062,-2.24635391210539,-0.0746125629121367,-1.92133577068596,-0.0276141065635314
-1.21898005359792,-0.523208652011977,0.393192816278067,-0.118207762985681,-1.76922567208332
-1.0806070102537,-0.573540731840596,-0.697310081626638,-1.46358020996699,-0.561110067339754
0.396406951704607,0.0500151953524588,-0.239670470352878,0.0577325149312264,-1.82028248043288
-6.91444064058899,-1.6248326701172,-165.022425772636,0.162123630487998,0.108679094510416
0.547019561113315,-0.361056606936443,-0.361056606936443,0.934857262021885,0.816315110366506
-1.13650315221099,0.465062399816246,0.504777753829551,-0.298910134501847,-1.11998791181824
-1.40144929935774,-1.21014431963655,-1.91384827829746,-1.7490841475777,-0.653247149304164
0.603708500785112,-1.52761110323591,1.1439579668242,0.841400311462267,0.682741328157025
0.868845878111615,0.991949940162808,1.12425199858688,-0.480887509880071,0.0577828188907007
0.402937505174205,0.115511652404811,-149.713661143159,-263.463505524453,-0.589466869109406
0.798845934073466,-1.45654440881232,0.481178289023758,0.113930965060423,1.04805759801226
0.381519859375616,-0.236433515188924,-0.890384175026284,-0.168286336940841,-1.61795314201909
-0.630483172238811,0.221911940999166,-1.68421025953469,-1.38101885286158,-2.3350113788524
-0.547570452199518,-0.489767793873631,0.377832475772468,0.69974439782597,-1.9559917696993
-0.486336172675067,-0.991925694184805,-0.0781816143188448,-1.55719061487708,-0.728455744789453
3.32779643631168,-10.2323967467898,1.90606762540897,1.35250086739525,1.51635177016665
0.51173367077984,-3.97605521924122,-2.60060099149781,-2.32894453153174,-4.3226520023633
-0.90606771868562,-1.36990264523732,-2.06146956434794,0.136808641189514,0.0219215648435092
-1.92421355457954,0.529448967939404,-1.20319461997382,0.730754158880975,0.893275981277407
-2.12783870796266,0.0547106584202221,0.013828943663738,-1.74312093484145,-1.68943766505249
0.391636277713491,0.866775097822192,0.514593275461315,-0.957598898068804,0.787890585249713
-1.69512347858901,-1.86939249224925,-2.1679968543137,-0.644860812948822,-0.597501642425615
-14.8151480286917,-0.00442198924440618,-4.42590608240063,-0.431256318695603,0.289779737511521
0.500013592721715,0.675252870739379,-1.49808067698042,-0.522977257581179,-0.967206647646527
-0.612342534330706,1.17488158039819,0.994554143951769,0.674560633934381,0.5569669007545
0.943495116854162,0.591022884809983,0.431439205982598,-0.593140788813754,0.902911220387251
0.728846867038921,0.107782808540115,-0.442879855703535,0.653398228787675,0.615564251474083
0.434797727360801,-0.97562015381788,0.790275491288698,0.673396290394565,0.909793190883752
-1.24026418936708,-0.516860004891592,-0.256782818914854,-1.71794713236447,-0.492333057250318
-0.104581912373384,-1.47041830465771,-0.486146579945279,-0.93549210122087,-1.11818555892622
-0.703704772669301,0.667847805969943,0.434436131517278,-1.56018824507514,0.313011600150814
0.590095381802392,0.667477724377018,0.628879099593772,0.822245160636445,-0.736861783172185
-18.9550070131187,2.02646860001336,1.18347955930002,4.07487473251345,2.13011984999186
-169.534559505523,-0.895879734602362,-0.682620475954978,0.490414626504841,0.116807425590432
0.262222849649903,-1.3223344848813,-1.63986727665386,-0.516222256237627,-1.98952534568694
-1.52684560069374,-0.852988607527209,-1.10032456234065,-2.05080365189826,-1.93500440242747
-1.71566632338703,-0.0549068174362213,-0.187138931909871,-1.31767779334792,0.244953869982048
-0.024130932205193,-4.49317965596103,0.445310376586313,-1.77693090779512,-0.112652959260114
-0.525941354701256,-0.812825603348626,-1.33066045666486,-0.489320709839731,-0.496377817607668
-2.7258785739725,0.906313010059361,0.774364242988491,0.931744013917684,-6.94313990395957
-1.94480751271219,-0.616462458072067,-1.89716682083472,-0.963712396306068,-0.581887310310733
-1.48617829266869,0.720897623161598,0.799950701852395,0.720897623161598,0.799950701852395
-1.12508347224654,-1.26103110276696,-3.10679722330723,-4.25209928913829,-1.70928780925654
0.205048611240698,0.66226363776302,-0.351477922805267,-0.922573365299169,-1.99273904697688
0.0276685023141918,-0.94542647621307,-0.440048665766679,-1.46724122300588,-1.85115409259158
0.708299232556277,-0.691369258152012,11.4273874034823,-2.43771783511712,0.723672852749246
-0.0488783141171211,-0.201331160205047,-1.06622898487694,-1.8168320427104,-1.84957888585754
-0.289406759640409,-1.58430106973228,0.152916647039546,-1.65062715281577,-2.09361307752936
-1.37445348984133,-0.110184865826365,-1.88333281300077,-1.74301106149588,-0.107098917027357
-1.55503702809758,0.068442901552113,-1.81559847377246,0.263857703573465,-1.11266601040024
-0.673537955123849,-1.33450413294843,0.0573705238330943,-1.87583926223236,-0.169828537088959
0.667369180470222,0.90129604490945,0.941777466422852,0.471378101587893,-0.367254294188567
1.04217090346044,0.598796747392424,1.08674981174068,-1.0131484053691,0.519212858158121
0.634714681284999,0.993093909642263,0.634714681284999,-0.767560202455852,0.95120283221681
-1.09150145195653,-0.41527299220308,-1.33445156156517,-1.95307975361219,-2.02134187601513
1.12555985676729,0.393044724866344,0.951119498608552,-0.767269178675041,0.5955551939129
0.0574556868605512,0.905411052657538,0.553378110677199,1.03023692561746,-0.750432229333372
0.216723846848536,-1.5602570149804,-1.98952936016076,0.476062572959792,-0.0233195389505832
-0.865087287217697,-0.0229269941087413,-1.7826283462253,-0.887324796408908,-0.616021389645137
0.849727685348854,-0.452231630803829,0.696517702888905,0.620392953826889,-0.123941164875183
0.386914568671092,-2.07051695108765,-0.0783949074429054,-1.77149607497356,-0.188099620457867
-1.96779630795746,-0.463896131193395,-1.37769194423799,-1.86442859390302,-0.688442395590755
0.716776642307905,0.478989510792894,-1.01769309016589,1.04292020636739,1.08755568755483
-0.466067836653311,-1.73091557487939,-0.228158323111238,0.40639293900019,-0.485398147858315
-0.089385179226285,-1.66767000909211,-0.508892132220525,-0.116601350386557,-0.933380574063283
-5.10746287221659,0.821479673039126,0.611885487598049,-7.53954106037805,-3.38179950376301
-0.714545160720999,-1.38658859377132,-0.403128036659144,-1.59425556657927,-0.725455141164994
-1.972858564796,-0.0426420798160327,-1.08275208904048,-0.022520537981649,-0.477445631459259
0.822773686300234,0.629278461713025,0.162168610073829,-0.738857627947269,0.902043151489333
-0.0386551431483754,0.0751584600846536,0.153259962380221,-0.688424276539311,-1.78172144946326
-1.01180820959007,1.37427322597527,0.562372116408192,8.21730460149759,2.98145279050302
-0.128578061341444,-0.479480379965217,1.03362847936703,0.867957242932324,1.03362847936703
1.46344389188656,0.012151945643863,-3.63818990365492,-8.81500244496855,-2.5708478147592
0.46287815390961,-0.461941167243968,-1.8948163393722,-1.03959548962152,-0.00870050873551098
-0.127912296835061,-0.948571696509085,0.631572001663322,0.865374443469883,0.709015027135659
0.439246936266497,0.29063540899184,0.188477374695994,-0.193473814427606,-1.85717521251746
0.779155211189486,-0.462717402709353,0.81788650469616,0.160941865409996,0.81788650469616
0.0946434557126623,-0.925104353945836,-1.7661310390551,-0.60778616410567,0.143710956395348
0.384288711551414,-0.567841090588232,0.890716415404752,0.207831101934036,0.736020360146911
-2.29371756401098,-1.21710496594721,-2.47835202582081,-0.672790504946229,-1.89807744431027
-0.991249542000693,0.792234533359856,1.03840777225877,-0.285212492446513,0.792234533359856
1.03376053083893,1.17010940877444,0.555107064149494,-0.0617957824626981,-0.605143130174628
0.349617561593319,-0.762605349353976,0.949772636440961,0.828786204370202,0.908811025408781
1.02037877840345,-0.363404759800653,0.664505282235894,0.779762538195402,0.110272416838208
-0.458921427324125,0.546430155431422,0.700247145677131,0.815440846797171,-0.574027640099885
-0.053926716810419,-1.34957222037644,-1.20481215107528,-1.71986438352704,-2.2159234418563
0.666932097967012,0.860871948547063,-0.126758693064862,0.941123829556813,-0.588336017508197
-0.972238011138594,0.711870901514775,0.475562274370457,1.03492664941887,0.475562274370457
-1.84125261989488,-0.73167652436941,0.313027613575757,0.354968562130066,-0.292056801503446
0.709569801153907,0.988603366443566,0.748336092744923,-0.476519697747075,-0.753213362052313
-0.953953259940324,-2.12368723513026,-0.706404154257681,-2.33709744224417,-1.50672319193186
-2.00817111846239,0.133770597056653,-0.660149152157183,0.398397669029421,-1.37240472305125
0.758971168939963,0.798520899036524,0.397339749276459,0.719622325362316,-1.44826034038595
0.394717778940608,-1.07520686214736,-0.425100574833374,0.703990820739232,-1.81484394181894
0.775414720191931,0.852788558305028,-0.194976429400863,0.77541472019193,0.0562944793962308
-0.589709888078096,1.17960570346278,1.19766663322255,1.08596261093248,0.0906438172681915
-1.78028039763031,-0.180699376655178,-0.163012280296969,-0.327981023662353,-1.20744097006471
-0.462863596630521,0.936843910315892,0.468933831886116,0.936843910315892,-0.060549410671191
0.988047920218428,1.07432078300207,-0.599296276269074,0.592796286954434,0.0574819362529252
-0.593583880572749,-0.199494774181075,0.863164855470613,0.863164855470613,0.863164855470613
-1.40608775016482,0.33135496469523,-0.753937846361279,0.0614721277625209,-0.455165714020767
-0.968708627504796,0.828706487047553,0.868444461251797,0.515585561065933,0.515585561065933
-0.612159558926147,0.0678846462564872,-1.04162284437637,-1.95664586370142,-1.95937688136394
-1.84882826620059,-0.299770645157473,-1.0961553573621,-1.67591578307996,-0.14681709814662
0.264470196722288,-1.94560505733082,-2.04578037114101,0.356616179538414,-0.973887562999498
-0.0530630944091453,-4.42741834132916,0.553351683815716,-1.32608061773074,-1.65674895308154
0.386777082825852,-0.89749572127699,-0.125683930671692,0.702051919040928,0.625345482765677
-0.952232052295848,-0.775030779995455,-1.98518510015884,-0.607151447191838,-1.13845727578139
-0.64104582441478,4.84646006184101,0.937641124628343,2.30080597152726,-7.95473352590466
0.25706291067691,0.820653420998219,-0.730933908468009,0.781770288685237,0.62767588619815
-0.178041245703799,2.75271971623762,2.65176617369943,-6.7145833697175,13.1337832050814
-1.6902124803255,-1.96472282002183,-2.20136768642459,-1.21495850924871,-2.52880566409989
-0.971218808667347,0.0693825749934626,0.0591388805713795,-1.27481630312904,-1.81055903992629
0.411483867884737,-1.18129980358036,-1.99088095770879,-0.211327297548474,0.138733315411226
0.210893488826713,-1.96105207602959,-0.885812240204136,-0.0304511250141672,-2.0714134172288
0.373910272863934,0.460188126727965,0.813190053247241,-1.97948106549053,-1.61464199901565
0.710027125121788,-0.0616343866550551,0.748819708578333,-0.755380808532911,1.12096540204166
0.85880665859973,0.387815514163699,-0.0607446426903686,1.02185183866477,-0.583695393270807
-0.0996270281176996,2.25788485247995,2.40855447407431,-6.869648943132,2.52488346473773
-1.54600593231895,-0.784598502680264,0.731861000716133,0.758793315829272,1.02789508778803
-1.31172155916931,-0.46689906443113,-2.26342230055482,-2.23563201516695,-0.913212419465134
-1.02599324400473,-0.357105125234701,-0.990353012018008,-0.203349711194707,-1.58207064332904
0.273244167850193,-1.30984383722119,0.689063140667074,-0.268333627303282,-1.97671114298471
-0.770653704003853,-0.299897241553445,0.116307482501289,-1.73725533917769,-0.653288140248526
-0.299549567361353,-1.39237570886628,-1.84034001690608,-2.11930452163343,-1.50969437491165
0.838003508598651,-1.4390524906316,0.215748966964761,0.758621846408251,0.680041938976079
-1.64156436764884,-0.215734360544437,-1.42701766873964,-1.08123232685726,-0.626925341123901
4.05451597563282,3.11514948692601,3.64429374713768,-13.1363170314147,3.40715565986875
-1.40039186621738,-2.17208449554298,-0.500989963986125,-0.363366001315008,-2.0511295367822
0.467242033505385,0.974159587570346,0.854054357026037,0.299840690649043,-0.195521769860378
-2.1182729069562,-0.142170893383326,-1.76708836981671,-1.33398745373402,-0.5350270427819
0.997320861294618,0.833275845825741,-0.781731811090552,0.518461649903212,1.13091874416763
-0.704037538637849,0.583488465958936,0.736299840353115,0.38444796401108,0.505657266844797
0.161473649954968,-2.3269398707971,-1.25695924414854,-2.71032536234562,-2.19820987331441
-176.627565228202,-0.30188561159353,-0.521589415543593,0.0578320935349904,1.23639798057278
0.114799138296561,0.56913721855039,1.01915728296738,-1.19156394152035,-200.045959424076
-1.64573446958603,-1.33861570893662,0.188871550524508,0.142638255036282,0.588025862162719
-0.0289285429311859,-0.705149459622251,-2.58045001237021,0.369903098317778,-3.86927113867682
-1.64734164068273,-4.25382566487403,-6.25028434552613,3.34113209349898,-5.80457875797357
-0.629477799578488,0.554066251721373,-0.31225977224,-1.68987842302833,-1.15646804674633
1.00382699873744,0.354038381182999,0.215853416508422,0.838337468191916,-1.44687766585985
-1.79940296510291,-0.228733043667955,-1.81543903622056,-1.16326283134676,-0.279417185676437
0.898353766964789,0.742104402723059,0.209958387559804,0.509768088319393,-0.72668521204836
-0.789810106385954,-1.13655227730063,-2.08216025603044,-0.760106274475405,-0.420468908189737
0.976059246546845,0.935223313377361,-0.274179793595044,0.427625247883688,-0.196206537106445
-1.87766606026566,0.758667595219091,-1.02673738564447,-0.613799016525253,0.261460913894598
-0.918261095342036,-0.47144864033136,-0.669798370450652,-1.63164279072514,-0.328890265446918
-0.481541918056225,0.595245035685658,1.07937369800846,1.03530766631407,-0.608050025635201
0.958823101568078,-0.626397164131634,0.678703687729384,1.23413867170665,1.13578794995856
1.03761135131679,0.831153006840067,-0.986800109099644,0.556990075992576,0.476716245002706
0.750384526504995,0.750384526504995,0.949745198543092,-0.762511108537807,0.711506743751412
0.433029898298796,0.449214968078385,0.984650867459793,0.828994920879297,-1.47322984909077
-0.464213803863036,0.818840311046934,0.741521751964883,0.509355725071677,0.741521751964883
-0.370143727165039,1.02885818300733,0.591886851480303,-0.473705387355239,0.986418234622234
0.891771666170734,-0.124629913409629,0.545209118570316,0.891771666170734,0.208125203862968
-1.97567539910805,-1.76969896516549,-0.370946240271076,-0.972073632789486,-0.902822889885105
-19.9871385466626,0.808186753340514,1.00844938456235,-0.433191513306226,-0.00183090633407468
-0.602631781274498,0.474478454295224,1.07626371494926,0.827357540624442,0.749129982753562
0.53810631956666,-0.55804847041764,0.647251546042213,-1.59936565560695,0.346350185808401
-0.589706225145568,2.29037007058507e-23,0.511437011925728,0.901321239962834,1.02527856180659
-2.48411028513232,-0.886922285783971,-1.42595178183422,-1.45243031447214,-2.02675962858351
-1.42519704713654,-1.216380636488,-1.60280809070511,-1.77901351655804,-1.60790322237197
-1.63770320912065,0.153567617812494,-1.24234680000092,-0.49456670706992,-2.07572445120637
-0.490139396531145,-0.564102093695724,-1.42146112736112,-0.523099681207338,-0.915245954575676
0.375564228052239,0.943035409018878,-1.4288363632841,0.563351763681254,0.568972170029727
0.200988515547006,-0.45889344154924,-0.0521190461841941,0.164135665321463,0.17715021555374
-0.75984037661326,0.710956967638741,-0.0617677097580159,1.12270930164518,0.828111721190101
-6.65754780234242,-1.20669980674393e-08,-0.176538829763291,-8.69704308570363e-12,-0.594767617394053
-0.97932453727907,0.910358129109281,0.993325373290431,0.595733139864034,4.52050482079962e-22
-0.954707187906564,0.866330799494309,0.163158272120579,0.593280461911623,0.787494842871094
-1.91657790504746,0.117595755582756,-0.297717033798394,-0.0480259514655551,-1.31363901430788
0.259205537757394,0.947006396804808,0.906211851810897,0.866081795530411,-0.600412155014963
-1.16174715420285,-1.74888190583624,-0.135596106749187,-0.62893817265768,-0.305521354984246
0.221858786039042,-0.120640559828105,0.114534363688523,0.239885519975785,-0.347389012955704
0.552763157403808,0.904380379853431,-0.942172786424711,0.669560050851251,2.45097983599904e-24
0.913100438378786,-0.37891544790518,1.3342108948279,-0.616247158744469,0.79304497099607
0.581935939904938,-0.193572605160301,0.424429858467935,0.772487669826082,0.810835307487982
-0.36946090706382,0.944200056724886,-0.744061644954729,0.630306359180559,0.78505928994103
-2.11085558549481,-0.61611636448916,-2.39182508422532,-1.04407650503046,-1.47217612183885
0.592160012409477,0.669791118240357,0.864663591644626,0.211725256999956,-0.944087657857961
-1.93260699254924,0.0467359321394158,0.41331001003541,-1.91589429311521,0.381177153539693
-384.38387679733,3.3755206793765,2.61268678764507,1.67613328537384,3.87578326838607
-0.745709181023254,-0.127571654382323,-0.745709181023254,0.986166765250274,0.669327644623074
1.06874266222029,-0.278199079152856,-0.469592574190331,0.62886108522375,0.822221322410512
0.512864792043305,-1.13928259087076,-1.44789014242714,-1.54285898531006,0.0138375182038308
11.7931944944738,0.454689469426512,0.909270496878291,3.73269492968103,1.08954673530565
-1.69502230040027,-0.709106388921518,0.0707910480711962,0.738683787902548,-2.05510144202391
0.474928786675272,-0.964529360845582,1.03345572017096,0.74981119906359,0.212657604978653
-1.79673598832402,-1.86939558698007,-1.62562844492156,-0.947068047314774,-0.129202887564975
0.258585579878792,-0.596208150750885,0.904314342297389,0.98646324730346,0.708154896597836
0.697644773737072,-1.47103235996308,0.698905466964096,0.862042393116985,1.04201835402491
0.555408377912852,0.633821055925306,-0.762632674522909,0.868536034205941,1.03437579242987
0.749084073290913,-0.958807050846846,0.710277109741249,-0.0616702060319359,0.866959515745537
-1.63042386216072,-0.148755998333955,0.150820276992481,-0.590286725093597,-1.14821835546409
0.710817348784519,0.184692029888387,-0.47659826235706,0.49874605112431,0.6122318295318
-2.52841817160561,-0.856476492525363,-0.814912181412431,-2.07981824306381,-1.57791169584844
-1.31790543644442,-1.34974800116035,-0.403109721595109,-1.82210980860768,-2.56702194852343
-0.138271285649973,-1.51984239036503,0.238294638908178,-1.20623599506055,-0.00273180298204408
0.251268507975844,0.691325520304493,0.577689601219078,-0.443220665634888,0.691325520304493
-1.85026376356607,-0.117398809429594,-0.852446962496835,0.31016441229019,-1.77649249248856
0.0384858702054813,18.0460799500994,-0.433354177698653,-1.26906897450621,6.32732973199124
0.702869481437852,0.548518213172837,0.62607683636529,-0.581173513804596,0.818539460843698
0.781214802726816,0.627231380641518,0.54954566440316,-0.276642360358488,0.980438077953361
0.599159483527086,-0.220445396712397,-0.931706343900596,0.462128881173036,-1.94510360884259
-0.186808002131414,0.833373850317502,0.155357583594001,0.720675420623057,-0.186808002131414
-496.638960466045,0.581291051083619,0.692032407601237,-1.17994288092785,-2.8432191889435
-1.17491811659156,0.0404873957686246,0.266351052451718,0.441681225612185,-1.94590114548316
-1.48120554460225,-2.05504412572836,-1.40761680739931,-1.30154471213711,0.123600720740819
-2.18276403004601,-1.61958120626526,0.274262015027363,-0.0824970838713688,-1.65135274993542
-1.76062930138392,-0.818094547940544,-0.975816836056343,-0.3770719893565,-1.52472508654011
-1.06631620473552,-0.493212283722708,-0.309556192192208,-1.83158467036385,-0.671483950752489
-1.78348234398723,-0.806511610224969,0.356275047492702,-1.78654907402005,-0.433048030303685
-1.98986296842928,-1.59438722926523,-0.265006298698437,-1.70628609516858,-1.04634032880975
-0.472791251257948,0.944275104648313,1.11652544121455,-0.127472963732612,0.552323885035316
-1.97742214509909,-0.0905179474027261,-0.762409647613939,-2.14449327237325,-0.527009928214287
-1.5879825152572,-0.484360198792014,-0.490037950356667,0.0235558301811043,-0.663365731685282
-1.03682892113216,-0.114855208694054,-1.52987394762487,-0.799074227817933,-1.63286586332207
0.0585945563503023,0.837288641441792,0.679473433110498,-1.42284053202771,0.679473433110498
0.167623549262509,-0.552493118138246,-1.57819946412685,-1.8815684697761,-1.62265264904977
1.02798048505592,0.707581834514644,0.057292987494915,0.944175494279706,-0.472655669446807
0.896606855549557,-0.125781688470588,0.702360034306754,-0.46279685356218,0.817937292253903
-0.571798606475435,-0.634665268075532,0.802821842451219,0.274969391355723,-1.80908737679836
0.0556143338241499,0.0556143338241499,0.963810971620203,-0.351386063274884,0.76881443091767
-0.0847904994235467,-1.70819785609662,-0.335521387726373,0.0873716460398652,-0.791944879846602
-0.470950774772039,-0.279463330876837,-0.430129639706801,-0.648502427202965,-1.31197607887143
-6.35062244167335,1.52088293394876,0.909963858606657,1.04948888325547,15.003362781317
-2.00730222597021,-2.71470648769855,-2.30532682868084,-0.972235327982758,-2.35758009324312
0.627163941692388,-0.584553845505386,0.93922813443614,0.110533480080253,0.819976447832728
0.444452961069452,-0.810111951767802,-1.85086303345504,0.0974606919394202,-0.483588929989049
-6.37410287267492,-4.07076155843363,0.426780509615977,-0.00839125565689347,-0.250581425002186
-0.352022007051618,0.339756372666225,0.655727882500655,0.964604393444787,-0.267851715541842
-0.571979553377033,0.0563538145788518,0.385230480387279,0.932737267833533,0.775988806601194
-0.180777332607539,-1.59737841015676,-0.461417545737053,0.0931741374990697,-0.553054183755659
0.345004722108255,0.857999220101027,-0.464230597396806,-0.581902681605175,0.897633362345865
-1.15145885746503,0.449029336707797,-1.46775215879186,-0.231041299638358,0.521411273509991
0.740356968116569,0.428130230209617,-0.462172245921051,0.7788253833875,0.7788253833875
0.671773689020362,0.554624387374473,-0.961026597344609,0.632939673377065,0.827623892964128
-0.0360027967136176,13.8761168772308,0.497286769591476,1.87077138950924,0.0739873929368035
-0.911202411675525,-1.87489630538979,-1.54556810214313,-0.00380296555970597,0.169810170023629
-0.664534172699707,-1.42660163144868,-1.50646667112571,-0.579804218027657,-0.277097621051486
-0.664988469024572,-0.261084238719756,-1.3854769335354,-1.36919390545568,-0.763088612572036
-0.551528856248924,-0.255773777304469,-1.67564882303896,-1.92420224010644,-0.934287156900241
0.662502651924634,0.386977741349611,-0.443735255440256,0.307570328040448,-0.32565652788265
0.464054118564005,-1.66874410921701,-0.225958728608625,-1.6930791068099,0.0483055272439784
-1.87979808390955,0.0730927069959079,0.101508004835423,-1.68062553948681,-1.84376764669346
-0.757731131373375,0.241224508192519,-1.3453586260013,0.0249998726649288,0.320774607417325
0.554244742173549,-0.755574148895991,0.787820587557485,1.16790648539406,0.163244958016475
-1.3084673074605,0.00926958163013664,-1.48896927859545,-1.20750512205634,-1.03059652336798
-1.53036925818938,0.122504204573514,-0.237723074577205,-0.782641136029345,-1.61616492135993
-0.723298345994116,-1.47653649602765,-1.72998811576572,-0.94113744024844,-1.19617560628249
0.672292288705286,1.12296613672486,0.434037973941881,-0.760502545097481,0.749947750485982
-0.93968092853403,-1.15879814595534,-0.547162134764237,-0.916119671857302,-1.50751478134376
-1.9782375792776,0.0473110402096164,-0.113714230300944,0.340115755419507,-0.00375965432970407
-2.07193575473691,0.267838505582287,-1.67285706594574,-2.08573002236267,-0.626965880104384
-1.58101088952808,-0.312087310347743,-2.10987298320807,-1.83079969883637,-2.27936421826187
-1.79427973191959,0.172589044863361,-0.935118687684239,0.0415535709754858,-1.41399863522938
0.820628798345211,0.899631378765564,-0.58610275557604,-0.198053573207806,0.704636485665118
-0.55171594136032,-199.050862451719,-167.200404396974,-0.366020266929225,0.653719638814268
-1.33618730343304,-0.881098432219891,-0.634669311252885,-0.00270120020379754,0.198047049501161
0.517170248707537,-1.61190640517193,-0.264142044795956,-2.07848591123526,-0.836117515989176
-1.25540325771777,-0.69827047191751,-1.85869886395648,0.0189864344278159,0.418604588304905
0.73578919378559,0.930228611836374,0.0561481511999488,0.505295339763929,-0.454329753713284
0.303670036274641,0.549046971752921,-0.453994931787266,-0.135535513289432,0.328315093404206
-0.859183876533353,-1.12788624178373,-0.133383219764957,0.600608968601931,-0.199580925485979
-194.734020221711,0.115611620575637,0.810586457959368,-1.20316308963233,0.934246047291391
-0.379577649355667,1.22817482828056,0.997186481597131,-0.129933452971959,-1.0025587070397
-2.0846274475839,-1.13755972059947,-1.91706125720048,-0.584206823647869,-1.87399457798924
-0.758005715624209,-0.317730201754585,-0.842618525182412,-0.471518983904204,-1.77934884396075
0.836935092197779,-1.82560825328,-0.160167143484537,-0.706561450436529,0.658495093489601
-1.54202714679751,-0.214957743195123,-1.94803755747104,0.0203914804431028,-0.306988819285993
0.396988088394488,-0.0263555606041329,-2.03796352038132,-0.274083969869552,-1.96745777676075
-0.583127874648467,0.703574115680837,0.20992098160817,0.938506688601245,0.703574115680837
0.672467652272559,1.03396611414443,0.991193226180487,-6.07288212943227e-22,-0.761402791593362
-1.95516274271461,-1.83046685906193,-0.652352841551945,-0.559823204766965,-0.887929432295068
-4.09587751803045,1.11409948328685,0.700635011023067,-0.617082954341867,0.976218837302182
0.47359873754398,1.11915950770636,-0.750828350855563,0.747799594259437,0.390994200965159
0.888909265559613,0.464839970068054,-0.123951960624999,0.888909265559613,0.10893118297652
0.520950659092878,-1.42171786274603,0.600759908568425,1.09085155621269,0.877496763708017
-0.37395100029209,-1.86540604922577,-0.328110956621537,-1.94123386411563,0.124490539126686
1.00402464874304,-0.0630337189253681,0.798610719203681,0.521736846301283,-1.45053100300642
-1.74300786434434,-0.0618788040120627,-0.147829823515368,-1.11281411849743,-0.696012467065043
-1.32315469507495,-0.112245441833092,15.2771223383897,0.662514576082956,2.4907028536094
-0.678152576392056,0.0924811267128619,-1.32703505929959,-1.38661880833945,-1.89663109906965
-1.59435516778115,-1.19176543474106,-1.26086830774519,-1.21619200242658,-0.63870317849328
0.826358117449568,-0.600110337269073,1.03104477606594,0.163069060965649,0.865954430625089
-1.14867378614993,0.469445197065671,0.709119553644612,0.271939168231365,-1.75413969727503
-1.52353343653416,-1.85533659835995,-0.274786206385547,0.268979025396315,-5.57677895766958
-204.371583066628,0.235001814622182,0.185541095127374,-1.16363885276244,-230.309754378071
0.516669458813529,0.0579153636918038,1.22301342595787,0.993668806350111,-0.769448141053865
-0.506182455727058,0.569628204972111,0.445773140943994,-60.4648503845094,-0.664956660628629
2.29975409506015,-10.731687524659,2.03930258436857,2.17096781401442,1.33954806083401
0.184678401315699,-0.546438581904151,0.606510261142282,0.24727245935574,0.661794086179566
-2.1359505503208,-2.00318693031021,-0.837803399887152,-1.27027988721869,-2.05349901853277
-5.20751952951663,-0.93596649913345,0.805083253187988,0.747386627302204,0.835333496006099
-1.42569199150281,-0.90558247050359,-0.842660339341918,-1.97153780216949,-2.20301083258391
-0.162299064150548,0.117974090662921,-1.69361357509343,-1.03869228423086,0.0251401509198435
-0.051579016963908,-0.0744981512547024,-1.0279418209589,-2.2010893916048,-2.049913948666
-8.38017076807802,-0.0428236461837583,0.295663703262321,-2.2675446849077,0.451425337917696
0.568707451407849,-2.33047072510794,-8.95183087653876,-3.01054241544443,-2.97328964702996
-2.64344832679428,-2.5113535982171,-6.2209689117084,1.70923380940546,0.162625670451964
-0.603396045469311,0.593953713758007,0.990125092707624,0.827658588225655,-0.757997819927791
-271.830214083291,0.653125826721869,-1.25276296846341,0.773318505595978,-0.682620475954977
0.706130483790855,0.590203163266,0.744699670654114,-0.590345324603357,0.861755165096779
0.00246761934365986,-1.72302142605681,-1.45687438010604,-0.935488041523962,-1.75751799549888
1.20781642062462,18.7215378179685,0.555943838330462,-19.7645593317527,-1.62296042619877
-0.978908329495421,0.476097691240144,1.03617144696103,0.910294986085362,0.164010475517559
1.5132257018293,0.514227015009136,1.59613588130113,-27.1612901640113,2.31372396863084
-1.87462358057076,-2.20485686907512,0.0573684597337467,-1.30001326373978,-0.511106056559752
-0.765835159912697,0.82956579744634,0.475780887931336,0.673322800312153,1.12501485091573
17.4365422575256,0.87943368227125,11.9733246902382,-1.44416607002928,-0.00887799942788325
-0.405465108105912,-0.135966857741315,-0.405465108105912,-11.4230094437527,-112.823162738034
0.112799658373647,-1.42662574944992,-0.139854541088068,-1.53258329274598,-0.684356715326645
0.564916443355155,-114.987514372446,-53.3483982034188,-0.222295169651269,-0.684139348545456
-0.981109571623712,0.870239250736904,0.751843564427437,0.751843564427437,0.556484776300665
0.74713135135446,-0.597016691906706,0.057391869656771,0.904681568769856,0.986879826716336
-0.479977374198129,-1.79657056264466,-0.410361624897882,0.393326439889964,0.303337642726143
-1.46971547417746,-1.19338675418595,0.130198392038757,0.627481454596344,-0.878174738225083
0.922562793856423,0.642981053787409,-0.132107743446588,-1.5152385246302,1.19202096010607
1.47795552081685,1.64756290161236,-19.3499029275921,2.5043523153383,2.10599635831566
-2.15568660942803,-0.803290995537373,-0.661333647441233,0.268468706747998,-1.85793961849344
-0.405465108105912,-0.405465108105912,0.895879734612161,-17.9949187383707,0.980829253009598
0.725271132247399,0.877276745438918,-0.12122634840853,0.15663648234057,0.249712228220838
0.830061960063408,0.751543141823574,0.910248448004048,-0.609578325909192,0.951302905056859
-1.29220534201408,0.374470668892078,-0.804902351668086,0.173129077074458,-1.70966220476867
-1.86475509956457,-0.606891214681163,-1.21409824645892,0.635753149522462,-0.552517287165001
-0.331256264565399,-1.46190656765585,-1.97156428886365,-2.10981592605535,-1.5272719735055
-0.101343770901754,-1.79635647475152,-2.02880262389306,-2.21748117395836,0.0100627283663809
0.752298859060491,0.752298859060491,0.911203311986741,-0.984949207720508,0.556826754037769
-1.86956894348565,-1.63981697850243,-1.89929767154072,-1.37724931810495,-1.2938255428702
-0.0668665762628216,-0.164003696165927,-1.99589819673344,-1.32201376469239,-0.415224869265471
-0.883410033180135,-0.522173775746426,-328.209108909466,-66.4132058092954,-17.6248611150096
0.636112742812648,0.792330286061304,-0.992034062988917,0.831834672734085,0.831834672734085
0.65110904499547,-1.25463644707218,-253.534250213687,0.651094787149612,0.570658716256237
-0.998713821230688,0.597530692230998,0.913208976711253,0.675811450351402,0.954455688475784
0.78665024815629,0.865382718872128,1.11908314837918,4.13081208653218e-22,-0.475447861748864
0.824891149685373,0.824891149685373,-0.280143570521716,1.11761926249355,-0.280143570521716
-0.521269698970352,0.81106005868122,0.892944146752013,0.268506845913705,-5.53894993323825
0.36415422963265,0.516601993853924,-1.36348957349613,0.221670862186887,0.634086412018928
0.963370986104033,0.963370986104033,0.264208641353585,0.681706541647284,-1.49110721170559
-0.631127536795568,-0.378846792721067,-0.95489677533711,0.0202215987392348,-1.84537300368522
-0.556465162731811,-1.8579915887472,-1.19012083912401,-0.211210403878604,-1.89572953307681
-1.6538628472362,-8.80779869338033,-26.0693588802421,-6.10505133997611,-2.21301418966958
-0.350975927462571,-0.65330732630702,0.334799342561727,-1.04744300401993,-1.65779625385599
-0.502788875258476,-2.11181412584848,-0.623207890669612,-0.768486913201937,-1.65880887413622
-2.42448434126193,-1.39505383598757,0.220010264117324,0.161483105259724,-1.9705665517219
0.899753313827776,0.549997633286654,-0.198103842946138,-0.731243119523901,0.781849523594609
-0.769164418219985,-1.53890642770338,-1.773589277777,0.528488474563895,0.252391485020459
-1.53021226435134,0.430801963090467,-1.43786640149674,-0.0344926109787215,-1.16437055845672
0.599391787969747,0.247066018940743,0.053049885945123,-1.52800732255265,-2.00158193914446
0.81958868608841,-0.465394299467991,0.780764070092177,-0.0607417031222611,0.898462327544509
-0.0625780353013457,-0.866241474857842,-1.82915752064399,0.686562708258025,0.0972240708945408
-0.0495814486449921,0.444164453770493,-0.232089403835075,-0.654539718433236,-1.79242307322564
-278.501152800073,-0.751238020916417,0.680582032805187,11.8500777030218,-164.293594934945
0.358188555072808,-9.99797184321547,1.05483673242792,-2.75114604340523,-2.18117683681362
-0.323725841949384,0.061023232345919,-1.5800694196784,-0.776192842044759,-0.490317254891306
1.1227746414503,-0.373904046960485,0.259821288286326,0.908097729346505,0.908097729346505
-0.364757359375164,-0.364757359375164,0.939010126763719,0.980092326082306,0.470008084993164
-1.31752422433253,-0.963630947925664,-0.794159340842381,-1.46561212517021,-2.28535507441661
-0.453693035766982,0.929726426801772,0.544115303408839,0.697341397916428,2.66671358998762e-25
-1.63514004935642,-1.12979179747724,0.382765777486697,0.41530201265148,0.657583386584393
0.850657382043505,-0.523626896493613,0.930413413942812,-0.674240022084503,-55.2465336867705
-0.0558667680766858,0.511889230923344,0.312457389685072,-2.8611236992296,0.541624136021708
-1.29350421397955,-1.68987781179336,-1.27657241600935,-0.322498235250226,-2.09544926621716
-0.984344427903541,0.47652547934709,0.635355532105545,0.674330113905333,1.08137111160637
-61507179.3660311,-786843.402604752,-21.6410077061642,-413551.245218455,0.481653426185546
0.822132482901053,1.0824771983133,-1.46084036686206,0.816702494902798,0.659844120231429
0.478309188537733,-0.239560963649003,-0.996318106761732,-1.87527790208241,0.54643588005983
0.368434399416609,-1.02924115589611,-2.13629885094789,-1.45099304172851,-0.823190025369156
0.869481556772529,0.751206303081441,-0.975814320693144,0.790300440005946,0.39293080455368
-0.132512778720983,-0.642379148185176,-0.604129716515254,-1.85492291115267,0.114117165501916
-0.691429750902862,0.332745213176788,-1.99766252543286,0.550300364474989,-1.14682263952279
-1.03228877823657,-2.01695659799856,-0.100421113762214,-1.08539634032019,-0.272699796181037
0.896149499496669,0.547838349433691,-0.362342297997807,0.702015523981088,0.663705692438679
-2.1969929972561,-1.47816892523772,-1.85483081545578,-1.18324377634194,-1.22662590346508
0.665000543389069,0.0568052220657994,0.587884056514133,0.587884056514133,-0.906636954953723
0.73587756987214,0.544466660474693,-0.194340213477939,0.384207344591521,0.930346214379241
-0.575175633487897,0.168725176326553,-0.146104308705512,-1.53998422000495,-0.313197488565016
0.740613864284094,0.779096954733854,-0.462621024344011,0.508713056748965,0.740613864284094
-0.00509947558736277,-0.15754275209613,-2.24449440507569,-1.04840704667888,0.0353664029966747
-0.359235701906797,0.426499839433012,0.623080414933723,0.58461962430836,0.973470135459705
1.03446922577397,1.07847325014671,0.555454120117265,-0.762913872771454,0.0577607183790552
-1.80469883185045,-0.0816917249979046,0.650456962565364,-1.16009343041575,0.40038524652122
1.00532017280331,1.14589449686025,-1.06570684738308,-2.29376542820271,0.641024052093104
0.643355164946839,-1.5297216847656,0.881992744315875,1.19289658942841,0.523605241808652
-0.19005459008246,-0.46987939660257,-0.344834839661706,-1.56366248225243,-1.59991014245873
-1.86673017568349,-1.87561439117206,0.509909149320848,-0.794089431661757,-1.04306444863323
0.826713033684283,0.593280401942251,0.709776524527927,-0.754191023228054,0.866330710223528
-0.887258336338927,-0.555804489405431,-1.60233958536227,-0.165886915188848,-0.96956269768085
0.0361740179772481,-1.67327425395878,-1.92625508143109,0.197891385037691,-1.72134541233012
-1.2460182488708,-0.00201549985616256,0.878103243325552,0.878200971493746,-0.0645030822500183
0.225765437029521,0.843244367786841,1.1565693851763,-0.798035163992034,-11.2595334137154
-0.141877711965811,0.672675658905279,0.121362854208285,0.484040096742944,-4.54776508423182
-16.7046552544034,-0.794724689689543,-18.5112322603855,-3.37338539538256,-9.25359590994686
-0.19112121167128,0.421406691226618,0.616089285738662,0.461445896833211,0.882513311022137
-0.147536736757079,0.352135449485681,-1.21902155813641,-60.2055437157224,-3.06241112833286
0.596204040486546,0.994173685318657,-0.984286237703568,0.870687682071152,0.393507171481352
-2.07316365204083,0.088740534332319,-1.99725289825842,0.264586911507896,0.0841670415867575
-0.202872648361155,-0.0904655360739508,-0.186141723692058,-0.0630656763815109,-2.33722260468997
-1.96583429373459,0.0513255137377876,-2.09660436217837,-0.650186044378206,0.125048476111639
-1.85169555452025,-0.811840772147766,-0.433602638279778,-0.913106398125416,-0.72557278815747
-0.400637316345236,0.886055657346485,-3.86386609522738,-0.524818216204512,-2.9149550137049
0.617839027400595,0.0556844992317576,0.885092609215686,-0.35211675765191,0.617839027400595
0.829095002919297,0.475503318194417,0.34976070832862,0.991962739250878,-0.971512341124506
0.596425975772266,-0.716087911125975,-1.87511507503707,-1.94727585032442,0.187882374160356
-1.54763196758077,0.134393517742464,-0.13388496999481,-0.0139717190662831,-1.35952994583281
0.531838244354958,-1.99305373597072,-1.3957588414389,-0.355851950921448,-1.94169721847686
-143.798071748425,-0.396693451768636,0.645631418415619,0.441205542370244,-0.67665108127604
0.152487629905636,-0.241872509222993,-0.530375065855529,-1.21803392054593,-1.65375286238229
0.255397596428003,0.700829455822236,0.816128705112116,-0.360860001293621,0.855116220131966
0.945383143913973,0.86464494902839,0.86464494902839,-0.127724787462247,-0.597026852310058
-0.682620475954978,-0.52802633712107,-13.8352895867553,0.773318505595979,0.854533876689717
1.08594228174112,-1.7584260062992,-4.66218444354242,-0.272243608517316,0.522594950309068
-1.82803007000163,-0.340689471801484,-0.71310746366317,-0.0716284972843973,-1.16447357681501
0.0788424451325768,-2.16253104443983,-1.77396698195029,0.219321092156026,-0.834422768777728
-0.155886153660404,-1.68865612364492,-0.460142184747394,-1.07531646724463,-0.571283199882201
-1.74388591522482,-8.43672506321407,0.154522630131914,0.438955956668195,-1.45715176937318
-1.39080086416194,-1.18026433794502,-0.897816794053436,-0.698565258786231,-0.847475815097208
-2.1380688446215,-2.2729250612493,-1.53819897951882,-0.931427909901563,-1.95757143209588
0.609690210367122,-0.669661185928095,-152.293041916289,-0.135652432687289,0.689536593282137
-2.16368244391699,-0.0270204222162224,-1.9680122032888,-1.90301731824511,-0.427751479899037
-320.858692256656,0.893191246786677,-0.27001664074436,0.403524883198619,-280.736929336148
0.14169442041205,0.0281281487642201,-1.14722758324186,-0.231204851577337,-1.75637673731519
0.86071484217839,0.210559687802457,0.628251214525998,-0.58798017348969,0.940946571902226
0.706002340194826,0.706002340194826,0.783273807479191,-0.469630005607812,0.822244593468611
0.301792874010997,-0.584115343102602,0.819791071556011,0.858995027161324,0.665515157636812
0.0540179871397305,-0.0346379900148183,-0.111094349585036,-1.03932601768756,-1.76625362461793
-0.530438549744757,-2.01326862038698,0.455963148041027,0.636126455482031,-2.05498375043316
0.786126550612031,0.669890085387554,-0.748455840168429,1.02955058891261,0.111488516694402
-101.572614325777,-1.44864121724451,0.265700381570951,-271.433594832558,0.527945395972979
-2.11459345682566,0.100780076292804,-1.32247732320571,-0.0390534662371356,-2.12643079828336
0.592803584717282,-0.117519111753592,-3.02353512035426,0.928000173136407,0.546681151015324
-1.07579911634825,-1.23910148568423,-0.638491602686542,-1.53023489588535,-1.49010717831371
0.556843978790582,0.791480971890818,0.911232295254567,0.713338259816228,-0.985143884959327
-0.486761239987268,-0.451215394692292,-1.47862134372623,0.57812424184101,0.171132604631294
-1.5489403106906,-0.0928289440804998,-0.0772154174136475,-0.54862525097382,-0.401311588761775
0.3910074422838,1.03040957965902,-0.598945748629581,0.432730227802342,1.03040957965902
-0.950402057876175,-0.0407606890321539,-1.89510871620706,-0.749865700735954,-0.223173553542447
0.0558372677918835,0.732934592656313,0.847828601512208,0.694996196049611,-0.0595127031534994
0.118201027997276,0.35554215096903,-0.536994366665488,-1.39934482512487,-1.02618864772536
-1.72935698444569,-1.64968246375249,-1.59030719421699,0.039771672714148,-0.409006599860655
0.703241369319575,0.256446763234711,0.897777310551672,0.509443538988528,-0.724828364690145
-2.05621121623591,-2.02884654757481,-1.47166297850587,-0.533902707063482,-0.918230840227993
-0.197292380786081,-0.0846910701364198,-0.815669260211251,-1.91131315490323,-1.27434863362911
-1.30870064745405,0.469444581760913,-0.546786877191591,-0.372472223553885,-0.438907086746903
-1.58574155632977,-1.51183322421669,-1.79588246796176,0.253330508828105,-0.297997386504361
0.130660294048774,-1.83701160002832,0.345112298139986,-0.292991109821521,-1.3979939891318
0.0639339290549061,-0.414968856425493,0.431498437816416,-0.0410075810045036,-6.31694629181207
-0.00540461916277194,-0.217094833252003,0.141779894831132,-1.94504593591071,-1.33468399343477
-0.319608653831641,-1.64346152627568,0.150215068613203,-1.53755371622516,-2.05773743638322
-0.791530766958014,0.566446143621411,0.616499950224136,-0.805124848027428,-1.63083994864045
-3.89618964904134,-17.3724555192733,0.0360461439934197,-8.14485861939032,0.683307291248758
-0.546231941025424,-2.13027474076165,-0.868464405164567,-0.259456831769542,-1.92138716464745
-0.45356459469665,-0.270867964916694,0.697269207184059,0.889858108533555,0.544057778170633
0.780084122031574,0.256406341806341,-0.724432373736212,0.937905690216136,0.256406341806341
-5.22344617771435,0.305886111477777,0.0528125897151728,-1.90188293842386,-0.502498621720926
0.691107337193034,-5.15857805813117e-27,0.421012482423112,0.691107337193034,0.653381257744957
-0.930780392944632,0.431190178542573,0.745321926317059,-0.0611620480563393,0.823092772487144
0.0904581342705391,-1.83280804691309,0.140718528149161,-0.91715056916627,-1.04601966824182
-0.591921073854208,0.745279686390293,0.862443190836716,0.823045486316378,0.471931612369426
0.952089926814738,-0.202791069811248,0.952089926814738,-0.983504066533644,0.635271621817527
0.781926496505932,-0.126557646164878,1.06669594996017,0.429938371342136,0.666337172604817
-2.04673569889587,-1.66874559971153,0.042138589650837,-1.29436738399856,-1.76741677804866
0.546242431209052,1.14774396758642,0.50702673693343,-0.125038489767046,-0.3598435968911
-0.130178578427379,1.13216522411311,-1.00973407191235,0.874120095943865,0.874120095943865
-1.95245446559139,-0.317975634952859,-1.4841617243289,-0.212006673528855,-1.42108770836239
-0.061526543862447,1.07444403273929,0.865699291986375,-0.475940222741971,0.865699291986375
-0.942431064742625,-1.67862879454284,-0.0278365476619556,-0.22690323096695,-1.97312173054028
-1.67839250291015,-1.02363197819554,-0.323524249930753,-1.9297374449477,-1.89601753937951
-25.7594603728785,-0.223909604796248,-0.878936211072007,0.397231449978526,-81.1496244207066
-1.29648520815179e-21,0.751987286712596,-0.982316473029404,0.870410158575274,0.951900378462311
0.625075400231164,0.0566159439519419,-0.196479337798497,1.1055780381007,0.701750020766598
0.0301760527787348,-1.71622668400427,-1.97735189929956,0.0961946183330815,-1.57368770861765
-2.08916675509704,0.273166658349937,0.200829339653934,-1.14831838909375,0.470405886949311
-1.46543187228678,-0.654082701247856,-0.0376786172183472,0.55380877175983,-5.20192729159271
-2.46889576015952,-0.322703790933183,-2.1849090468803,0.407005244406368,-14.8872457581924
-0.0434303122560538,-12.7105692008748,-8.16627924765611,-5.29886793389008,-0.0109163107253476
0.773318505595979,-0.0526802578400511,-1.25276296846341,0.612975855521122,-33.5968987292054
-0.405465108105912,0.116807425590432,0.854533876689717,0.0603139938941318,-92.6207562039294
-0.223741107932208,-1.69086127384305,-0.712605009900996,-1.19680088511852,-0.305306284517023
0.707480779671705,-2.42047136653211,-2.46063938355992,0.901418671414588,0.846542009101879
0.151233220588237,-0.134482974230748,-1.77412731759629,-1.64381219718928,-1.15303440889762
-0.409511122258934,-0.579293946285509,-1.81447106116308,-0.281330264950379,-1.36900039310056
-1.87634110321504,-0.985721446855497,-1.83372104232867,-0.624309300626929,-0.299609191395843
-1.03041813817525,-1.38815682206789,0.142505346422014,-0.29628954858079,-1.24574606209247
0.782095760591887,0.820997845493488,-0.586983029615412,0.110717795725858,0.86027348848965
0.703506148288406,0.703506148288406,0.819292135986847,-0.364219793022758,0.703506148288406
-1.19115631292374,0.572014955394182,0.0262013043032966,-0.603334472380118,-1.91404036054225
-1.73490830731212,-1.20462456092291,-0.39491676677068,0.47752926502191,0.452925820837417
-1.70129456600582,-0.98482902348216,0.0271474942074132,-2.17363273804569,-0.320274877673216
-0.436019325610356,-1.28911965899529,0.127562966520231,0.840787178615406,-1.37023500357958
-1.89402023354234,-1.0658240073209,-1.78831338183735,-1.50342719526141,-0.677922132714425
-0.370409034852413,-1.30543849087317,0.652963433981386,-0.126341493228444,-0.0621712143325713
-1.96379682063619,0.721319451277218,-4.07806297629745,-0.0430903859756544,0.0817707226599265
1.52380367919396,2.96038547123823,1.15600687051138,2.20572932050312,-7.0533427805153
0.811870961819704,0.624966678020174,-1.799064302516,0.92306514205943,-2.35794984602158
-0.831861336192469,-0.454313377481552,-1.54161022675014,-1.7682632140362,0.0429679540877493
-7.39853586915638,0.153085829168848,0.308098128877885,-3.63784671460282,-0.0871550337363365
-1.67030055844148,0.776953899634115,0.889240176500428,-1.81389050068893,0.308545949213919
-0.981973958099638,1.0367349781631,0.870361722443478,0.164113810499285,0.595985539029456
0.800601276115878,-1.5048087331157,1.00674436426349,0.760935238718032,0.563305419537987
0.548808879631205,-0.464419725694909,0.938027318707618,0.818971113288847,0.428920488513939
-0.911734451455988,-1.68333608332609,-0.338697147790288,-0.171454788863399,-1.58227614030082
